{
  "precision": [
    0.16,
    0.16216216216216217,
    0.1643835616438356,
    0.16666666666666666,
    0.16901408450704225,
    0.17142857142857143,
    0.17391304347826086,
    0.17647058823529413,
    0.1791044776119403,
    0.18181818181818182,
    0.18461538461538463,
    0.1875,
    0.19047619047619047,
    0.1935483870967742,
    0.19672131147540983,
    0.2,
    0.2033898305084746,
    0.20689655172413793,
    0.21052631578947367,
    0.21428571428571427,
    0.21818181818181817,
    0.2222222222222222,
    0.22641509433962265,
    0.23076923076923078,
    0.23529411764705882,
    0.24,
    0.24489795918367346,
    0.25,
    0.2553191489361702,
    0.2608695652173913,
    0.26666666666666666,
    0.2727272727272727,
    0.27906976744186046,
    0.2857142857142857,
    0.2926829268292683,
    0.3,
    0.3076923076923077,
    0.3157894736842105,
    0.32432432432432434,
    0.3333333333333333,
    0.34285714285714286,
    0.35294117647058826,
    0.36363636363636365,
    0.375,
    0.3870967741935484,
    0.4,
    0.41379310344827586,
    0.42857142857142855,
    0.4444444444444444,
    0.46153846153846156,
    0.44,
    0.4583333333333333,
    0.4782608695652174,
    0.5,
    0.47619047619047616,
    0.5,
    0.5263157894736842,
    0.5555555555555556,
    0.5882352941176471,
    0.625,
    0.6666666666666666,
    0.7142857142857143,
    0.7692307692307693,
    0.8333333333333334,
    0.8181818181818182,
    0.8,
    0.8888888888888888,
    0.875,
    1.0,
    1.0,
    1.0,
    1.0,
    1.0,
    1.0,
    1.0,
    1.0
  ],
  "recall": [
    1.0,
    1.0,
    1.0,
    1.0,
    1.0,
    1.0,
    1.0,
    1.0,
    1.0,
    1.0,
    1.0,
    1.0,
    1.0,
    1.0,
    1.0,
    1.0,
    1.0,
    1.0,
    1.0,
    1.0,
    1.0,
    1.0,
    1.0,
    1.0,
    1.0,
    1.0,
    1.0,
    1.0,
    1.0,
    1.0,
    1.0,
    1.0,
    1.0,
    1.0,
    1.0,
    1.0,
    1.0,
    1.0,
    1.0,
    1.0,
    1.0,
    1.0,
    1.0,
    1.0,
    1.0,
    1.0,
    1.0,
    1.0,
    1.0,
    1.0,
    0.9166666666666666,
    0.9166666666666666,
    0.9166666666666666,
    0.9166666666666666,
    0.8333333333333334,
    0.8333333333333334,
    0.8333333333333334,
    0.8333333333333334,
    0.8333333333333334,
    0.8333333333333334,
    0.8333333333333334,
    0.8333333333333334,
    0.8333333333333334,
    0.8333333333333334,
    0.75,
    0.6666666666666666,
    0.6666666666666666,
    0.5833333333333334,
    0.5833333333333334,
    0.5,
    0.4166666666666667,
    0.3333333333333333,
    0.25,
    0.16666666666666666,
    0.08333333333333333,
    0.0
  ],
  "thresholds": [
    0.003695929888635874,
    0.0041222358122467995,
    0.004151287022978067,
    0.00586782768368721,
    0.006209319923073053,
    0.006851768586784601,
    0.006959252525120974,
    0.00818061362951994,
    0.008357378654181957,
    0.008440609090030193,
    0.008610878139734268,
    0.00944873783737421,
    0.010191544890403748,
    0.010321009904146194,
    0.011468462646007538,
    0.013353200629353523,
    0.014196256175637245,
    0.014430345967411995,
    0.015632089227437973,
    0.016352064907550812,
    0.016773885115981102,
    0.017045844346284866,
    0.01772264763712883,
    0.019453613087534904,
    0.022066257894039154,
    0.02641647309064865,
    0.02946469746530056,
    0.02947845496237278,
    0.03325391560792923,
    0.03343145549297333,
    0.03344793990254402,
    0.033499397337436676,
    0.03811460733413696,
    0.03856186196208,
    0.03891177847981453,
    0.040095213800668716,
    0.04168437048792839,
    0.04242239147424698,
    0.04567451775074005,
    0.05051855370402336,
    0.057200606912374496,
    0.057872068136930466,
    0.06753072887659073,
    0.0675533264875412,
    0.06866104900836945,
    0.07400568574666977,
    0.08179031312465668,
    0.08329669386148453,
    0.09243347495794296,
    0.0986085832118988,
    0.1293087899684906,
    0.13069552183151245,
    0.1311836689710617,
    0.16818471252918243,
    0.18205684423446655,
    0.18578404188156128,
    0.2027067393064499,
    0.20854692161083221,
    0.20863904058933258,
    0.23799888789653778,
    0.2522338032722473,
    0.2837507426738739,
    0.28901100158691406,
    0.3305242359638214,
    0.43920281529426575,
    0.4464503824710846,
    0.4751768112182617,
    0.47933652997016907,
    0.7530888319015503,
    0.8316492438316345,
    0.9384814500808716,
    0.9680504202842712,
    0.991460919380188,
    0.9945242404937744,
    0.9965544939041138
  ]
}