{
  "y_true": [
    0,
    0,
    0,
    0,
    0,
    0,
    0,
    0,
    0,
    0,
    0,
    0,
    0,
    0,
    0,
    0,
    0,
    0,
    0,
    0,
    0,
    0,
    0,
    0,
    0,
    0,
    0,
    0,
    0,
    0,
    0,
    0,
    0,
    0,
    0,
    0,
    0,
    0,
    0,
    0,
    0,
    0,
    0,
    0,
    0,
    0,
    0,
    0,
    0,
    0,
    0,
    0,
    0,
    0,
    0,
    0,
    0,
    0,
    0,
    0,
    0,
    0,
    0,
    1,
    1,
    1,
    1,
    1,
    1,
    1,
    1,
    1,
    1,
    1,
    1
  ],
  "y_pred": [
    0,
    0,
    0,
    0,
    0,
    0,
    0,
    0,
    0,
    0,
    0,
    0,
    0,
    0,
    0,
    0,
    0,
    0,
    0,
    0,
    0,
    0,
    0,
    0,
    0,
    0,
    0,
    0,
    0,
    0,
    0,
    0,
    0,
    0,
    0,
    0,
    0,
    0,
    0,
    0,
    0,
    0,
    0,
    0,
    0,
    0,
    0,
    0,
    0,
    0,
    0,
    0,
    0,
    0,
    0,
    0,
    0,
    0,
    0,
    0,
    0,
    0,
    0,
    1,
    1,
    1,
    1,
    1,
    0,
    0,
    0,
    0,
    0,
    1,
    1
  ],
  "y_prob": [
    0.08179031312465668,
    0.05051855370402336,
    0.4464503824710846,
    0.18205684423446655,
    0.47933652997016907,
    0.014430345967411995,
    0.006851768586784601,
    0.02946469746530056,
    0.09243347495794296,
    0.06753072887659073,
    0.019453613087534904,
    0.04567451775074005,
    0.011468462646007538,
    0.008610878139734268,
    0.010321009904146194,
    0.014196256175637245,
    0.057872068136930466,
    0.2027067393064499,
    0.07400568574666977,
    0.03325391560792923,
    0.03344793990254402,
    0.013353200629353523,
    0.1311836689710617,
    0.010191544890403748,
    0.017045844346284866,
    0.03891177847981453,
    0.015632089227437973,
    0.06866104900836945,
    0.02947845496237278,
    0.016773885115981102,
    0.006959252525120974,
    0.02641647309064865,
    0.00818061362951994,
    0.23799888789653778,
    0.20863904058933258,
    0.20854692161083221,
    0.033499397337436676,
    0.28901100158691406,
    0.040095213800668716,
    0.03856186196208,
    0.03811460733413696,
    0.022066257894039154,
    0.0675533264875412,
    0.2837507426738739,
    0.04168437048792839,
    0.057200606912374496,
    0.01772264763712883,
    0.004151287022978067,
    0.04242239147424698,
    0.00944873783737421,
    0.2522338032722473,
    0.003695929888635874,
    0.00586782768368721,
    0.03343145549297333,
    0.0041222358122467995,
    0.008357378654181957,
    0.18578404188156128,
    0.13069552183151245,
    0.08329669386148453,
    0.008440609090030193,
    0.016352064907550812,
    0.006209319923073053,
    0.1293087899684906,
    0.9965544939041138,
    0.7530888319015503,
    0.9680504202842712,
    0.991460919380188,
    0.9945242404937744,
    0.4751768112182617,
    0.16818471252918243,
    0.3305242359638214,
    0.43920281529426575,
    0.0986085832118988,
    0.8316492438316345,
    0.9384814500808716
  ]
}