{
  "accuracy": 0.9333333333333333,
  "balanced_accuracy": 0.7916666666666667,
  "precision": 1.0,
  "recall": 0.5833333333333334,
  "f1": 0.7368421052631579,
  "roc_auc": 0.9021164021164021,
  "pr_auc": 0.827991452991453,
  "class_distribution": {
    "0": 63,
    "1": 12
  },
  "per_class_precision_recall": {
    "class_0": {
      "precision": 0.9264705882352942,
      "recall": 1.0
    },
    "class_1": {
      "precision": 1.0,
      "recall": 0.5833333333333334
    }
  },
  "confusion_matrix": {
    "tn": 63,
    "fp": 0,
    "fn": 5,
    "tp": 7
  },
  "confusion_matrix_normalized": {
    "tn": 1.0,
    "fp": 0.0,
    "fn": 0.4166666666666667,
    "tp": 0.5833333333333334
  },
  "threshold": 0.3,
  "n_samples": 75,
  "mean_probability": 0.11273333430290222,
  "pr_curve": {
    "precision": [
      0.16,
      0.17647058823529413,
      0.18181818181818182,
      0.2037037037037037,
      0.22,
      0.24444444444444444,
      0.2682926829268293,
      0.275,
      0.3055555555555556,
      0.3142857142857143,
      0.3235294117647059,
      0.3333333333333333,
      0.36666666666666664,
      0.3448275862068966,
      0.35714285714285715,
      0.37037037037037035,
      0.4,
      0.4166666666666667,
      0.43478260869565216,
      0.5,
      0.5263157894736842,
      0.5555555555555556,
      0.5882352941176471,
      0.625,
      0.6666666666666666,
      0.7692307692307693,
      0.8181818181818182,
      0.8,
      0.7777777777777778,
      0.875,
      1.0,
      1.0,
      1.0,
      1.0,
      1.0,
      1.0,
      1.0
    ],
    "recall": [
      1.0,
      1.0,
      1.0,
      0.9166666666666666,
      0.9166666666666666,
      0.9166666666666666,
      0.9166666666666666,
      0.9166666666666666,
      0.9166666666666666,
      0.9166666666666666,
      0.9166666666666666,
      0.9166666666666666,
      0.9166666666666666,
      0.8333333333333334,
      0.8333333333333334,
      0.8333333333333334,
      0.8333333333333334,
      0.8333333333333334,
      0.8333333333333334,
      0.8333333333333334,
      0.8333333333333334,
      0.8333333333333334,
      0.8333333333333334,
      0.8333333333333334,
      0.8333333333333334,
      0.8333333333333334,
      0.75,
      0.6666666666666666,
      0.5833333333333334,
      0.5833333333333334,
      0.5833333333333334,
      0.5,
      0.4166666666666667,
      0.3333333333333333,
      0.25,
      0.08333333333333333,
      0.0
    ],
    "thresholds": [
      0.0,
      0.004999999888241291,
      0.009999999776482582,
      0.014999999664723873,
      0.019999999552965164,
      0.02500000037252903,
      0.029999999329447746,
      0.03500000014901161,
      0.05000000074505806,
      0.054999999701976776,
      0.05999999865889549,
      0.06499999761581421,
      0.07000000029802322,
      0.07500000298023224,
      0.08500000089406967,
      0.10999999940395355,
      0.11500000208616257,
      0.14499999582767487,
      0.1550000011920929,
      0.16500000655651093,
      0.17000000178813934,
      0.17499999701976776,
      0.18000000715255737,
      0.1850000023841858,
      0.19499999284744263,
      0.2150000035762787,
      0.25,
      0.25999999046325684,
      0.26499998569488525,
      0.2849999964237213,
      0.36000001430511475,
      0.38499999046325684,
      0.4000000059604645,
      0.5400000214576721,
      0.5450000166893005,
      0.8299999833106995
    ]
  }
}