{
  "y_true": [
    0,
    0,
    0,
    0,
    0,
    0,
    0,
    0,
    0,
    0,
    0,
    0,
    0,
    0,
    0,
    0,
    0,
    0,
    0,
    0,
    0,
    0,
    0,
    0,
    0,
    0,
    0,
    0,
    0,
    0,
    0,
    0,
    0,
    0,
    0,
    0,
    0,
    0,
    0,
    0,
    0,
    0,
    0,
    0,
    0,
    0,
    0,
    0,
    0,
    0,
    0,
    0,
    0,
    0,
    0,
    0,
    0,
    0,
    0,
    0,
    0,
    0,
    0,
    1,
    1,
    1,
    1,
    1,
    1,
    1,
    1,
    1,
    1,
    1,
    1
  ],
  "y_pred": [
    0,
    0,
    0,
    0,
    0,
    0,
    0,
    0,
    0,
    0,
    0,
    0,
    0,
    0,
    0,
    0,
    0,
    0,
    0,
    0,
    0,
    0,
    0,
    0,
    0,
    0,
    0,
    0,
    0,
    0,
    0,
    0,
    0,
    0,
    0,
    0,
    0,
    0,
    0,
    0,
    0,
    0,
    0,
    0,
    0,
    0,
    0,
    0,
    0,
    0,
    0,
    0,
    0,
    0,
    0,
    0,
    0,
    0,
    0,
    0,
    0,
    0,
    0,
    1,
    0,
    1,
    1,
    1,
    0,
    0,
    0,
    1,
    0,
    1,
    1
  ],
  "y_prob": [
    0.2849999964237213,
    0.019999999552965164,
    0.26499998569488525,
    0.1550000011920929,
    0.18000000715255737,
    0.06499999761581421,
    0.009999999776482582,
    0.02500000037252903,
    0.10999999940395355,
    0.0,
    0.02500000037252903,
    0.08500000089406967,
    0.014999999664723873,
    0.014999999664723873,
    0.06499999761581421,
    0.009999999776482582,
    0.02500000037252903,
    0.17499999701976776,
    0.009999999776482582,
    0.07500000298023224,
    0.009999999776482582,
    0.004999999888241291,
    0.1550000011920929,
    0.009999999776482582,
    0.004999999888241291,
    0.06499999761581421,
    0.009999999776482582,
    0.02500000037252903,
    0.03500000014901161,
    0.029999999329447746,
    0.009999999776482582,
    0.019999999552965164,
    0.0,
    0.19499999284744263,
    0.1550000011920929,
    0.14499999582767487,
    0.0,
    0.10999999940395355,
    0.03500000014901161,
    0.009999999776482582,
    0.03500000014901161,
    0.014999999664723873,
    0.054999999701976776,
    0.2150000035762787,
    0.019999999552965164,
    0.03500000014901161,
    0.019999999552965164,
    0.0,
    0.009999999776482582,
    0.0,
    0.17000000178813934,
    0.0,
    0.009999999776482582,
    0.05000000074505806,
    0.05999999865889549,
    0.0,
    0.1850000023841858,
    0.16500000655651093,
    0.009999999776482582,
    0.014999999664723873,
    0.11500000208616257,
    0.019999999552965164,
    0.19499999284744263,
    0.5450000166893005,
    0.25999999046325684,
    0.4000000059604645,
    0.8299999833106995,
    0.5400000214576721,
    0.25,
    0.07000000029802322,
    0.2150000035762787,
    0.38499999046325684,
    0.009999999776482582,
    0.36000001430511475,
    0.5450000166893005
  ]
}