{
  "precision": [
    0.16,
    0.17647058823529413,
    0.18032786885245902,
    0.18333333333333332,
    0.21153846153846154,
    0.2391304347826087,
    0.25,
    0.2682926829268293,
    0.3142857142857143,
    0.3333333333333333,
    0.34375,
    0.3548387096774194,
    0.36666666666666664,
    0.3448275862068966,
    0.35714285714285715,
    0.37037037037037035,
    0.38461538461538464,
    0.4,
    0.4166666666666667,
    0.45454545454545453,
    0.5,
    0.5263157894736842,
    0.5882352941176471,
    0.6,
    0.6428571428571429,
    0.75,
    0.8181818181818182,
    0.8,
    0.8888888888888888,
    0.875,
    1.0,
    1.0,
    1.0,
    1.0,
    1.0,
    1.0,
    1.0,
    1.0
  ],
  "recall": [
    1.0,
    1.0,
    0.9166666666666666,
    0.9166666666666666,
    0.9166666666666666,
    0.9166666666666666,
    0.9166666666666666,
    0.9166666666666666,
    0.9166666666666666,
    0.9166666666666666,
    0.9166666666666666,
    0.9166666666666666,
    0.9166666666666666,
    0.8333333333333334,
    0.8333333333333334,
    0.8333333333333334,
    0.8333333333333334,
    0.8333333333333334,
    0.8333333333333334,
    0.8333333333333334,
    0.8333333333333334,
    0.8333333333333334,
    0.8333333333333334,
    0.75,
    0.75,
    0.75,
    0.75,
    0.6666666666666666,
    0.6666666666666666,
    0.5833333333333334,
    0.5833333333333334,
    0.5,
    0.4166666666666667,
    0.3333333333333333,
    0.25,
    0.16666666666666666,
    0.08333333333333333,
    0.0
  ],
  "thresholds": [
    0.0,
    0.004999999888241291,
    0.009999999776482582,
    0.014999999664723873,
    0.019999999552965164,
    0.02500000037252903,
    0.029999999329447746,
    0.03500000014901161,
    0.04500000178813934,
    0.054999999701976776,
    0.05999999865889549,
    0.06499999761581421,
    0.07999999821186066,
    0.08500000089406967,
    0.0949999988079071,
    0.10000000149011612,
    0.11500000208616257,
    0.14000000059604645,
    0.15000000596046448,
    0.1550000011920929,
    0.1599999964237213,
    0.16500000655651093,
    0.17000000178813934,
    0.1850000023841858,
    0.19499999284744263,
    0.20999999344348907,
    0.25,
    0.2549999952316284,
    0.25999999046325684,
    0.28999999165534973,
    0.3050000071525574,
    0.4050000011920929,
    0.45500001311302185,
    0.48500001430511475,
    0.5400000214576721,
    0.5550000071525574,
    0.8450000286102295
  ]
}