{
  "y_true": [
    0,
    0,
    0,
    0,
    0,
    0,
    0,
    0,
    0,
    0,
    0,
    0,
    0,
    0,
    0,
    0,
    0,
    0,
    0,
    0,
    0,
    0,
    0,
    0,
    0,
    0,
    0,
    0,
    0,
    0,
    0,
    0,
    0,
    0,
    0,
    0,
    0,
    0,
    0,
    0,
    0,
    0,
    0,
    0,
    0,
    0,
    0,
    0,
    0,
    0,
    0,
    0,
    0,
    0,
    0,
    0,
    0,
    0,
    0,
    0,
    0,
    0,
    0,
    1,
    1,
    1,
    1,
    1,
    1,
    1,
    1,
    1,
    1,
    1,
    1
  ],
  "y_pred": [
    0,
    0,
    0,
    0,
    0,
    0,
    0,
    0,
    0,
    0,
    0,
    0,
    0,
    0,
    0,
    0,
    0,
    0,
    0,
    0,
    0,
    0,
    0,
    0,
    0,
    0,
    0,
    0,
    0,
    0,
    0,
    0,
    0,
    0,
    0,
    0,
    0,
    0,
    0,
    0,
    0,
    0,
    0,
    0,
    0,
    0,
    0,
    0,
    0,
    0,
    0,
    0,
    0,
    0,
    0,
    0,
    0,
    0,
    0,
    0,
    0,
    0,
    0,
    1,
    0,
    1,
    1,
    1,
    0,
    0,
    0,
    1,
    0,
    1,
    1
  ],
  "y_prob": [
    0.28999999165534973,
    0.019999999552965164,
    0.2549999952316284,
    0.20999999344348907,
    0.15000000596046448,
    0.029999999329447746,
    0.019999999552965164,
    0.004999999888241291,
    0.1550000011920929,
    0.004999999888241291,
    0.019999999552965164,
    0.05999999865889549,
    0.03500000014901161,
    0.004999999888241291,
    0.0949999988079071,
    0.0,
    0.014999999664723873,
    0.19499999284744263,
    0.019999999552965164,
    0.11500000208616257,
    0.004999999888241291,
    0.014999999664723873,
    0.14000000059604645,
    0.0,
    0.014999999664723873,
    0.03500000014901161,
    0.014999999664723873,
    0.029999999329447746,
    0.04500000178813934,
    0.03500000014901161,
    0.0,
    0.014999999664723873,
    0.019999999552965164,
    0.19499999284744263,
    0.16500000655651093,
    0.17000000178813934,
    0.0,
    0.08500000089406967,
    0.04500000178813934,
    0.03500000014901161,
    0.019999999552965164,
    0.03500000014901161,
    0.06499999761581421,
    0.1850000023841858,
    0.014999999664723873,
    0.054999999701976776,
    0.02500000037252903,
    0.004999999888241291,
    0.029999999329447746,
    0.0,
    0.1599999964237213,
    0.009999999776482582,
    0.014999999664723873,
    0.03500000014901161,
    0.014999999664723873,
    0.0,
    0.15000000596046448,
    0.16500000655651093,
    0.004999999888241291,
    0.0,
    0.10000000149011612,
    0.02500000037252903,
    0.1550000011920929,
    0.5400000214576721,
    0.25,
    0.45500001311302185,
    0.8450000286102295,
    0.5550000071525574,
    0.25999999046325684,
    0.07999999821186066,
    0.17000000178813934,
    0.4050000011920929,
    0.004999999888241291,
    0.3050000071525574,
    0.48500001430511475
  ]
}