{
  "accuracy": 0.96,
  "balanced_accuracy": 0.9087301587301587,
  "precision": 0.9090909090909091,
  "recall": 0.8333333333333334,
  "f1": 0.8695652173913043,
  "roc_auc": 0.9907407407407407,
  "pr_auc": 0.9652777777777779,
  "class_distribution": {
    "0": 63,
    "1": 12
  },
  "per_class_precision_recall": {
    "class_0": {
      "precision": 0.96875,
      "recall": 0.9841269841269841
    },
    "class_1": {
      "precision": 0.9090909090909091,
      "recall": 0.8333333333333334
    }
  },
  "confusion_matrix": {
    "tn": 62,
    "fp": 1,
    "fn": 2,
    "tp": 10
  },
  "confusion_matrix_normalized": {
    "tn": 0.9841269841269841,
    "fp": 0.015873015873015872,
    "fn": 0.16666666666666666,
    "tp": 0.8333333333333334
  },
  "threshold": 0.25,
  "n_samples": 75,
  "mean_probability": 0.18778128921985626
}