{
  "accuracy": 0.92,
  "balanced_accuracy": 0.7837301587301587,
  "precision": 0.875,
  "recall": 0.5833333333333334,
  "f1": 0.7000000000000001,
  "roc_auc": 0.7552910052910052,
  "pr_auc": 0.6878840912903308,
  "class_distribution": {
    "0": 63,
    "1": 12
  },
  "per_class_precision_recall": {
    "class_0": {
      "precision": 0.9253731343283582,
      "recall": 0.9841269841269841
    },
    "class_1": {
      "precision": 0.875,
      "recall": 0.5833333333333334
    }
  },
  "confusion_matrix": {
    "tn": 62,
    "fp": 1,
    "fn": 5,
    "tp": 7
  },
  "confusion_matrix_normalized": {
    "tn": 0.9841269841269841,
    "fp": 0.015873015873015872,
    "fn": 0.4166666666666667,
    "tp": 0.5833333333333334
  },
  "threshold": 0.5499999999999999,
  "n_samples": 75,
  "mean_probability": 0.25915005803108215,
  "pr_curve": {
    "precision": [
      0.16,
      0.16216216216216217,
      0.1643835616438356,
      0.16666666666666666,
      0.16901408450704225,
      0.17142857142857143,
      0.17391304347826086,
      0.16176470588235295,
      0.16417910447761194,
      0.16666666666666666,
      0.16923076923076924,
      0.171875,
      0.1746031746031746,
      0.1774193548387097,
      0.18032786885245902,
      0.18333333333333332,
      0.1864406779661017,
      0.1896551724137931,
      0.19298245614035087,
      0.19642857142857142,
      0.18181818181818182,
      0.18518518518518517,
      0.18867924528301888,
      0.17307692307692307,
      0.17647058823529413,
      0.18,
      0.1836734693877551,
      0.1875,
      0.19148936170212766,
      0.1956521739130435,
      0.2,
      0.20454545454545456,
      0.20930232558139536,
      0.21428571428571427,
      0.21951219512195122,
      0.225,
      0.20512820512820512,
      0.21052631578947367,
      0.21621621621621623,
      0.2222222222222222,
      0.22857142857142856,
      0.23529411764705882,
      0.24242424242424243,
      0.25,
      0.25806451612903225,
      0.26666666666666666,
      0.27586206896551724,
      0.2857142857142857,
      0.2962962962962963,
      0.3076923076923077,
      0.32,
      0.3333333333333333,
      0.34782608695652173,
      0.36363636363636365,
      0.38095238095238093,
      0.4,
      0.42105263157894735,
      0.4444444444444444,
      0.47058823529411764,
      0.4375,
      0.4666666666666667,
      0.5,
      0.5384615384615384,
      0.5833333333333334,
      0.6363636363636364,
      0.7,
      0.7777777777777778,
      0.875,
      1.0,
      1.0,
      1.0,
      1.0,
      1.0,
      1.0,
      1.0,
      1.0
    ],
    "recall": [
      1.0,
      1.0,
      1.0,
      1.0,
      1.0,
      1.0,
      1.0,
      0.9166666666666666,
      0.9166666666666666,
      0.9166666666666666,
      0.9166666666666666,
      0.9166666666666666,
      0.9166666666666666,
      0.9166666666666666,
      0.9166666666666666,
      0.9166666666666666,
      0.9166666666666666,
      0.9166666666666666,
      0.9166666666666666,
      0.9166666666666666,
      0.8333333333333334,
      0.8333333333333334,
      0.8333333333333334,
      0.75,
      0.75,
      0.75,
      0.75,
      0.75,
      0.75,
      0.75,
      0.75,
      0.75,
      0.75,
      0.75,
      0.75,
      0.75,
      0.6666666666666666,
      0.6666666666666666,
      0.6666666666666666,
      0.6666666666666666,
      0.6666666666666666,
      0.6666666666666666,
      0.6666666666666666,
      0.6666666666666666,
      0.6666666666666666,
      0.6666666666666666,
      0.6666666666666666,
      0.6666666666666666,
      0.6666666666666666,
      0.6666666666666666,
      0.6666666666666666,
      0.6666666666666666,
      0.6666666666666666,
      0.6666666666666666,
      0.6666666666666666,
      0.6666666666666666,
      0.6666666666666666,
      0.6666666666666666,
      0.6666666666666666,
      0.5833333333333334,
      0.5833333333333334,
      0.5833333333333334,
      0.5833333333333334,
      0.5833333333333334,
      0.5833333333333334,
      0.5833333333333334,
      0.5833333333333334,
      0.5833333333333334,
      0.5833333333333334,
      0.5,
      0.4166666666666667,
      0.3333333333333333,
      0.25,
      0.16666666666666666,
      0.08333333333333333,
      0.0
    ],
    "thresholds": [
      0.16499000787734985,
      0.16678711771965027,
      0.166944220662117,
      0.1672508269548416,
      0.16799674928188324,
      0.16815230250358582,
      0.1682426929473877,
      0.16824482381343842,
      0.16831472516059875,
      0.16903792321681976,
      0.1693822592496872,
      0.1694878488779068,
      0.16954614222049713,
      0.16973471641540527,
      0.16987238824367523,
      0.17001405358314514,
      0.17006425559520721,
      0.17007143795490265,
      0.17029251158237457,
      0.1703537553548813,
      0.17048613727092743,
      0.1705419421195984,
      0.17068937420845032,
      0.1706976443529129,
      0.17070001363754272,
      0.17084749042987823,
      0.17088663578033447,
      0.1710597276687622,
      0.17110511660575867,
      0.17111653089523315,
      0.1712360382080078,
      0.17145928740501404,
      0.17172302305698395,
      0.17185036838054657,
      0.17195111513137817,
      0.17230112850666046,
      0.1726221740245819,
      0.17278259992599487,
      0.17306286096572876,
      0.17307943105697632,
      0.17314550280570984,
      0.17317886650562286,
      0.17373691499233246,
      0.1738053262233734,
      0.17396150529384613,
      0.17405936121940613,
      0.17449626326560974,
      0.17540206015110016,
      0.17600177228450775,
      0.17624448239803314,
      0.1767352670431137,
      0.17735622823238373,
      0.17790547013282776,
      0.17883053421974182,
      0.179093137383461,
      0.1796315610408783,
      0.1810232400894165,
      0.18195019662380219,
      0.18383395671844482,
      0.1885247826576233,
      0.19425877928733826,
      0.19719436764717102,
      0.19837626814842224,
      0.22316865622997284,
      0.23624536395072937,
      0.25504621863365173,
      0.34047433733940125,
      0.8411223888397217,
      0.8768308162689209,
      0.8907420635223389,
      0.9540703296661377,
      0.9645239114761353,
      0.9695196747779846,
      0.9701792001724243,
      0.9706090092658997
    ]
  }
}