{
  "y_true": [
    0,
    0,
    0,
    0,
    0,
    0,
    0,
    0,
    0,
    0,
    0,
    0,
    0,
    0,
    0,
    0,
    0,
    0,
    0,
    0,
    0,
    0,
    0,
    0,
    0,
    0,
    0,
    0,
    0,
    0,
    0,
    0,
    0,
    0,
    0,
    0,
    0,
    0,
    0,
    0,
    0,
    0,
    0,
    0,
    0,
    0,
    0,
    0,
    0,
    0,
    0,
    0,
    0,
    0,
    0,
    0,
    0,
    0,
    0,
    0,
    0,
    0,
    0,
    1,
    1,
    1,
    1,
    1,
    1,
    1,
    1,
    1,
    1,
    1,
    1
  ],
  "y_pred": [
    0,
    0,
    0,
    0,
    0,
    0,
    0,
    0,
    0,
    0,
    0,
    0,
    0,
    0,
    0,
    0,
    0,
    0,
    0,
    0,
    0,
    0,
    0,
    0,
    0,
    0,
    0,
    0,
    0,
    0,
    0,
    0,
    0,
    0,
    0,
    0,
    0,
    0,
    0,
    0,
    0,
    0,
    0,
    1,
    0,
    0,
    0,
    0,
    0,
    0,
    0,
    0,
    0,
    0,
    0,
    0,
    0,
    0,
    0,
    0,
    0,
    0,
    0,
    1,
    1,
    1,
    1,
    1,
    0,
    0,
    0,
    0,
    0,
    1,
    1
  ],
  "y_prob": [
    0.16824482381343842,
    0.17373691499233246,
    0.17307943105697632,
    0.1885247826576233,
    0.34047433733940125,
    0.17006425559520721,
    0.17070001363754272,
    0.25504621863365173,
    0.1726221740245819,
    0.17600177228450775,
    0.17001405358314514,
    0.1672508269548416,
    0.23624536395072937,
    0.18195019662380219,
    0.17624448239803314,
    0.1767352670431137,
    0.16499000787734985,
    0.16678711771965027,
    0.17449626326560974,
    0.16954614222049713,
    0.17110511660575867,
    0.16815230250358582,
    0.19719436764717102,
    0.17111653089523315,
    0.17007143795490265,
    0.17396150529384613,
    0.1796315610408783,
    0.17172302305698395,
    0.17029251158237457,
    0.17735622823238373,
    0.17278259992599487,
    0.17317886650562286,
    0.1712360382080078,
    0.1710597276687622,
    0.17084749042987823,
    0.17540206015110016,
    0.17790547013282776,
    0.17048613727092743,
    0.19425877928733826,
    0.1694878488779068,
    0.1705419421195984,
    0.17088663578033447,
    0.16973471641540527,
    0.8411223888397217,
    0.166944220662117,
    0.16799674928188324,
    0.19837626814842224,
    0.17405936121940613,
    0.179093137383461,
    0.1706976443529129,
    0.17145928740501404,
    0.17185036838054657,
    0.17306286096572876,
    0.17314550280570984,
    0.16831472516059875,
    0.17195111513137817,
    0.1693822592496872,
    0.22316865622997284,
    0.16987238824367523,
    0.1738053262233734,
    0.16903792321681976,
    0.1810232400894165,
    0.17883053421974182,
    0.9701792001724243,
    0.9540703296661377,
    0.9695196747779846,
    0.9645239114761353,
    0.9706090092658997,
    0.17230112850666046,
    0.1703537553548813,
    0.18383395671844482,
    0.1682426929473877,
    0.17068937420845032,
    0.8907420635223389,
    0.8768308162689209
  ]
}