{
  "train_loss": [
    1.0440638201577324,
    0.7469579591069903,
    0.6119084337779453,
    0.4791103561435427,
    0.4521850163596017,
    0.3545818730763027,
    0.3102563909121922,
    0.29726009219884875,
    0.2987080890791757,
    0.27385747500828334,
    0.23841517154659544,
    0.22422666426215854,
    0.16866465636662076,
    0.18691224089690617
  ],
  "val_loss": [
    0.9973677094777426,
    0.6426218922932943,
    0.4978158934911092,
    0.4357261578241984,
    0.39449442068735757,
    0.363478045463562,
    0.33334939638773603,
    0.3200157276789347,
    0.2977247699101766,
    0.29175442695617676,
    0.2659327252705892,
    0.2502044407526652,
    0.247383607228597,
    0.24895687103271485
  ]
}