{
  "train_loss": [
    1.0619053053855896,
    0.8047461322375706,
    0.6372933753899166,
    0.5707016481672015,
    0.456970659664699,
    0.39165603961263384,
    0.3748854497500828,
    0.3771011414698192,
    0.36243624210357667,
    0.272931685681854,
    0.30172300734690255,
    0.26250080585479735,
    0.27926681582416807,
    0.24190595379897525
  ],
  "val_loss": [
    1.0185994974772135,
    0.6514626852671306,
    0.4729707415898641,
    0.386109733581543,
    0.36213490009307864,
    0.3660929346084595,
    0.3436283890406291,
    0.331853240331014,
    0.31191172122955324,
    0.34414570331573485,
    0.34142006556193033,
    0.29749552726745604,
    0.28328912417093915,
    0.2787525622049967
  ]
}