{
  "train_loss": [
    1.0537381778444563,
    0.797032095023564,
    0.5915004934583391,
    0.4688854723317283,
    0.41303908109664916,
    0.33042497737067084,
    0.33853093011038643,
    0.3866010592664991,
    0.31802822802748,
    0.27166209748813086,
    0.2385719436407089,
    0.24893979498318264,
    0.23276420278208595,
    0.20607426243168966
  ],
  "val_loss": [
    1.0206782245635986,
    0.6684935474395752,
    0.48486063480377195,
    0.3852583328882853,
    0.35216951529184976,
    0.31807326634724936,
    0.31315568447113035,
    0.28797486464182537,
    0.3050289217631022,
    0.26688373724619546,
    0.2740089209874471,
    0.2892934544881185,
    0.24090177536010743,
    0.2402877934773763
  ]
}