{
  "accuracy": 0.9333333333333333,
  "balanced_accuracy": 0.8253968253968254,
  "precision": 0.8888888888888888,
  "recall": 0.6666666666666666,
  "f1": 0.761904761904762,
  "roc_auc": 0.9656084656084656,
  "pr_auc": 0.8924598549598551,
  "class_distribution": {
    "0": 63,
    "1": 12
  },
  "per_class_precision_recall": {
    "class_0": {
      "precision": 0.9393939393939394,
      "recall": 0.9841269841269841
    },
    "class_1": {
      "precision": 0.8888888888888888,
      "recall": 0.6666666666666666
    }
  },
  "confusion_matrix": {
    "tn": 62,
    "fp": 1,
    "fn": 4,
    "tp": 8
  },
  "confusion_matrix_normalized": {
    "tn": 0.9841269841269841,
    "fp": 0.015873015873015872,
    "fn": 0.3333333333333333,
    "tp": 0.6666666666666666
  },
  "threshold": 0.6,
  "n_samples": 75,
  "mean_probability": 0.18736675381660461,
  "pr_curve": {
    "precision": [
      0.16,
      0.16216216216216217,
      0.1643835616438356,
      0.16666666666666666,
      0.16901408450704225,
      0.17142857142857143,
      0.17391304347826086,
      0.17647058823529413,
      0.1791044776119403,
      0.18181818181818182,
      0.18461538461538463,
      0.1875,
      0.19047619047619047,
      0.1935483870967742,
      0.19672131147540983,
      0.2,
      0.2033898305084746,
      0.20689655172413793,
      0.21052631578947367,
      0.21428571428571427,
      0.21818181818181817,
      0.2222222222222222,
      0.22641509433962265,
      0.23076923076923078,
      0.23529411764705882,
      0.24,
      0.24489795918367346,
      0.25,
      0.2553191489361702,
      0.2608695652173913,
      0.26666666666666666,
      0.2727272727272727,
      0.27906976744186046,
      0.2857142857142857,
      0.2926829268292683,
      0.3,
      0.3076923076923077,
      0.3157894736842105,
      0.32432432432432434,
      0.3333333333333333,
      0.34285714285714286,
      0.35294117647058826,
      0.36363636363636365,
      0.375,
      0.3870967741935484,
      0.4,
      0.41379310344827586,
      0.42857142857142855,
      0.4444444444444444,
      0.46153846153846156,
      0.44,
      0.4583333333333333,
      0.4782608695652174,
      0.5,
      0.5238095238095238,
      0.55,
      0.5263157894736842,
      0.5555555555555556,
      0.5882352941176471,
      0.625,
      0.6666666666666666,
      0.7142857142857143,
      0.7692307692307693,
      0.8333333333333334,
      0.9090909090909091,
      0.9,
      0.8888888888888888,
      0.875,
      1.0,
      1.0,
      1.0,
      1.0,
      1.0,
      1.0,
      1.0,
      1.0
    ],
    "recall": [
      1.0,
      1.0,
      1.0,
      1.0,
      1.0,
      1.0,
      1.0,
      1.0,
      1.0,
      1.0,
      1.0,
      1.0,
      1.0,
      1.0,
      1.0,
      1.0,
      1.0,
      1.0,
      1.0,
      1.0,
      1.0,
      1.0,
      1.0,
      1.0,
      1.0,
      1.0,
      1.0,
      1.0,
      1.0,
      1.0,
      1.0,
      1.0,
      1.0,
      1.0,
      1.0,
      1.0,
      1.0,
      1.0,
      1.0,
      1.0,
      1.0,
      1.0,
      1.0,
      1.0,
      1.0,
      1.0,
      1.0,
      1.0,
      1.0,
      1.0,
      0.9166666666666666,
      0.9166666666666666,
      0.9166666666666666,
      0.9166666666666666,
      0.9166666666666666,
      0.9166666666666666,
      0.8333333333333334,
      0.8333333333333334,
      0.8333333333333334,
      0.8333333333333334,
      0.8333333333333334,
      0.8333333333333334,
      0.8333333333333334,
      0.8333333333333334,
      0.8333333333333334,
      0.75,
      0.6666666666666666,
      0.5833333333333334,
      0.5833333333333334,
      0.5,
      0.4166666666666667,
      0.3333333333333333,
      0.25,
      0.16666666666666666,
      0.08333333333333333,
      0.0
    ],
    "thresholds": [
      0.005567357875406742,
      0.00667558703571558,
      0.007863462902605534,
      0.007977323606610298,
      0.008658839389681816,
      0.011080251075327396,
      0.013516759499907494,
      0.013621212914586067,
      0.014186437241733074,
      0.014328804798424244,
      0.015271400101482868,
      0.015589667484164238,
      0.016216261312365532,
      0.017226390540599823,
      0.01763593591749668,
      0.019000256434082985,
      0.020936787128448486,
      0.021910276263952255,
      0.023915791884064674,
      0.024696461856365204,
      0.024774421006441116,
      0.025680970400571823,
      0.026064570993185043,
      0.02675292082130909,
      0.02950814738869667,
      0.030948806554079056,
      0.032282162457704544,
      0.03308609873056412,
      0.03315937891602516,
      0.03498433157801628,
      0.035501424223184586,
      0.03554947301745415,
      0.03592850640416145,
      0.04010290279984474,
      0.041502904146909714,
      0.046744246035814285,
      0.04721064865589142,
      0.050739530473947525,
      0.05301864445209503,
      0.05665169656276703,
      0.05750809982419014,
      0.05989419296383858,
      0.06560578942298889,
      0.07392362505197525,
      0.08172963559627533,
      0.0900215432047844,
      0.09371887892484665,
      0.10489558428525925,
      0.11383718997240067,
      0.13409848511219025,
      0.13495881855487823,
      0.157766193151474,
      0.1717786341905594,
      0.17766764760017395,
      0.196766659617424,
      0.21374985575675964,
      0.22312629222869873,
      0.2315884828567505,
      0.26879653334617615,
      0.2829342484474182,
      0.2850080728530884,
      0.35285213589668274,
      0.35599973797798157,
      0.3600274622440338,
      0.37186747789382935,
      0.5404278635978699,
      0.6007891297340393,
      0.7140960693359375,
      0.7662704586982727,
      0.8222016096115112,
      0.9315584897994995,
      0.9887672066688538,
      0.9946407079696655,
      0.9980916380882263,
      0.9994741082191467
    ]
  }
}