{
  "y_true": [
    0,
    0,
    0,
    0,
    0,
    0,
    0,
    0,
    0,
    0,
    0,
    0,
    0,
    0,
    0,
    0,
    0,
    0,
    0,
    0,
    0,
    0,
    0,
    0,
    0,
    0,
    0,
    0,
    0,
    0,
    0,
    0,
    0,
    0,
    0,
    0,
    0,
    0,
    0,
    0,
    0,
    0,
    0,
    0,
    0,
    0,
    0,
    0,
    0,
    0,
    0,
    0,
    0,
    0,
    0,
    0,
    0,
    0,
    0,
    0,
    0,
    0,
    0,
    1,
    1,
    1,
    1,
    1,
    1,
    1,
    1,
    1,
    1,
    1,
    1
  ],
  "y_pred": [
    0,
    0,
    0,
    0,
    1,
    0,
    0,
    0,
    0,
    0,
    0,
    0,
    0,
    0,
    0,
    0,
    0,
    0,
    0,
    0,
    0,
    0,
    0,
    0,
    0,
    0,
    0,
    0,
    0,
    0,
    0,
    0,
    0,
    0,
    0,
    0,
    0,
    0,
    0,
    0,
    0,
    0,
    0,
    0,
    0,
    0,
    0,
    0,
    0,
    0,
    0,
    0,
    0,
    0,
    0,
    0,
    0,
    0,
    0,
    0,
    0,
    0,
    0,
    1,
    1,
    1,
    1,
    1,
    1,
    0,
    0,
    0,
    0,
    1,
    1
  ],
  "y_prob": [
    0.11383718997240067,
    0.07392362505197525,
    0.2829342484474182,
    0.35285213589668274,
    0.7140960693359375,
    0.01763593591749668,
    0.014186437241733074,
    0.046744246035814285,
    0.0900215432047844,
    0.05989419296383858,
    0.03498433157801628,
    0.03315937891602516,
    0.017226390540599823,
    0.013621212914586067,
    0.032282162457704544,
    0.016216261312365532,
    0.06560578942298889,
    0.22312629222869873,
    0.09371887892484665,
    0.050739530473947525,
    0.04010290279984474,
    0.021910276263952255,
    0.13495881855487823,
    0.013516759499907494,
    0.015271400101482868,
    0.05750809982419014,
    0.025680970400571823,
    0.10489558428525925,
    0.03554947301745415,
    0.02675292082130909,
    0.00667558703571558,
    0.026064570993185043,
    0.019000256434082985,
    0.35599973797798157,
    0.157766193151474,
    0.196766659617424,
    0.020936787128448486,
    0.26879653334617615,
    0.05301864445209503,
    0.05665169656276703,
    0.02950814738869667,
    0.03308609873056412,
    0.024696461856365204,
    0.3600274622440338,
    0.03592850640416145,
    0.04721064865589142,
    0.030948806554079056,
    0.008658839389681816,
    0.041502904146909714,
    0.015589667484164238,
    0.2315884828567505,
    0.007863462902605534,
    0.023915791884064674,
    0.035501424223184586,
    0.005567357875406742,
    0.011080251075327396,
    0.2850080728530884,
    0.1717786341905594,
    0.08172963559627533,
    0.014328804798424244,
    0.024774421006441116,
    0.007977323606610298,
    0.17766764760017395,
    0.9994741082191467,
    0.8222016096115112,
    0.9887672066688538,
    0.9946407079696655,
    0.9980916380882263,
    0.6007891297340393,
    0.21374985575675964,
    0.37186747789382935,
    0.5404278635978699,
    0.13409848511219025,
    0.7662704586982727,
    0.9315584897994995
  ]
}