{
  "accuracy": 0.92,
  "balanced_accuracy": 0.75,
  "precision": 1.0,
  "recall": 0.5,
  "f1": 0.6666666666666666,
  "roc_auc": 0.7870370370370371,
  "pr_auc": 0.6847102257154936,
  "class_distribution": {
    "0": 63,
    "1": 12
  },
  "per_class_precision_recall": {
    "class_0": {
      "precision": 0.9130434782608695,
      "recall": 1.0
    },
    "class_1": {
      "precision": 1.0,
      "recall": 0.5
    }
  },
  "confusion_matrix": {
    "tn": 63,
    "fp": 0,
    "fn": 6,
    "tp": 6
  },
  "confusion_matrix_normalized": {
    "tn": 1.0,
    "fp": 0.0,
    "fn": 0.5,
    "tp": 0.5
  },
  "threshold": 0.39999999999999997,
  "n_samples": 75,
  "mean_probability": 0.18149930238723755,
  "pr_curve": {
    "precision": [
      0.16,
      0.16216216216216217,
      0.1643835616438356,
      0.16666666666666666,
      0.16901408450704225,
      0.17142857142857143,
      0.17391304347826086,
      0.17647058823529413,
      0.16417910447761194,
      0.15151515151515152,
      0.15384615384615385,
      0.15625,
      0.15873015873015872,
      0.16129032258064516,
      0.16393442622950818,
      0.16666666666666666,
      0.1694915254237288,
      0.1724137931034483,
      0.17543859649122806,
      0.17857142857142858,
      0.18181818181818182,
      0.18518518518518517,
      0.18867924528301888,
      0.19230769230769232,
      0.19607843137254902,
      0.2,
      0.20408163265306123,
      0.20833333333333334,
      0.2127659574468085,
      0.21739130434782608,
      0.2222222222222222,
      0.22727272727272727,
      0.23255813953488372,
      0.23809523809523808,
      0.24390243902439024,
      0.25,
      0.2564102564102564,
      0.2631578947368421,
      0.2702702702702703,
      0.2777777777777778,
      0.2857142857142857,
      0.29411764705882354,
      0.30303030303030304,
      0.3125,
      0.3225806451612903,
      0.3333333333333333,
      0.3448275862068966,
      0.35714285714285715,
      0.3333333333333333,
      0.34615384615384615,
      0.36,
      0.3333333333333333,
      0.34782608695652173,
      0.36363636363636365,
      0.38095238095238093,
      0.35,
      0.3684210526315789,
      0.3888888888888889,
      0.4117647058823529,
      0.4375,
      0.4666666666666667,
      0.5,
      0.5384615384615384,
      0.5833333333333334,
      0.6363636363636364,
      0.7,
      0.7777777777777778,
      0.75,
      0.8571428571428571,
      1.0,
      1.0,
      1.0,
      1.0,
      1.0,
      1.0,
      1.0
    ],
    "recall": [
      1.0,
      1.0,
      1.0,
      1.0,
      1.0,
      1.0,
      1.0,
      1.0,
      0.9166666666666666,
      0.8333333333333334,
      0.8333333333333334,
      0.8333333333333334,
      0.8333333333333334,
      0.8333333333333334,
      0.8333333333333334,
      0.8333333333333334,
      0.8333333333333334,
      0.8333333333333334,
      0.8333333333333334,
      0.8333333333333334,
      0.8333333333333334,
      0.8333333333333334,
      0.8333333333333334,
      0.8333333333333334,
      0.8333333333333334,
      0.8333333333333334,
      0.8333333333333334,
      0.8333333333333334,
      0.8333333333333334,
      0.8333333333333334,
      0.8333333333333334,
      0.8333333333333334,
      0.8333333333333334,
      0.8333333333333334,
      0.8333333333333334,
      0.8333333333333334,
      0.8333333333333334,
      0.8333333333333334,
      0.8333333333333334,
      0.8333333333333334,
      0.8333333333333334,
      0.8333333333333334,
      0.8333333333333334,
      0.8333333333333334,
      0.8333333333333334,
      0.8333333333333334,
      0.8333333333333334,
      0.8333333333333334,
      0.75,
      0.75,
      0.75,
      0.6666666666666666,
      0.6666666666666666,
      0.6666666666666666,
      0.6666666666666666,
      0.5833333333333334,
      0.5833333333333334,
      0.5833333333333334,
      0.5833333333333334,
      0.5833333333333334,
      0.5833333333333334,
      0.5833333333333334,
      0.5833333333333334,
      0.5833333333333334,
      0.5833333333333334,
      0.5833333333333334,
      0.5833333333333334,
      0.5,
      0.5,
      0.5,
      0.4166666666666667,
      0.3333333333333333,
      0.25,
      0.16666666666666666,
      0.08333333333333333,
      0.0
    ],
    "thresholds": [
      0.10855807363986969,
      0.10884440690279007,
      0.10900938510894775,
      0.10910424590110779,
      0.10919027775526047,
      0.10928284376859665,
      0.10943807661533356,
      0.10946906358003616,
      0.10955176502466202,
      0.1096198707818985,
      0.10964035242795944,
      0.10967522859573364,
      0.10972882807254791,
      0.10977709293365479,
      0.10980146378278732,
      0.10985829681158066,
      0.10998629033565521,
      0.11005978286266327,
      0.11010000109672546,
      0.11020074784755707,
      0.11025238037109375,
      0.11038636416196823,
      0.11043544858694077,
      0.11046768724918365,
      0.11049837619066238,
      0.11061783879995346,
      0.11063916236162186,
      0.11065882444381714,
      0.11071795970201492,
      0.11082880944013596,
      0.11114241182804108,
      0.11133274435997009,
      0.11157627403736115,
      0.1116086021065712,
      0.11188001930713654,
      0.11191429942846298,
      0.11192413419485092,
      0.11199309676885605,
      0.11200930178165436,
      0.1120677962899208,
      0.1120872050523758,
      0.11216554045677185,
      0.112185537815094,
      0.1121995598077774,
      0.11235697567462921,
      0.11244379729032516,
      0.11261194944381714,
      0.11269868165254593,
      0.11281387507915497,
      0.11314963549375534,
      0.11315532773733139,
      0.11319772899150848,
      0.11331184208393097,
      0.11382202059030533,
      0.1143178716301918,
      0.11479929834604263,
      0.11549577862024307,
      0.11704128235578537,
      0.1189277395606041,
      0.11986972391605377,
      0.12111898511648178,
      0.12234164029359818,
      0.12569014728069305,
      0.12938593327999115,
      0.1367117315530777,
      0.17681391537189484,
      0.20282241702079773,
      0.21495448052883148,
      0.30972224473953247,
      0.8583817481994629,
      0.8719269037246704,
      0.9078745245933533,
      0.912543773651123,
      0.9139108061790466,
      0.915748119354248
    ]
  }
}