{
  "accuracy": 0.9066666666666666,
  "balanced_accuracy": 0.7083333333333334,
  "precision": 1.0,
  "recall": 0.4166666666666667,
  "f1": 0.5882352941176471,
  "roc_auc": 0.7976190476190476,
  "pr_auc": 0.6735221066616417,
  "class_distribution": {
    "0": 63,
    "1": 12
  },
  "per_class_precision_recall": {
    "class_0": {
      "precision": 0.9,
      "recall": 1.0
    },
    "class_1": {
      "precision": 1.0,
      "recall": 0.4166666666666667
    }
  },
  "confusion_matrix": {
    "tn": 63,
    "fp": 0,
    "fn": 7,
    "tp": 5
  },
  "confusion_matrix_normalized": {
    "tn": 1.0,
    "fp": 0.0,
    "fn": 0.5833333333333334,
    "tp": 0.4166666666666667
  },
  "threshold": 0.85,
  "n_samples": 75,
  "mean_probability": 0.21402744948863983,
  "pr_curve": {
    "precision": [
      0.16,
      0.16216216216216217,
      0.1643835616438356,
      0.16666666666666666,
      0.16901408450704225,
      0.17142857142857143,
      0.17391304347826086,
      0.17647058823529413,
      0.1791044776119403,
      0.18181818181818182,
      0.18461538461538463,
      0.1875,
      0.19047619047619047,
      0.1774193548387097,
      0.18032786885245902,
      0.18333333333333332,
      0.1864406779661017,
      0.1896551724137931,
      0.19298245614035087,
      0.19642857142857142,
      0.2,
      0.2037037037037037,
      0.20754716981132076,
      0.21153846153846154,
      0.21568627450980393,
      0.22,
      0.22448979591836735,
      0.22916666666666666,
      0.23404255319148937,
      0.2391304347826087,
      0.24444444444444444,
      0.25,
      0.2558139534883721,
      0.23809523809523808,
      0.24390243902439024,
      0.25,
      0.2564102564102564,
      0.2631578947368421,
      0.2702702702702703,
      0.2777777777777778,
      0.2571428571428571,
      0.2647058823529412,
      0.2727272727272727,
      0.25,
      0.25806451612903225,
      0.26666666666666666,
      0.27586206896551724,
      0.2857142857142857,
      0.2962962962962963,
      0.3076923076923077,
      0.28,
      0.2916666666666667,
      0.30434782608695654,
      0.3181818181818182,
      0.3333333333333333,
      0.35,
      0.3684210526315789,
      0.3888888888888889,
      0.4117647058823529,
      0.4375,
      0.4666666666666667,
      0.5,
      0.5384615384615384,
      0.5833333333333334,
      0.6363636363636364,
      0.7,
      0.7777777777777778,
      0.75,
      0.8571428571428571,
      1.0,
      1.0,
      1.0,
      1.0,
      1.0,
      1.0,
      1.0
    ],
    "recall": [
      1.0,
      1.0,
      1.0,
      1.0,
      1.0,
      1.0,
      1.0,
      1.0,
      1.0,
      1.0,
      1.0,
      1.0,
      1.0,
      0.9166666666666666,
      0.9166666666666666,
      0.9166666666666666,
      0.9166666666666666,
      0.9166666666666666,
      0.9166666666666666,
      0.9166666666666666,
      0.9166666666666666,
      0.9166666666666666,
      0.9166666666666666,
      0.9166666666666666,
      0.9166666666666666,
      0.9166666666666666,
      0.9166666666666666,
      0.9166666666666666,
      0.9166666666666666,
      0.9166666666666666,
      0.9166666666666666,
      0.9166666666666666,
      0.9166666666666666,
      0.8333333333333334,
      0.8333333333333334,
      0.8333333333333334,
      0.8333333333333334,
      0.8333333333333334,
      0.8333333333333334,
      0.8333333333333334,
      0.75,
      0.75,
      0.75,
      0.6666666666666666,
      0.6666666666666666,
      0.6666666666666666,
      0.6666666666666666,
      0.6666666666666666,
      0.6666666666666666,
      0.6666666666666666,
      0.5833333333333334,
      0.5833333333333334,
      0.5833333333333334,
      0.5833333333333334,
      0.5833333333333334,
      0.5833333333333334,
      0.5833333333333334,
      0.5833333333333334,
      0.5833333333333334,
      0.5833333333333334,
      0.5833333333333334,
      0.5833333333333334,
      0.5833333333333334,
      0.5833333333333334,
      0.5833333333333334,
      0.5833333333333334,
      0.5833333333333334,
      0.5,
      0.5,
      0.5,
      0.4166666666666667,
      0.3333333333333333,
      0.25,
      0.16666666666666666,
      0.08333333333333333,
      0.0
    ],
    "thresholds": [
      0.09809636324644089,
      0.0984603762626648,
      0.09932949393987656,
      0.09961940348148346,
      0.0998803898692131,
      0.10019659250974655,
      0.10030321031808853,
      0.10032268613576889,
      0.10073216259479523,
      0.10087209194898605,
      0.10104718059301376,
      0.10144408792257309,
      0.10236211121082306,
      0.10256891697645187,
      0.10258645564317703,
      0.10282529890537262,
      0.1028846949338913,
      0.10321217775344849,
      0.10322677344083786,
      0.1036040410399437,
      0.10380782932043076,
      0.10421835631132126,
      0.10435599088668823,
      0.10459230095148087,
      0.10493084043264389,
      0.10515297204256058,
      0.10561766475439072,
      0.10583680123090744,
      0.10602333396673203,
      0.10657423734664917,
      0.1067580133676529,
      0.10704793781042099,
      0.10797109454870224,
      0.10836487263441086,
      0.10867372155189514,
      0.11059954017400742,
      0.11060082167387009,
      0.11117347329854965,
      0.11343439668416977,
      0.11497455835342407,
      0.11741697788238525,
      0.11924295127391815,
      0.1194554939866066,
      0.12337111681699753,
      0.12759068608283997,
      0.12957745790481567,
      0.13107869029045105,
      0.133624866604805,
      0.13586711883544922,
      0.13932733237743378,
      0.14262185990810394,
      0.14379677176475525,
      0.14461588859558105,
      0.14573107659816742,
      0.1506327986717224,
      0.15692423284053802,
      0.16264905035495758,
      0.1865776628255844,
      0.1886376589536667,
      0.21926800906658173,
      0.22149665653705597,
      0.26382508873939514,
      0.28948405385017395,
      0.3141380846500397,
      0.3863008916378021,
      0.42480605840682983,
      0.4271492063999176,
      0.5312967896461487,
      0.702841579914093,
      0.838862419128418,
      0.8659380078315735,
      0.915868878364563,
      0.9167465567588806,
      0.9293124675750732,
      0.9317030310630798
    ]
  }
}