{
  "y_true": [
    0,
    0,
    0,
    0,
    0,
    0,
    0,
    0,
    0,
    0,
    0,
    0,
    0,
    0,
    0,
    0,
    0,
    0,
    0,
    0,
    0,
    0,
    0,
    0,
    0,
    0,
    0,
    0,
    0,
    0,
    0,
    0,
    0,
    0,
    0,
    0,
    0,
    0,
    0,
    0,
    0,
    0,
    0,
    0,
    0,
    0,
    0,
    0,
    0,
    0,
    0,
    0,
    0,
    0,
    0,
    0,
    0,
    0,
    0,
    0,
    0,
    0,
    0,
    1,
    1,
    1,
    1,
    1,
    1,
    1,
    1,
    1,
    1,
    1,
    1
  ],
  "y_pred": [
    0,
    0,
    0,
    0,
    0,
    0,
    0,
    0,
    0,
    0,
    0,
    0,
    0,
    0,
    0,
    0,
    0,
    0,
    0,
    0,
    0,
    0,
    0,
    0,
    0,
    0,
    0,
    0,
    0,
    0,
    0,
    0,
    0,
    0,
    0,
    0,
    0,
    0,
    0,
    0,
    0,
    0,
    0,
    0,
    0,
    0,
    0,
    0,
    0,
    0,
    0,
    0,
    0,
    0,
    0,
    0,
    0,
    0,
    0,
    0,
    0,
    0,
    0,
    1,
    1,
    1,
    1,
    1,
    0,
    0,
    0,
    0,
    0,
    0,
    1
  ],
  "y_prob": [
    0.11065882444381714,
    0.10998629033565521,
    0.11071795970201492,
    0.17681391537189484,
    0.21495448052883148,
    0.11046768724918365,
    0.11020074784755707,
    0.1367117315530777,
    0.10910424590110779,
    0.11005978286266327,
    0.11061783879995346,
    0.11314963549375534,
    0.12938593327999115,
    0.12111898511648178,
    0.11261194944381714,
    0.11216554045677185,
    0.11082880944013596,
    0.11319772899150848,
    0.11191429942846298,
    0.1121995598077774,
    0.11038636416196823,
    0.1116086021065712,
    0.11986972391605377,
    0.10977709293365479,
    0.11244379729032516,
    0.10855807363986969,
    0.11281387507915497,
    0.10884440690279007,
    0.11200930178165436,
    0.11133274435997009,
    0.11025238037109375,
    0.11043544858694077,
    0.1120872050523758,
    0.10900938510894775,
    0.1096198707818985,
    0.11049837619066238,
    0.11479929834604263,
    0.10964035242795944,
    0.12234164029359818,
    0.11549577862024307,
    0.11382202059030533,
    0.11114241182804108,
    0.10972882807254791,
    0.30972224473953247,
    0.12569014728069305,
    0.112185537815094,
    0.1189277395606041,
    0.10943807661533356,
    0.11235697567462921,
    0.10919027775526047,
    0.11331184208393097,
    0.11199309676885605,
    0.11157627403736115,
    0.10985829681158066,
    0.10980146378278732,
    0.11063916236162186,
    0.10928284376859665,
    0.11704128235578537,
    0.10967522859573364,
    0.11192413419485092,
    0.11010000109672546,
    0.1120677962899208,
    0.11188001930713654,
    0.9139108061790466,
    0.8583817481994629,
    0.912543773651123,
    0.9078745245933533,
    0.915748119354248,
    0.11315532773733139,
    0.10955176502466202,
    0.11269868165254593,
    0.1143178716301918,
    0.10946906358003616,
    0.20282241702079773,
    0.8719269037246704
  ]
}