{
  "y_true": [
    0,
    0,
    0,
    0,
    0,
    0,
    0,
    0,
    0,
    0,
    0,
    0,
    0,
    0,
    0,
    0,
    0,
    0,
    0,
    0,
    0,
    0,
    0,
    0,
    0,
    0,
    0,
    0,
    0,
    0,
    0,
    0,
    0,
    0,
    0,
    0,
    0,
    0,
    0,
    0,
    0,
    0,
    0,
    0,
    0,
    0,
    0,
    0,
    0,
    0,
    0,
    0,
    0,
    0,
    0,
    0,
    0,
    0,
    0,
    0,
    0,
    0,
    0,
    1,
    1,
    1,
    1,
    1,
    1,
    1,
    1,
    1,
    1,
    1,
    1
  ],
  "y_pred": [
    0,
    0,
    0,
    0,
    0,
    0,
    0,
    0,
    0,
    0,
    0,
    0,
    0,
    0,
    0,
    0,
    0,
    0,
    0,
    0,
    0,
    0,
    0,
    0,
    0,
    0,
    0,
    0,
    0,
    0,
    0,
    0,
    0,
    0,
    0,
    0,
    0,
    0,
    0,
    0,
    0,
    0,
    0,
    0,
    0,
    0,
    0,
    0,
    0,
    0,
    0,
    0,
    0,
    0,
    0,
    0,
    0,
    0,
    0,
    0,
    0,
    0,
    0,
    1,
    0,
    1,
    1,
    1,
    0,
    0,
    0,
    0,
    0,
    0,
    1
  ],
  "y_prob": [
    0.10258645564317703,
    0.0984603762626648,
    0.16264905035495758,
    0.5312967896461487,
    0.42480605840682983,
    0.10256891697645187,
    0.10380782932043076,
    0.3863008916378021,
    0.10421835631132126,
    0.11059954017400742,
    0.10704793781042099,
    0.10583680123090744,
    0.28948405385017395,
    0.15692423284053802,
    0.10282529890537262,
    0.12337111681699753,
    0.14262185990810394,
    0.13107869029045105,
    0.14573107659816742,
    0.1028846949338913,
    0.1067580133676529,
    0.10087209194898605,
    0.1886376589536667,
    0.10030321031808853,
    0.10602333396673203,
    0.12759068608283997,
    0.1506327986717224,
    0.10657423734664917,
    0.10836487263441086,
    0.09961940348148346,
    0.10459230095148087,
    0.10104718059301376,
    0.10321217775344849,
    0.10867372155189514,
    0.14461588859558105,
    0.11924295127391815,
    0.11741697788238525,
    0.11343439668416977,
    0.3141380846500397,
    0.13586711883544922,
    0.10435599088668823,
    0.10144408792257309,
    0.11117347329854965,
    0.702841579914093,
    0.14379677176475525,
    0.10493084043264389,
    0.21926800906658173,
    0.11060082167387009,
    0.12957745790481567,
    0.09809636324644089,
    0.133624866604805,
    0.0998803898692131,
    0.10073216259479523,
    0.10019659250974655,
    0.1036040410399437,
    0.09932949393987656,
    0.10322677344083786,
    0.26382508873939514,
    0.10561766475439072,
    0.10032268613576889,
    0.10515297204256058,
    0.22149665653705597,
    0.1865776628255844,
    0.9293124675750732,
    0.838862419128418,
    0.9167465567588806,
    0.915868878364563,
    0.9317030310630798,
    0.11497455835342407,
    0.10797109454870224,
    0.13932733237743378,
    0.1194554939866066,
    0.10236211121082306,
    0.4271492063999176,
    0.8659380078315735
  ]
}