{
  "accuracy": 0.9466666666666667,
  "balanced_accuracy": 0.8670634920634921,
  "precision": 0.9,
  "recall": 0.75,
  "f1": 0.8181818181818182,
  "roc_auc": 0.9682539682539683,
  "pr_auc": 0.8956649831649833,
  "class_distribution": {
    "0": 63,
    "1": 12
  },
  "per_class_precision_recall": {
    "class_0": {
      "precision": 0.9538461538461539,
      "recall": 0.9841269841269841
    },
    "class_1": {
      "precision": 0.9,
      "recall": 0.75
    }
  },
  "confusion_matrix": {
    "tn": 62,
    "fp": 1,
    "fn": 3,
    "tp": 9
  },
  "confusion_matrix_normalized": {
    "tn": 0.9841269841269841,
    "fp": 0.015873015873015872,
    "fn": 0.25,
    "tp": 0.75
  },
  "threshold": 0.3,
  "n_samples": 75,
  "mean_probability": 0.1601226031780243,
  "pr_curve": {
    "precision": [
      0.16,
      0.16216216216216217,
      0.1643835616438356,
      0.16666666666666666,
      0.16901408450704225,
      0.17142857142857143,
      0.17391304347826086,
      0.17647058823529413,
      0.1791044776119403,
      0.18181818181818182,
      0.18461538461538463,
      0.1875,
      0.19047619047619047,
      0.1935483870967742,
      0.19672131147540983,
      0.2,
      0.2033898305084746,
      0.20689655172413793,
      0.21052631578947367,
      0.21428571428571427,
      0.21818181818181817,
      0.2222222222222222,
      0.22641509433962265,
      0.23076923076923078,
      0.23529411764705882,
      0.24,
      0.24489795918367346,
      0.25,
      0.2553191489361702,
      0.2608695652173913,
      0.26666666666666666,
      0.2727272727272727,
      0.27906976744186046,
      0.2857142857142857,
      0.2926829268292683,
      0.3,
      0.3076923076923077,
      0.3157894736842105,
      0.32432432432432434,
      0.3333333333333333,
      0.34285714285714286,
      0.35294117647058826,
      0.36363636363636365,
      0.375,
      0.3870967741935484,
      0.4,
      0.41379310344827586,
      0.42857142857142855,
      0.4444444444444444,
      0.46153846153846156,
      0.48,
      0.5,
      0.4782608695652174,
      0.5,
      0.5238095238095238,
      0.55,
      0.5263157894736842,
      0.5555555555555556,
      0.5882352941176471,
      0.625,
      0.6666666666666666,
      0.7142857142857143,
      0.7692307692307693,
      0.8333333333333334,
      0.9090909090909091,
      0.9,
      0.8888888888888888,
      0.875,
      1.0,
      1.0,
      1.0,
      1.0,
      1.0,
      1.0,
      1.0,
      1.0
    ],
    "recall": [
      1.0,
      1.0,
      1.0,
      1.0,
      1.0,
      1.0,
      1.0,
      1.0,
      1.0,
      1.0,
      1.0,
      1.0,
      1.0,
      1.0,
      1.0,
      1.0,
      1.0,
      1.0,
      1.0,
      1.0,
      1.0,
      1.0,
      1.0,
      1.0,
      1.0,
      1.0,
      1.0,
      1.0,
      1.0,
      1.0,
      1.0,
      1.0,
      1.0,
      1.0,
      1.0,
      1.0,
      1.0,
      1.0,
      1.0,
      1.0,
      1.0,
      1.0,
      1.0,
      1.0,
      1.0,
      1.0,
      1.0,
      1.0,
      1.0,
      1.0,
      1.0,
      1.0,
      0.9166666666666666,
      0.9166666666666666,
      0.9166666666666666,
      0.9166666666666666,
      0.8333333333333334,
      0.8333333333333334,
      0.8333333333333334,
      0.8333333333333334,
      0.8333333333333334,
      0.8333333333333334,
      0.8333333333333334,
      0.8333333333333334,
      0.8333333333333334,
      0.75,
      0.6666666666666666,
      0.5833333333333334,
      0.5833333333333334,
      0.5,
      0.4166666666666667,
      0.3333333333333333,
      0.25,
      0.16666666666666666,
      0.08333333333333333,
      0.0
    ],
    "thresholds": [
      0.0027822107076644897,
      0.0037083819042891264,
      0.0039078122936189175,
      0.003979299683123827,
      0.005840254481881857,
      0.006120712496340275,
      0.006458732765167952,
      0.006600124295800924,
      0.007335076108574867,
      0.007518596947193146,
      0.007999338209629059,
      0.008644644170999527,
      0.00953989289700985,
      0.010286884382367134,
      0.010509972460567951,
      0.010841026902198792,
      0.013316585682332516,
      0.01379369106143713,
      0.014362361282110214,
      0.014796157367527485,
      0.015001010149717331,
      0.015310213901102543,
      0.015438736416399479,
      0.015497361309826374,
      0.01573268696665764,
      0.0161425918340683,
      0.016161035746335983,
      0.018058687448501587,
      0.019439665600657463,
      0.019749315455555916,
      0.01998184248805046,
      0.02005915902554989,
      0.020768282935023308,
      0.023154472932219505,
      0.023961907252669334,
      0.023971153423190117,
      0.024579619988799095,
      0.026253532618284225,
      0.026629438623785973,
      0.027391521260142326,
      0.029894836246967316,
      0.030021395534276962,
      0.03308073803782463,
      0.04309230297803879,
      0.04571077972650528,
      0.045786064118146896,
      0.04820310324430466,
      0.048662956804037094,
      0.05072259157896042,
      0.054171569645404816,
      0.05467763543128967,
      0.061703648418188095,
      0.10846786946058273,
      0.11259392648935318,
      0.14350742101669312,
      0.14413486421108246,
      0.14990775287151337,
      0.15643417835235596,
      0.15665091574192047,
      0.20876245200634003,
      0.22686584293842316,
      0.23425495624542236,
      0.244206964969635,
      0.2609798312187195,
      0.29595986008644104,
      0.4707929790019989,
      0.5404934287071228,
      0.6059603095054626,
      0.9119933843612671,
      0.9595986604690552,
      0.9835858345031738,
      0.9836007952690125,
      0.9961113333702087,
      0.9976184964179993,
      0.9993619322776794
    ]
  }
}