{
  "accuracy": 0.9333333333333333,
  "balanced_accuracy": 0.8253968253968254,
  "precision": 0.8888888888888888,
  "recall": 0.6666666666666666,
  "f1": 0.761904761904762,
  "roc_auc": 0.9695767195767196,
  "pr_auc": 0.8877958785853525,
  "class_distribution": {
    "0": 63,
    "1": 12
  },
  "per_class_precision_recall": {
    "class_0": {
      "precision": 0.9393939393939394,
      "recall": 0.9841269841269841
    },
    "class_1": {
      "precision": 0.8888888888888888,
      "recall": 0.6666666666666666
    }
  },
  "confusion_matrix": {
    "tn": 62,
    "fp": 1,
    "fn": 4,
    "tp": 8
  },
  "confusion_matrix_normalized": {
    "tn": 0.9841269841269841,
    "fp": 0.015873015873015872,
    "fn": 0.3333333333333333,
    "tp": 0.6666666666666666
  },
  "threshold": 0.44999999999999996,
  "n_samples": 75,
  "mean_probability": 0.13957473635673523,
  "pr_curve": {
    "precision": [
      0.16,
      0.16216216216216217,
      0.1643835616438356,
      0.16666666666666666,
      0.16901408450704225,
      0.17142857142857143,
      0.17391304347826086,
      0.17647058823529413,
      0.1791044776119403,
      0.18181818181818182,
      0.18461538461538463,
      0.1875,
      0.19047619047619047,
      0.1935483870967742,
      0.19672131147540983,
      0.2,
      0.2033898305084746,
      0.20689655172413793,
      0.21052631578947367,
      0.21428571428571427,
      0.21818181818181817,
      0.2222222222222222,
      0.22641509433962265,
      0.23076923076923078,
      0.23529411764705882,
      0.24,
      0.24489795918367346,
      0.25,
      0.2553191489361702,
      0.2608695652173913,
      0.26666666666666666,
      0.2727272727272727,
      0.27906976744186046,
      0.2857142857142857,
      0.2926829268292683,
      0.3,
      0.3076923076923077,
      0.3157894736842105,
      0.32432432432432434,
      0.3333333333333333,
      0.34285714285714286,
      0.35294117647058826,
      0.36363636363636365,
      0.375,
      0.3870967741935484,
      0.4,
      0.41379310344827586,
      0.42857142857142855,
      0.4444444444444444,
      0.46153846153846156,
      0.48,
      0.5,
      0.5217391304347826,
      0.5454545454545454,
      0.5714285714285714,
      0.55,
      0.5789473684210527,
      0.5555555555555556,
      0.5882352941176471,
      0.625,
      0.6666666666666666,
      0.7142857142857143,
      0.6923076923076923,
      0.75,
      0.8181818181818182,
      0.9,
      0.8888888888888888,
      0.875,
      1.0,
      1.0,
      1.0,
      1.0,
      1.0,
      1.0,
      1.0,
      1.0
    ],
    "recall": [
      1.0,
      1.0,
      1.0,
      1.0,
      1.0,
      1.0,
      1.0,
      1.0,
      1.0,
      1.0,
      1.0,
      1.0,
      1.0,
      1.0,
      1.0,
      1.0,
      1.0,
      1.0,
      1.0,
      1.0,
      1.0,
      1.0,
      1.0,
      1.0,
      1.0,
      1.0,
      1.0,
      1.0,
      1.0,
      1.0,
      1.0,
      1.0,
      1.0,
      1.0,
      1.0,
      1.0,
      1.0,
      1.0,
      1.0,
      1.0,
      1.0,
      1.0,
      1.0,
      1.0,
      1.0,
      1.0,
      1.0,
      1.0,
      1.0,
      1.0,
      1.0,
      1.0,
      1.0,
      1.0,
      1.0,
      0.9166666666666666,
      0.9166666666666666,
      0.8333333333333334,
      0.8333333333333334,
      0.8333333333333334,
      0.8333333333333334,
      0.8333333333333334,
      0.75,
      0.75,
      0.75,
      0.75,
      0.6666666666666666,
      0.5833333333333334,
      0.5833333333333334,
      0.5,
      0.4166666666666667,
      0.3333333333333333,
      0.25,
      0.16666666666666666,
      0.08333333333333333,
      0.0
    ],
    "thresholds": [
      0.0009285467676818371,
      0.00105382374022156,
      0.0013929316774010658,
      0.0014172932133078575,
      0.001574769732542336,
      0.0017699541058391333,
      0.002244371920824051,
      0.002416155533865094,
      0.002600152511149645,
      0.0026815799064934254,
      0.0028135571628808975,
      0.003321649506688118,
      0.0034902787301689386,
      0.0036201011389493942,
      0.003703837748616934,
      0.004026010166853666,
      0.004105844534933567,
      0.004154862370342016,
      0.0045635029673576355,
      0.004624322056770325,
      0.004634400829672813,
      0.005200111772865057,
      0.005272876471281052,
      0.005622949916869402,
      0.00623472360894084,
      0.006401085294783115,
      0.006569571793079376,
      0.007437582593411207,
      0.007852775044739246,
      0.008835558779537678,
      0.00973953865468502,
      0.009963498450815678,
      0.010127557441592216,
      0.01021597534418106,
      0.01034581195563078,
      0.01052683126181364,
      0.010879135690629482,
      0.011063235811889172,
      0.011098124086856842,
      0.012199964374303818,
      0.012569368816912174,
      0.013037143275141716,
      0.013400367461144924,
      0.013919980265200138,
      0.020621277391910553,
      0.021399838849902153,
      0.022504247725009918,
      0.023119721561670303,
      0.026105964556336403,
      0.028900515288114548,
      0.035398680716753006,
      0.03802888095378876,
      0.047119490802288055,
      0.06719008088111877,
      0.07644371688365936,
      0.08900056779384613,
      0.09891798347234726,
      0.1023179367184639,
      0.1116601750254631,
      0.12167000025510788,
      0.13552623987197876,
      0.15031741559505463,
      0.20782403647899628,
      0.21016938984394073,
      0.29994189739227295,
      0.42844003438949585,
      0.49251824617385864,
      0.5536615252494812,
      0.8864949941635132,
      0.951191782951355,
      0.9628238677978516,
      0.9907512068748474,
      0.9946247935295105,
      0.9947373270988464,
      0.9990320205688477
    ]
  }
}