{
  "y_true": [
    0,
    0,
    0,
    0,
    0,
    0,
    0,
    0,
    0,
    0,
    0,
    0,
    0,
    0,
    0,
    0,
    0,
    0,
    0,
    0,
    0,
    0,
    0,
    0,
    0,
    0,
    0,
    0,
    0,
    0,
    0,
    0,
    0,
    0,
    0,
    0,
    0,
    0,
    0,
    0,
    0,
    0,
    0,
    0,
    0,
    0,
    0,
    0,
    0,
    0,
    0,
    0,
    0,
    0,
    0,
    0,
    0,
    0,
    0,
    0,
    0,
    0,
    0,
    1,
    1,
    1,
    1,
    1,
    1,
    1,
    1,
    1,
    1,
    1,
    1
  ],
  "y_pred": [
    0,
    0,
    0,
    0,
    1,
    0,
    0,
    0,
    0,
    0,
    0,
    0,
    0,
    0,
    0,
    0,
    0,
    0,
    0,
    0,
    0,
    0,
    0,
    0,
    0,
    0,
    0,
    0,
    0,
    0,
    0,
    0,
    0,
    0,
    0,
    0,
    0,
    0,
    0,
    0,
    0,
    0,
    0,
    0,
    0,
    0,
    0,
    0,
    0,
    0,
    0,
    0,
    0,
    0,
    0,
    0,
    0,
    0,
    0,
    0,
    0,
    0,
    0,
    1,
    1,
    1,
    1,
    1,
    1,
    0,
    0,
    1,
    0,
    1,
    1
  ],
  "y_prob": [
    0.04820310324430466,
    0.023961907252669334,
    0.22686584293842316,
    0.10846786946058273,
    0.6059603095054626,
    0.015438736416399479,
    0.006120712496340275,
    0.04571077972650528,
    0.05072259157896042,
    0.029894836246967316,
    0.01998184248805046,
    0.023154472932219505,
    0.010509972460567951,
    0.010286884382367134,
    0.015310213901102543,
    0.01379369106143713,
    0.045786064118146896,
    0.14350742101669312,
    0.054171569645404816,
    0.015001010149717331,
    0.027391521260142326,
    0.014362361282110214,
    0.05467763543128967,
    0.010841026902198792,
    0.00953989289700985,
    0.024579619988799095,
    0.007335076108574867,
    0.04309230297803879,
    0.013316585682332516,
    0.0161425918340683,
    0.0039078122936189175,
    0.026253532618284225,
    0.014796157367527485,
    0.244206964969635,
    0.14990775287151337,
    0.15643417835235596,
    0.016161035746335983,
    0.20876245200634003,
    0.020768282935023308,
    0.019439665600657463,
    0.019749315455555916,
    0.03308073803782463,
    0.015497361309826374,
    0.23425495624542236,
    0.01573268696665764,
    0.026629438623785973,
    0.018058687448501587,
    0.003979299683123827,
    0.02005915902554989,
    0.007999338209629059,
    0.2609798312187195,
    0.0037083819042891264,
    0.005840254481881857,
    0.023971153423190117,
    0.0027822107076644897,
    0.006600124295800924,
    0.15665091574192047,
    0.048662956804037094,
    0.030021395534276962,
    0.008644644170999527,
    0.007518596947193146,
    0.006458732765167952,
    0.11259392648935318,
    0.9993619322776794,
    0.9119933843612671,
    0.9835858345031738,
    0.9961113333702087,
    0.9976184964179993,
    0.4707929790019989,
    0.14413486421108246,
    0.29595986008644104,
    0.5404934287071228,
    0.061703648418188095,
    0.9595986604690552,
    0.9836007952690125
  ]
}