{
  "y_true": [
    0,
    0,
    0,
    0,
    0,
    0,
    0,
    0,
    0,
    0,
    0,
    0,
    0,
    0,
    0,
    0,
    0,
    0,
    0,
    0,
    0,
    0,
    0,
    0,
    0,
    0,
    0,
    0,
    0,
    0,
    0,
    0,
    0,
    0,
    0,
    0,
    0,
    0,
    0,
    0,
    0,
    0,
    0,
    0,
    0,
    0,
    0,
    0,
    0,
    0,
    0,
    0,
    0,
    0,
    0,
    0,
    0,
    0,
    0,
    0,
    0,
    0,
    0,
    1,
    1,
    1,
    1,
    1,
    1,
    1,
    1,
    1,
    1,
    1,
    1
  ],
  "y_pred": [
    0,
    0,
    0,
    0,
    1,
    0,
    0,
    0,
    0,
    0,
    0,
    0,
    0,
    0,
    0,
    0,
    0,
    0,
    0,
    0,
    0,
    0,
    0,
    0,
    0,
    0,
    0,
    0,
    0,
    0,
    0,
    0,
    0,
    0,
    0,
    0,
    0,
    0,
    0,
    0,
    0,
    0,
    0,
    0,
    0,
    0,
    0,
    0,
    0,
    0,
    0,
    0,
    0,
    0,
    0,
    0,
    0,
    0,
    0,
    0,
    0,
    0,
    0,
    1,
    1,
    1,
    1,
    1,
    0,
    0,
    0,
    1,
    0,
    1,
    1
  ],
  "y_prob": [
    0.013400367461144924,
    0.021399838849902153,
    0.1023179367184639,
    0.06719008088111877,
    0.5536615252494812,
    0.006569571793079376,
    0.002244371920824051,
    0.010879135690629482,
    0.010127557441592216,
    0.022504247725009918,
    0.013037143275141716,
    0.005200111772865057,
    0.004026010166853666,
    0.0045635029673576355,
    0.01052683126181364,
    0.006401085294783115,
    0.023119721561670303,
    0.028900515288114548,
    0.047119490802288055,
    0.01034581195563078,
    0.020621277391910553,
    0.0036201011389493942,
    0.026105964556336403,
    0.004105844534933567,
    0.003703837748616934,
    0.00973953865468502,
    0.001574769732542336,
    0.035398680716753006,
    0.007852775044739246,
    0.005272876471281052,
    0.0014172932133078575,
    0.008835558779537678,
    0.004154862370342016,
    0.20782403647899628,
    0.1116601750254631,
    0.12167000025510788,
    0.003321649506688118,
    0.13552623987197876,
    0.012569368816912174,
    0.011063235811889172,
    0.01021597534418106,
    0.011098124086856842,
    0.004624322056770325,
    0.21016938984394073,
    0.012199964374303818,
    0.009963498450815678,
    0.00623472360894084,
    0.0009285467676818371,
    0.005622949916869402,
    0.002600152511149645,
    0.29994189739227295,
    0.00105382374022156,
    0.0017699541058391333,
    0.007437582593411207,
    0.0013929316774010658,
    0.002416155533865094,
    0.03802888095378876,
    0.013919980265200138,
    0.004634400829672813,
    0.0028135571628808975,
    0.0034902787301689386,
    0.0026815799064934254,
    0.08900056779384613,
    0.9990320205688477,
    0.951191782951355,
    0.9628238677978516,
    0.9947373270988464,
    0.9946247935295105,
    0.42844003438949585,
    0.09891798347234726,
    0.15031741559505463,
    0.49251824617385864,
    0.07644371688365936,
    0.8864949941635132,
    0.9907512068748474
  ]
}