{
  "confusion_matrix": {
    "tn": 59,
    "fp": 4,
    "fn": 2,
    "tp": 10
  },
  "confusion_matrix_normalized": {
    "tn": 0.9365079365079365,
    "fp": 0.06349206349206349,
    "fn": 0.16666666666666666,
    "tp": 0.8333333333333334
  }
}