{
  "precision": [
    0.16,
    0.16216216216216217,
    0.1643835616438356,
    0.16666666666666666,
    0.16901408450704225,
    0.17142857142857143,
    0.17391304347826086,
    0.17647058823529413,
    0.1791044776119403,
    0.18181818181818182,
    0.18461538461538463,
    0.1875,
    0.19047619047619047,
    0.1935483870967742,
    0.19672131147540983,
    0.2,
    0.2033898305084746,
    0.20689655172413793,
    0.21052631578947367,
    0.21428571428571427,
    0.2,
    0.2037037037037037,
    0.20754716981132076,
    0.21153846153846154,
    0.21568627450980393,
    0.22,
    0.22448979591836735,
    0.22916666666666666,
    0.23404255319148937,
    0.2391304347826087,
    0.24444444444444444,
    0.25,
    0.2558139534883721,
    0.23809523809523808,
    0.24390243902439024,
    0.25,
    0.2564102564102564,
    0.2631578947368421,
    0.2702702702702703,
    0.2777777777777778,
    0.2571428571428571,
    0.2647058823529412,
    0.2727272727272727,
    0.28125,
    0.2903225806451613,
    0.26666666666666666,
    0.27586206896551724,
    0.2857142857142857,
    0.25925925925925924,
    0.2692307692307692,
    0.28,
    0.2916666666666667,
    0.30434782608695654,
    0.3181818181818182,
    0.3333333333333333,
    0.35,
    0.3684210526315789,
    0.3888888888888889,
    0.4117647058823529,
    0.4375,
    0.4666666666666667,
    0.5,
    0.5384615384615384,
    0.5833333333333334,
    0.6363636363636364,
    0.7,
    0.7777777777777778,
    0.875,
    0.8571428571428571,
    1.0,
    1.0,
    1.0,
    1.0,
    1.0,
    1.0,
    1.0
  ],
  "recall": [
    1.0,
    1.0,
    1.0,
    1.0,
    1.0,
    1.0,
    1.0,
    1.0,
    1.0,
    1.0,
    1.0,
    1.0,
    1.0,
    1.0,
    1.0,
    1.0,
    1.0,
    1.0,
    1.0,
    1.0,
    0.9166666666666666,
    0.9166666666666666,
    0.9166666666666666,
    0.9166666666666666,
    0.9166666666666666,
    0.9166666666666666,
    0.9166666666666666,
    0.9166666666666666,
    0.9166666666666666,
    0.9166666666666666,
    0.9166666666666666,
    0.9166666666666666,
    0.9166666666666666,
    0.8333333333333334,
    0.8333333333333334,
    0.8333333333333334,
    0.8333333333333334,
    0.8333333333333334,
    0.8333333333333334,
    0.8333333333333334,
    0.75,
    0.75,
    0.75,
    0.75,
    0.75,
    0.6666666666666666,
    0.6666666666666666,
    0.6666666666666666,
    0.5833333333333334,
    0.5833333333333334,
    0.5833333333333334,
    0.5833333333333334,
    0.5833333333333334,
    0.5833333333333334,
    0.5833333333333334,
    0.5833333333333334,
    0.5833333333333334,
    0.5833333333333334,
    0.5833333333333334,
    0.5833333333333334,
    0.5833333333333334,
    0.5833333333333334,
    0.5833333333333334,
    0.5833333333333334,
    0.5833333333333334,
    0.5833333333333334,
    0.5833333333333334,
    0.5833333333333334,
    0.5,
    0.5,
    0.4166666666666667,
    0.3333333333333333,
    0.25,
    0.16666666666666666,
    0.08333333333333333,
    0.0
  ],
  "thresholds": [
    0.06163717061281204,
    0.06193162500858307,
    0.06197695806622505,
    0.06201401352882385,
    0.06218584626913071,
    0.06261597573757172,
    0.06279551237821579,
    0.06283274292945862,
    0.0629759281873703,
    0.06325032562017441,
    0.06337156146764755,
    0.06346922367811203,
    0.06346946954727173,
    0.06360013782978058,
    0.06366678327322006,
    0.06377813220024109,
    0.0638604462146759,
    0.0640307143330574,
    0.06409362703561783,
    0.06413468718528748,
    0.06415010243654251,
    0.06427604705095291,
    0.06428747624158859,
    0.06436904519796371,
    0.064529649913311,
    0.0646243691444397,
    0.06476732343435287,
    0.06484565883874893,
    0.06486312299966812,
    0.06487520039081573,
    0.06488512456417084,
    0.06490016728639603,
    0.06496195495128632,
    0.06508917361497879,
    0.06512942165136337,
    0.06522155553102493,
    0.06524314731359482,
    0.06538905203342438,
    0.0654468908905983,
    0.06556127965450287,
    0.0657648965716362,
    0.06593208014965057,
    0.06608730554580688,
    0.06621827185153961,
    0.06658457964658737,
    0.0667872354388237,
    0.06680785119533539,
    0.06702453643083572,
    0.06720088422298431,
    0.06722785532474518,
    0.0675259530544281,
    0.06762808561325073,
    0.06847050786018372,
    0.06883426010608673,
    0.06935889273881912,
    0.07102140784263611,
    0.07118051499128342,
    0.07124287635087967,
    0.07188240438699722,
    0.07242679595947266,
    0.07314226776361465,
    0.07373431324958801,
    0.08102555572986603,
    0.08285766839981079,
    0.09936341643333435,
    0.1064964011311531,
    0.17794981598854065,
    0.24185234308242798,
    0.2725125849246979,
    0.5182738900184631,
    0.9261559247970581,
    0.9398075938224792,
    0.9675716161727905,
    0.9702833294868469,
    0.9705637693405151
  ]
}