{
  "y_true": [
    0,
    0,
    0,
    0,
    0,
    0,
    0,
    0,
    0,
    0,
    0,
    0,
    0,
    0,
    0,
    0,
    0,
    0,
    0,
    0,
    0,
    0,
    0,
    0,
    0,
    0,
    0,
    0,
    0,
    0,
    0,
    0,
    0,
    0,
    0,
    0,
    0,
    0,
    0,
    0,
    0,
    0,
    0,
    0,
    0,
    0,
    0,
    0,
    0,
    0,
    0,
    0,
    0,
    0,
    0,
    0,
    0,
    0,
    0,
    0,
    0,
    0,
    0,
    1,
    1,
    1,
    1,
    1,
    1,
    1,
    1,
    1,
    1,
    1,
    1
  ],
  "y_pred": [
    0,
    0,
    0,
    0,
    0,
    0,
    0,
    0,
    0,
    0,
    0,
    0,
    0,
    0,
    0,
    0,
    0,
    0,
    0,
    0,
    0,
    0,
    0,
    0,
    0,
    0,
    0,
    0,
    0,
    0,
    0,
    0,
    0,
    0,
    0,
    0,
    0,
    0,
    0,
    0,
    0,
    0,
    0,
    0,
    0,
    0,
    0,
    0,
    0,
    0,
    0,
    0,
    0,
    0,
    0,
    0,
    0,
    0,
    0,
    0,
    0,
    0,
    0,
    1,
    1,
    1,
    1,
    1,
    0,
    0,
    0,
    0,
    0,
    0,
    0
  ],
  "y_prob": [
    0.06283274292945862,
    0.06428747624158859,
    0.07314226776361465,
    0.06512942165136337,
    0.2725125849246979,
    0.06360013782978058,
    0.06593208014965057,
    0.09936341643333435,
    0.06847050786018372,
    0.07242679595947266,
    0.0646243691444397,
    0.06346946954727173,
    0.08102555572986603,
    0.07188240438699722,
    0.06722785532474518,
    0.06538905203342438,
    0.06193162500858307,
    0.0638604462146759,
    0.06608730554580688,
    0.06720088422298431,
    0.06366678327322006,
    0.06163717061281204,
    0.07373431324958801,
    0.06346922367811203,
    0.06261597573757172,
    0.06524314731359482,
    0.0667872354388237,
    0.06621827185153961,
    0.06488512456417084,
    0.06476732343435287,
    0.06680785119533539,
    0.06377813220024109,
    0.06337156146764755,
    0.06436904519796371,
    0.06415010243654251,
    0.06487520039081573,
    0.07102140784263611,
    0.06486312299966812,
    0.1064964011311531,
    0.06325032562017441,
    0.06522155553102493,
    0.06490016728639603,
    0.06409362703561783,
    0.17794981598854065,
    0.06218584626913071,
    0.06508917361497879,
    0.07124287635087967,
    0.06935889273881912,
    0.0657648965716362,
    0.0629759281873703,
    0.06201401352882385,
    0.0640307143330574,
    0.06762808561325073,
    0.064529649913311,
    0.06279551237821579,
    0.06484565883874893,
    0.0675259530544281,
    0.08285766839981079,
    0.0654468908905983,
    0.06427604705095291,
    0.06197695806622505,
    0.07118051499128342,
    0.06883426010608673,
    0.9702833294868469,
    0.9398075938224792,
    0.9675716161727905,
    0.9261559247970581,
    0.9705637693405151,
    0.06496195495128632,
    0.06413468718528748,
    0.06556127965450287,
    0.06658457964658737,
    0.06702453643083572,
    0.24185234308242798,
    0.5182738900184631
  ]
}