{
  "confusion_matrix": {
    "tn": 60,
    "fp": 3,
    "fn": 2,
    "tp": 10
  },
  "confusion_matrix_normalized": {
    "tn": 0.9523809523809523,
    "fp": 0.047619047619047616,
    "fn": 0.16666666666666666,
    "tp": 0.8333333333333334
  }
}