{
  "accuracy": 0.9333333333333333,
  "balanced_accuracy": 0.8928571428571428,
  "precision": 0.7692307692307693,
  "recall": 0.8333333333333334,
  "f1": 0.8,
  "roc_auc": 0.9656084656084656,
  "pr_auc": 0.886080103471408,
  "class_distribution": {
    "0": 63,
    "1": 12
  },
  "per_class_precision_recall": {
    "class_0": {
      "precision": 0.967741935483871,
      "recall": 0.9523809523809523
    },
    "class_1": {
      "precision": 0.7692307692307693,
      "recall": 0.8333333333333334
    }
  },
  "confusion_matrix": {
    "tn": 60,
    "fp": 3,
    "fn": 2,
    "tp": 10
  },
  "confusion_matrix_normalized": {
    "tn": 0.9523809523809523,
    "fp": 0.047619047619047616,
    "fn": 0.16666666666666666,
    "tp": 0.8333333333333334
  },
  "threshold": 0.49999999999999994,
  "n_samples": 75,
  "mean_probability": 0.18644113838672638
}