{
  "accuracy": 0.92,
  "balanced_accuracy": 0.7837301587301587,
  "precision": 0.875,
  "recall": 0.5833333333333334,
  "f1": 0.7000000000000001,
  "roc_auc": 0.8915343915343916,
  "pr_auc": 0.8168928523030691,
  "class_distribution": {
    "0": 63,
    "1": 12
  },
  "per_class_precision_recall": {
    "class_0": {
      "precision": 0.9253731343283582,
      "recall": 0.9841269841269841
    },
    "class_1": {
      "precision": 0.875,
      "recall": 0.5833333333333334
    }
  },
  "confusion_matrix": {
    "tn": 62,
    "fp": 1,
    "fn": 5,
    "tp": 7
  },
  "confusion_matrix_normalized": {
    "tn": 0.9841269841269841,
    "fp": 0.015873015873015872,
    "fn": 0.4166666666666667,
    "tp": 0.5833333333333334
  },
  "threshold": 0.3,
  "n_samples": 75,
  "mean_probability": 0.11486666649580002,
  "pr_curve": {
    "precision": [
      0.16,
      0.17647058823529413,
      0.1774193548387097,
      0.19298245614035087,
      0.22,
      0.25,
      0.2558139534883721,
      0.2682926829268293,
      0.275,
      0.28205128205128205,
      0.34375,
      0.3548387096774194,
      0.36666666666666664,
      0.3793103448275862,
      0.39285714285714285,
      0.37037037037037035,
      0.38461538461538464,
      0.4,
      0.4166666666666667,
      0.43478260869565216,
      0.47619047619047616,
      0.5263157894736842,
      0.5294117647058824,
      0.6,
      0.6428571428571429,
      0.75,
      0.8181818181818182,
      0.8,
      0.8888888888888888,
      0.875,
      1.0,
      1.0,
      1.0,
      1.0,
      1.0,
      1.0,
      1.0,
      1.0
    ],
    "recall": [
      1.0,
      1.0,
      0.9166666666666666,
      0.9166666666666666,
      0.9166666666666666,
      0.9166666666666666,
      0.9166666666666666,
      0.9166666666666666,
      0.9166666666666666,
      0.9166666666666666,
      0.9166666666666666,
      0.9166666666666666,
      0.9166666666666666,
      0.9166666666666666,
      0.9166666666666666,
      0.8333333333333334,
      0.8333333333333334,
      0.8333333333333334,
      0.8333333333333334,
      0.8333333333333334,
      0.8333333333333334,
      0.8333333333333334,
      0.75,
      0.75,
      0.75,
      0.75,
      0.75,
      0.6666666666666666,
      0.6666666666666666,
      0.5833333333333334,
      0.5833333333333334,
      0.5,
      0.4166666666666667,
      0.3333333333333333,
      0.25,
      0.16666666666666666,
      0.08333333333333333,
      0.0
    ],
    "thresholds": [
      0.0,
      0.004999999888241291,
      0.009999999776482582,
      0.014999999664723873,
      0.019999999552965164,
      0.02500000037252903,
      0.029999999329447746,
      0.03500000014901161,
      0.03999999910593033,
      0.04500000178813934,
      0.05000000074505806,
      0.06499999761581421,
      0.07000000029802322,
      0.07500000298023224,
      0.10499999672174454,
      0.11500000208616257,
      0.11999999731779099,
      0.12999999523162842,
      0.14000000059604645,
      0.16500000655651093,
      0.17499999701976776,
      0.18000000715255737,
      0.19499999284744263,
      0.20499999821186066,
      0.20999999344348907,
      0.23499999940395355,
      0.2549999952316284,
      0.26499998569488525,
      0.2750000059604645,
      0.3050000071525574,
      0.3449999988079071,
      0.36000001430511475,
      0.38499999046325684,
      0.5299999713897705,
      0.5450000166893005,
      0.5849999785423279,
      0.824999988079071
    ]
  }
}