{
  "accuracy": 0.8933333333333333,
  "balanced_accuracy": 0.7003968253968254,
  "precision": 0.8333333333333334,
  "recall": 0.4166666666666667,
  "f1": 0.5555555555555556,
  "roc_auc": 0.8201058201058201,
  "pr_auc": 0.6719349925762655,
  "class_distribution": {
    "0": 63,
    "1": 12
  },
  "per_class_precision_recall": {
    "class_0": {
      "precision": 0.8985507246376812,
      "recall": 0.9841269841269841
    },
    "class_1": {
      "precision": 0.8333333333333334,
      "recall": 0.4166666666666667
    }
  },
  "confusion_matrix": {
    "tn": 62,
    "fp": 1,
    "fn": 7,
    "tp": 5
  },
  "confusion_matrix_normalized": {
    "tn": 0.9841269841269841,
    "fp": 0.015873015873015872,
    "fn": 0.5833333333333334,
    "tp": 0.4166666666666667
  },
  "threshold": 0.85,
  "n_samples": 75,
  "mean_probability": 0.2204093486070633,
  "pr_curve": {
    "precision": [
      0.16,
      0.16216216216216217,
      0.1643835616438356,
      0.16666666666666666,
      0.16901408450704225,
      0.17142857142857143,
      0.17391304347826086,
      0.17647058823529413,
      0.1791044776119403,
      0.18181818181818182,
      0.18461538461538463,
      0.1875,
      0.19047619047619047,
      0.1935483870967742,
      0.19672131147540983,
      0.18333333333333332,
      0.1864406779661017,
      0.1896551724137931,
      0.19298245614035087,
      0.19642857142857142,
      0.2,
      0.2037037037037037,
      0.20754716981132076,
      0.21153846153846154,
      0.21568627450980393,
      0.22,
      0.20408163265306123,
      0.20833333333333334,
      0.2127659574468085,
      0.21739130434782608,
      0.2222222222222222,
      0.22727272727272727,
      0.23255813953488372,
      0.23809523809523808,
      0.24390243902439024,
      0.25,
      0.2564102564102564,
      0.2631578947368421,
      0.2702702702702703,
      0.2777777777777778,
      0.2857142857142857,
      0.29411764705882354,
      0.2727272727272727,
      0.28125,
      0.2903225806451613,
      0.3,
      0.3103448275862069,
      0.32142857142857145,
      0.3333333333333333,
      0.34615384615384615,
      0.36,
      0.375,
      0.391304347826087,
      0.4090909090909091,
      0.42857142857142855,
      0.4,
      0.42105263157894735,
      0.4444444444444444,
      0.47058823529411764,
      0.5,
      0.5333333333333333,
      0.5,
      0.5384615384615384,
      0.5833333333333334,
      0.6363636363636364,
      0.7,
      0.6666666666666666,
      0.75,
      0.8571428571428571,
      0.8333333333333334,
      0.8,
      1.0,
      1.0,
      1.0,
      1.0,
      1.0
    ],
    "recall": [
      1.0,
      1.0,
      1.0,
      1.0,
      1.0,
      1.0,
      1.0,
      1.0,
      1.0,
      1.0,
      1.0,
      1.0,
      1.0,
      1.0,
      1.0,
      0.9166666666666666,
      0.9166666666666666,
      0.9166666666666666,
      0.9166666666666666,
      0.9166666666666666,
      0.9166666666666666,
      0.9166666666666666,
      0.9166666666666666,
      0.9166666666666666,
      0.9166666666666666,
      0.9166666666666666,
      0.8333333333333334,
      0.8333333333333334,
      0.8333333333333334,
      0.8333333333333334,
      0.8333333333333334,
      0.8333333333333334,
      0.8333333333333334,
      0.8333333333333334,
      0.8333333333333334,
      0.8333333333333334,
      0.8333333333333334,
      0.8333333333333334,
      0.8333333333333334,
      0.8333333333333334,
      0.8333333333333334,
      0.8333333333333334,
      0.75,
      0.75,
      0.75,
      0.75,
      0.75,
      0.75,
      0.75,
      0.75,
      0.75,
      0.75,
      0.75,
      0.75,
      0.75,
      0.6666666666666666,
      0.6666666666666666,
      0.6666666666666666,
      0.6666666666666666,
      0.6666666666666666,
      0.6666666666666666,
      0.5833333333333334,
      0.5833333333333334,
      0.5833333333333334,
      0.5833333333333334,
      0.5833333333333334,
      0.5,
      0.5,
      0.5,
      0.4166666666666667,
      0.3333333333333333,
      0.3333333333333333,
      0.25,
      0.16666666666666666,
      0.08333333333333333,
      0.0
    ],
    "thresholds": [
      0.10930992662906647,
      0.10948307067155838,
      0.10961848497390747,
      0.10962122678756714,
      0.10979121923446655,
      0.11012296378612518,
      0.11013556271791458,
      0.11045058816671371,
      0.11074681580066681,
      0.11079307645559311,
      0.1109483391046524,
      0.11116810142993927,
      0.11133512109518051,
      0.11151455342769623,
      0.11182111501693726,
      0.1118784099817276,
      0.1118922159075737,
      0.11219184845685959,
      0.11229594796895981,
      0.11245014518499374,
      0.11251888424158096,
      0.11266479641199112,
      0.11339517682790756,
      0.11396373808383942,
      0.11425444483757019,
      0.1142565980553627,
      0.11432259529829025,
      0.1143413707613945,
      0.11454514414072037,
      0.11494722962379456,
      0.11509526520967484,
      0.1152515634894371,
      0.11535599827766418,
      0.1157604530453682,
      0.11667479574680328,
      0.11679808050394058,
      0.11828256398439407,
      0.11835488677024841,
      0.11865547299385071,
      0.11898597329854965,
      0.11972068250179291,
      0.12078708410263062,
      0.12093944847583771,
      0.12465133517980576,
      0.12581582367420197,
      0.12597176432609558,
      0.12618127465248108,
      0.13053429126739502,
      0.13283422589302063,
      0.13429950177669525,
      0.13462480902671814,
      0.13519525527954102,
      0.14160609245300293,
      0.15084421634674072,
      0.15262752771377563,
      0.15428464114665985,
      0.15442021191120148,
      0.15492895245552063,
      0.17595499753952026,
      0.22084148228168488,
      0.2688959836959839,
      0.27085423469543457,
      0.3087766766548157,
      0.36015722155570984,
      0.36494180560112,
      0.41574475169181824,
      0.43238967657089233,
      0.6024816632270813,
      0.8396517634391785,
      0.8652740716934204,
      0.8661408424377441,
      0.8867286443710327,
      0.8933243751525879,
      0.895897388458252,
      0.8963846564292908
    ]
  }
}