{
  "y_true": [
    0,
    0,
    0,
    0,
    0,
    0,
    0,
    0,
    0,
    0,
    0,
    0,
    0,
    0,
    0,
    0,
    0,
    0,
    0,
    0,
    0,
    0,
    0,
    0,
    0,
    0,
    0,
    0,
    0,
    0,
    0,
    0,
    0,
    0,
    0,
    0,
    0,
    0,
    0,
    0,
    0,
    0,
    0,
    0,
    0,
    0,
    0,
    0,
    0,
    0,
    0,
    0,
    0,
    0,
    0,
    0,
    0,
    0,
    0,
    0,
    0,
    0,
    0,
    1,
    1,
    1,
    1,
    1,
    1,
    1,
    1,
    1,
    1,
    1,
    1
  ],
  "y_pred": [
    0,
    0,
    0,
    0,
    0,
    0,
    0,
    0,
    0,
    0,
    0,
    0,
    0,
    0,
    0,
    0,
    0,
    0,
    0,
    0,
    0,
    0,
    0,
    0,
    0,
    0,
    0,
    0,
    0,
    0,
    0,
    0,
    0,
    0,
    0,
    0,
    0,
    0,
    0,
    0,
    0,
    0,
    0,
    1,
    0,
    0,
    0,
    0,
    0,
    0,
    0,
    0,
    0,
    0,
    0,
    0,
    0,
    0,
    0,
    0,
    0,
    0,
    0,
    1,
    0,
    1,
    1,
    1,
    0,
    0,
    0,
    0,
    0,
    0,
    1
  ],
  "y_prob": [
    0.11074681580066681,
    0.11229594796895981,
    0.27085423469543457,
    0.36015722155570984,
    0.43238967657089233,
    0.11245014518499374,
    0.11251888424158096,
    0.6024816632270813,
    0.11898597329854965,
    0.10961848497390747,
    0.11396373808383942,
    0.11835488677024841,
    0.36494180560112,
    0.3087766766548157,
    0.1157604530453682,
    0.1152515634894371,
    0.13462480902671814,
    0.13429950177669525,
    0.12465133517980576,
    0.1118784099817276,
    0.11454514414072037,
    0.10979121923446655,
    0.13519525527954102,
    0.10948307067155838,
    0.11509526520967484,
    0.12597176432609558,
    0.12581582367420197,
    0.1143413707613945,
    0.11494722962379456,
    0.11012296378612518,
    0.11667479574680328,
    0.11432259529829025,
    0.11079307645559311,
    0.11266479641199112,
    0.12618127465248108,
    0.13283422589302063,
    0.13053429126739502,
    0.11865547299385071,
    0.17595499753952026,
    0.12093944847583771,
    0.11425444483757019,
    0.11133512109518051,
    0.11972068250179291,
    0.8661408424377441,
    0.15442021191120148,
    0.11535599827766418,
    0.15492895245552063,
    0.1109483391046524,
    0.11828256398439407,
    0.10930992662906647,
    0.15084421634674072,
    0.1118922159075737,
    0.10962122678756714,
    0.11679808050394058,
    0.11045058816671371,
    0.11151455342769623,
    0.11339517682790756,
    0.22084148228168488,
    0.11116810142993927,
    0.11013556271791458,
    0.11219184845685959,
    0.14160609245300293,
    0.15428464114665985,
    0.895897388458252,
    0.8396517634391785,
    0.8933243751525879,
    0.8867286443710327,
    0.8963846564292908,
    0.12078708410263062,
    0.1142565980553627,
    0.2688959836959839,
    0.15262752771377563,
    0.11182111501693726,
    0.41574475169181824,
    0.8652740716934204
  ]
}