{
  "precision": [
    0.16,
    0.17142857142857143,
    0.1935483870967742,
    0.21052631578947367,
    0.22641509433962265,
    0.2391304347826087,
    0.2558139534883721,
    0.28205128205128205,
    0.2972972972972973,
    0.3055555555555556,
    0.3142857142857143,
    0.34375,
    0.3225806451612903,
    0.3333333333333333,
    0.3448275862068966,
    0.35714285714285715,
    0.37037037037037035,
    0.38461538461538464,
    0.4,
    0.4166666666666667,
    0.45454545454545453,
    0.47619047619047616,
    0.5,
    0.5,
    0.5294117647058824,
    0.6,
    0.6428571428571429,
    0.75,
    0.8181818181818182,
    0.8,
    0.7777777777777778,
    1.0,
    1.0,
    1.0,
    1.0,
    1.0,
    1.0,
    1.0,
    1.0
  ],
  "recall": [
    1.0,
    1.0,
    1.0,
    1.0,
    1.0,
    0.9166666666666666,
    0.9166666666666666,
    0.9166666666666666,
    0.9166666666666666,
    0.9166666666666666,
    0.9166666666666666,
    0.9166666666666666,
    0.8333333333333334,
    0.8333333333333334,
    0.8333333333333334,
    0.8333333333333334,
    0.8333333333333334,
    0.8333333333333334,
    0.8333333333333334,
    0.8333333333333334,
    0.8333333333333334,
    0.8333333333333334,
    0.8333333333333334,
    0.75,
    0.75,
    0.75,
    0.75,
    0.75,
    0.75,
    0.6666666666666666,
    0.5833333333333334,
    0.5833333333333334,
    0.5,
    0.4166666666666667,
    0.3333333333333333,
    0.25,
    0.16666666666666666,
    0.08333333333333333,
    0.0
  ],
  "thresholds": [
    0.0,
    0.004999999888241291,
    0.009999999776482582,
    0.014999999664723873,
    0.019999999552965164,
    0.02500000037252903,
    0.029999999329447746,
    0.03500000014901161,
    0.03999999910593033,
    0.04500000178813934,
    0.05000000074505806,
    0.05999999865889549,
    0.06499999761581421,
    0.07000000029802322,
    0.07500000298023224,
    0.0949999988079071,
    0.10000000149011612,
    0.10999999940395355,
    0.125,
    0.12999999523162842,
    0.14499999582767487,
    0.1599999964237213,
    0.17499999701976776,
    0.18000000715255737,
    0.1899999976158142,
    0.20999999344348907,
    0.2150000035762787,
    0.2199999988079071,
    0.23999999463558197,
    0.26499998569488525,
    0.2800000011920929,
    0.32499998807907104,
    0.36000001430511475,
    0.4300000071525574,
    0.47999998927116394,
    0.5400000214576721,
    0.6100000143051147,
    0.8700000047683716
  ]
}