{
  "y_true": [
    0,
    0,
    0,
    0,
    0,
    0,
    0,
    0,
    0,
    0,
    0,
    0,
    0,
    0,
    0,
    0,
    0,
    0,
    0,
    0,
    0,
    0,
    0,
    0,
    0,
    0,
    0,
    0,
    0,
    0,
    0,
    0,
    0,
    0,
    0,
    0,
    0,
    0,
    0,
    0,
    0,
    0,
    0,
    0,
    0,
    0,
    0,
    0,
    0,
    0,
    0,
    0,
    0,
    0,
    0,
    0,
    0,
    0,
    0,
    0,
    0,
    0,
    0,
    1,
    1,
    1,
    1,
    1,
    1,
    1,
    1,
    1,
    1,
    1,
    1
  ],
  "y_pred": [
    0,
    0,
    0,
    0,
    0,
    0,
    0,
    0,
    0,
    0,
    0,
    0,
    0,
    0,
    0,
    0,
    0,
    0,
    0,
    0,
    0,
    0,
    0,
    0,
    0,
    0,
    0,
    0,
    0,
    0,
    0,
    0,
    0,
    0,
    0,
    0,
    0,
    0,
    0,
    0,
    0,
    0,
    0,
    0,
    0,
    0,
    0,
    0,
    0,
    0,
    0,
    0,
    0,
    0,
    0,
    0,
    0,
    0,
    0,
    0,
    0,
    0,
    0,
    1,
    0,
    1,
    1,
    1,
    0,
    0,
    0,
    1,
    0,
    1,
    1
  ],
  "y_prob": [
    0.2800000011920929,
    0.029999999329447746,
    0.2800000011920929,
    0.1899999976158142,
    0.17499999701976776,
    0.029999999329447746,
    0.004999999888241291,
    0.03999999910593033,
    0.12999999523162842,
    0.009999999776482582,
    0.029999999329447746,
    0.07500000298023224,
    0.07000000029802322,
    0.014999999664723873,
    0.05000000074505806,
    0.009999999776482582,
    0.019999999552965164,
    0.2150000035762787,
    0.05000000074505806,
    0.0949999988079071,
    0.0,
    0.014999999664723873,
    0.14499999582767487,
    0.0,
    0.004999999888241291,
    0.019999999552965164,
    0.014999999664723873,
    0.019999999552965164,
    0.019999999552965164,
    0.014999999664723873,
    0.004999999888241291,
    0.02500000037252903,
    0.009999999776482582,
    0.2199999988079071,
    0.10999999940395355,
    0.125,
    0.0,
    0.10000000149011612,
    0.03500000014901161,
    0.019999999552965164,
    0.009999999776482582,
    0.009999999776482582,
    0.06499999761581421,
    0.1899999976158142,
    0.004999999888241291,
    0.04500000178813934,
    0.02500000037252903,
    0.004999999888241291,
    0.019999999552965164,
    0.004999999888241291,
    0.18000000715255737,
    0.0,
    0.004999999888241291,
    0.029999999329447746,
    0.02500000037252903,
    0.0,
    0.2150000035762787,
    0.20999999344348907,
    0.05000000074505806,
    0.004999999888241291,
    0.12999999523162842,
    0.03500000014901161,
    0.1599999964237213,
    0.6100000143051147,
    0.26499998569488525,
    0.4300000071525574,
    0.8700000047683716,
    0.5400000214576721,
    0.23999999463558197,
    0.05999999865889549,
    0.17499999701976776,
    0.36000001430511475,
    0.019999999552965164,
    0.32499998807907104,
    0.47999998927116394
  ]
}