{
  "train": {
    "n": 153314,
    "pos": 88215,
    "neg": 65099,
    "pos_ratio": 0.5753877662835749,
    "neg_ratio": 0.4246122337164251
  },
  "val": {
    "n": 32854,
    "pos": 18903,
    "neg": 13951,
    "pos_ratio": 0.5753637304437815,
    "neg_ratio": 0.42463626955621847
  },
  "test": {
    "n": 32854,
    "pos": 18904,
    "neg": 13950,
    "pos_ratio": 0.5753941681378218,
    "neg_ratio": 0.42460583186217815
  }
}