{
  "train": {
    "n": 153314,
    "pos": 88385,
    "neg": 64929,
    "pos_ratio": 0.5764966017454375,
    "neg_ratio": 0.4235033982545625
  },
  "val": {
    "n": 32854,
    "pos": 18940,
    "neg": 13914,
    "pos_ratio": 0.5764899251232727,
    "neg_ratio": 0.4235100748767273
  },
  "test": {
    "n": 32854,
    "pos": 18940,
    "neg": 13914,
    "pos_ratio": 0.5764899251232727,
    "neg_ratio": 0.4235100748767273
  }
}