metric,mean,std
f1,0.8910367420587304,0.002639020338043912
roc_auc,0.9250588739029467,0.019947560374914505
pr_auc,0.9253684122089758,0.029790348912535177
balanced_accuracy,0.839748210932542,0.004062749433415451
recall_class_0,0.6960696338837042,0.0074957361305564825
recall_class_1,0.9834267879813796,0.0021794613061796395
