metric,mean,std
f1,0.8840241803001035,0.002361026803845494
roc_auc,0.9287911880212665,0.01753836465090384
pr_auc,0.9306887518509116,0.024706539906902966
balanced_accuracy,0.8247551705407469,0.004228065976654266
recall_class_0,0.6595077011659709,0.009106961720695847
recall_class_1,0.9900026399155226,0.0015195870503284408
