{
  "precision": [
    0.16,
    0.16216216216216217,
    0.1643835616438356,
    0.16666666666666666,
    0.16901408450704225,
    0.17142857142857143,
    0.17391304347826086,
    0.17647058823529413,
    0.1791044776119403,
    0.18181818181818182,
    0.18461538461538463,
    0.1875,
    0.19047619047619047,
    0.1935483870967742,
    0.19672131147540983,
    0.18333333333333332,
    0.1864406779661017,
    0.1896551724137931,
    0.19298245614035087,
    0.19642857142857142,
    0.2,
    0.2037037037037037,
    0.20754716981132076,
    0.21153846153846154,
    0.21568627450980393,
    0.22,
    0.22448979591836735,
    0.22916666666666666,
    0.23404255319148937,
    0.2391304347826087,
    0.24444444444444444,
    0.25,
    0.23255813953488372,
    0.23809523809523808,
    0.24390243902439024,
    0.25,
    0.2564102564102564,
    0.2631578947368421,
    0.2702702702702703,
    0.2777777777777778,
    0.2857142857142857,
    0.29411764705882354,
    0.30303030303030304,
    0.3125,
    0.3225806451612903,
    0.3333333333333333,
    0.3448275862068966,
    0.35714285714285715,
    0.3333333333333333,
    0.34615384615384615,
    0.36,
    0.375,
    0.391304347826087,
    0.4090909090909091,
    0.42857142857142855,
    0.45,
    0.47368421052631576,
    0.5,
    0.47058823529411764,
    0.5,
    0.5333333333333333,
    0.5714285714285714,
    0.6153846153846154,
    0.6666666666666666,
    0.7272727272727273,
    0.7,
    0.7777777777777778,
    0.875,
    0.8571428571428571,
    0.8333333333333334,
    0.8,
    1.0,
    1.0,
    1.0,
    1.0,
    1.0
  ],
  "recall": [
    1.0,
    1.0,
    1.0,
    1.0,
    1.0,
    1.0,
    1.0,
    1.0,
    1.0,
    1.0,
    1.0,
    1.0,
    1.0,
    1.0,
    1.0,
    0.9166666666666666,
    0.9166666666666666,
    0.9166666666666666,
    0.9166666666666666,
    0.9166666666666666,
    0.9166666666666666,
    0.9166666666666666,
    0.9166666666666666,
    0.9166666666666666,
    0.9166666666666666,
    0.9166666666666666,
    0.9166666666666666,
    0.9166666666666666,
    0.9166666666666666,
    0.9166666666666666,
    0.9166666666666666,
    0.9166666666666666,
    0.8333333333333334,
    0.8333333333333334,
    0.8333333333333334,
    0.8333333333333334,
    0.8333333333333334,
    0.8333333333333334,
    0.8333333333333334,
    0.8333333333333334,
    0.8333333333333334,
    0.8333333333333334,
    0.8333333333333334,
    0.8333333333333334,
    0.8333333333333334,
    0.8333333333333334,
    0.8333333333333334,
    0.8333333333333334,
    0.75,
    0.75,
    0.75,
    0.75,
    0.75,
    0.75,
    0.75,
    0.75,
    0.75,
    0.75,
    0.6666666666666666,
    0.6666666666666666,
    0.6666666666666666,
    0.6666666666666666,
    0.6666666666666666,
    0.6666666666666666,
    0.6666666666666666,
    0.5833333333333334,
    0.5833333333333334,
    0.5833333333333334,
    0.5,
    0.4166666666666667,
    0.3333333333333333,
    0.3333333333333333,
    0.25,
    0.16666666666666666,
    0.08333333333333333,
    0.0
  ],
  "thresholds": [
    0.08202878385782242,
    0.08492480963468552,
    0.08512473851442337,
    0.08551904559135437,
    0.0857132077217102,
    0.085731640458107,
    0.08615414053201675,
    0.08703511953353882,
    0.08726532757282257,
    0.08735913038253784,
    0.08838097006082535,
    0.08885398507118225,
    0.08924822509288788,
    0.08927424252033234,
    0.08995150774717331,
    0.09004779905080795,
    0.09013257920742035,
    0.09015625715255737,
    0.09036903083324432,
    0.0909961387515068,
    0.09149960428476334,
    0.09203819930553436,
    0.09232762455940247,
    0.09262984991073608,
    0.09287331253290176,
    0.09326716512441635,
    0.09360260516405106,
    0.09383276849985123,
    0.09409935772418976,
    0.09477520734071732,
    0.09548688679933548,
    0.09564857184886932,
    0.0956989973783493,
    0.09620316326618195,
    0.09621444344520569,
    0.09714443981647491,
    0.0973934605717659,
    0.09858144819736481,
    0.09931034594774246,
    0.0993838831782341,
    0.10368165373802185,
    0.10383608937263489,
    0.10419703274965286,
    0.10434848070144653,
    0.10582894086837769,
    0.10617104917764664,
    0.1104608029127121,
    0.11172397434711456,
    0.11261706054210663,
    0.11359559744596481,
    0.11562983691692352,
    0.11658946424722672,
    0.12147102504968643,
    0.12210474908351898,
    0.13556602597236633,
    0.13990654051303864,
    0.14313781261444092,
    0.14333076775074005,
    0.14691831171512604,
    0.15765582025051117,
    0.15929706394672394,
    0.18616482615470886,
    0.19037944078445435,
    0.20282192528247833,
    0.26767992973327637,
    0.34610041975975037,
    0.4065631628036499,
    0.60013347864151,
    0.6956760883331299,
    0.7488505840301514,
    0.8214131593704224,
    0.9205821752548218,
    0.9373887777328491,
    0.9426705837249756,
    0.9457757472991943
  ]
}