{
  "precision": [
    0.16,
    0.16216216216216217,
    0.1643835616438356,
    0.16666666666666666,
    0.16901408450704225,
    0.17142857142857143,
    0.17391304347826086,
    0.17647058823529413,
    0.1791044776119403,
    0.16666666666666666,
    0.16923076923076924,
    0.171875,
    0.1746031746031746,
    0.1774193548387097,
    0.18032786885245902,
    0.18333333333333332,
    0.1864406779661017,
    0.1896551724137931,
    0.19298245614035087,
    0.19642857142857142,
    0.2,
    0.2037037037037037,
    0.20754716981132076,
    0.21153846153846154,
    0.21568627450980393,
    0.22,
    0.22448979591836735,
    0.20833333333333334,
    0.2127659574468085,
    0.21739130434782608,
    0.2222222222222222,
    0.22727272727272727,
    0.23255813953488372,
    0.23809523809523808,
    0.24390243902439024,
    0.25,
    0.2564102564102564,
    0.2631578947368421,
    0.2702702702702703,
    0.2777777777777778,
    0.2857142857142857,
    0.29411764705882354,
    0.30303030303030304,
    0.3125,
    0.3225806451612903,
    0.3333333333333333,
    0.3103448275862069,
    0.32142857142857145,
    0.3333333333333333,
    0.34615384615384615,
    0.36,
    0.375,
    0.391304347826087,
    0.4090909090909091,
    0.42857142857142855,
    0.45,
    0.47368421052631576,
    0.5,
    0.5294117647058824,
    0.5,
    0.5333333333333333,
    0.5,
    0.5384615384615384,
    0.5833333333333334,
    0.6363636363636364,
    0.7,
    0.7777777777777778,
    0.875,
    0.8571428571428571,
    1.0,
    1.0,
    1.0,
    1.0,
    1.0,
    1.0,
    1.0
  ],
  "recall": [
    1.0,
    1.0,
    1.0,
    1.0,
    1.0,
    1.0,
    1.0,
    1.0,
    1.0,
    0.9166666666666666,
    0.9166666666666666,
    0.9166666666666666,
    0.9166666666666666,
    0.9166666666666666,
    0.9166666666666666,
    0.9166666666666666,
    0.9166666666666666,
    0.9166666666666666,
    0.9166666666666666,
    0.9166666666666666,
    0.9166666666666666,
    0.9166666666666666,
    0.9166666666666666,
    0.9166666666666666,
    0.9166666666666666,
    0.9166666666666666,
    0.9166666666666666,
    0.8333333333333334,
    0.8333333333333334,
    0.8333333333333334,
    0.8333333333333334,
    0.8333333333333334,
    0.8333333333333334,
    0.8333333333333334,
    0.8333333333333334,
    0.8333333333333334,
    0.8333333333333334,
    0.8333333333333334,
    0.8333333333333334,
    0.8333333333333334,
    0.8333333333333334,
    0.8333333333333334,
    0.8333333333333334,
    0.8333333333333334,
    0.8333333333333334,
    0.8333333333333334,
    0.75,
    0.75,
    0.75,
    0.75,
    0.75,
    0.75,
    0.75,
    0.75,
    0.75,
    0.75,
    0.75,
    0.75,
    0.75,
    0.6666666666666666,
    0.6666666666666666,
    0.5833333333333334,
    0.5833333333333334,
    0.5833333333333334,
    0.5833333333333334,
    0.5833333333333334,
    0.5833333333333334,
    0.5833333333333334,
    0.5,
    0.5,
    0.4166666666666667,
    0.3333333333333333,
    0.25,
    0.16666666666666666,
    0.08333333333333333,
    0.0
  ],
  "thresholds": [
    0.10180328786373138,
    0.10279833525419235,
    0.10301041603088379,
    0.10319282859563828,
    0.1033661738038063,
    0.10345262289047241,
    0.10349837690591812,
    0.10358446091413498,
    0.10359150171279907,
    0.10389898717403412,
    0.1040593609213829,
    0.10421835631132126,
    0.10465390235185623,
    0.10510316491127014,
    0.10515277087688446,
    0.1053350418806076,
    0.10538722574710846,
    0.10542453825473785,
    0.10546312481164932,
    0.10568015277385712,
    0.10577934235334396,
    0.10595176368951797,
    0.10605764389038086,
    0.10616994649171829,
    0.10618633031845093,
    0.10630156844854355,
    0.10665792226791382,
    0.10672106593847275,
    0.10678884387016296,
    0.10700111836194992,
    0.10716821998357773,
    0.10735967010259628,
    0.10749167203903198,
    0.10766151547431946,
    0.10774806886911392,
    0.10876606404781342,
    0.1091993898153305,
    0.10937096923589706,
    0.10947898030281067,
    0.10954169183969498,
    0.11064474284648895,
    0.11110413819551468,
    0.1112438216805458,
    0.11142638325691223,
    0.1116713136434555,
    0.11222780495882034,
    0.11259443312883377,
    0.11308261007070541,
    0.113315150141716,
    0.1135948896408081,
    0.1143450140953064,
    0.11495602875947952,
    0.11590056121349335,
    0.11639673262834549,
    0.1181817427277565,
    0.11903725564479828,
    0.11969643831253052,
    0.13286319375038147,
    0.1380019634962082,
    0.14623793959617615,
    0.14670756459236145,
    0.1482960730791092,
    0.15646401047706604,
    0.1658051609992981,
    0.18488433957099915,
    0.2049623429775238,
    0.355265349149704,
    0.7334890365600586,
    0.8145855069160461,
    0.8757343888282776,
    0.9255608916282654,
    0.9458437561988831,
    0.9514315128326416,
    0.9540178179740906,
    0.9554903507232666
  ]
}