{
  "y_true": [
    0,
    0,
    0,
    0,
    0,
    0,
    0,
    0,
    0,
    0,
    0,
    0,
    0,
    0,
    0,
    0,
    0,
    0,
    0,
    0,
    0,
    0,
    0,
    0,
    0,
    0,
    0,
    0,
    0,
    0,
    0,
    0,
    0,
    0,
    0,
    0,
    0,
    0,
    0,
    0,
    0,
    0,
    0,
    0,
    0,
    0,
    0,
    0,
    0,
    0,
    0,
    0,
    0,
    0,
    0,
    0,
    0,
    0,
    0,
    0,
    0,
    0,
    0,
    1,
    1,
    1,
    1,
    1,
    1,
    1,
    1,
    1,
    1,
    1,
    1
  ],
  "y_pred": [
    0,
    0,
    0,
    0,
    0,
    0,
    0,
    0,
    0,
    0,
    0,
    0,
    0,
    0,
    0,
    0,
    0,
    0,
    0,
    0,
    0,
    0,
    0,
    0,
    0,
    0,
    0,
    0,
    0,
    0,
    0,
    0,
    0,
    0,
    0,
    0,
    0,
    0,
    0,
    0,
    0,
    0,
    0,
    0,
    0,
    0,
    0,
    0,
    0,
    0,
    0,
    0,
    0,
    0,
    0,
    0,
    0,
    0,
    0,
    0,
    0,
    0,
    0,
    1,
    0,
    1,
    1,
    1,
    0,
    0,
    0,
    0,
    0,
    0,
    0
  ],
  "y_prob": [
    0.08492480963468552,
    0.09620316326618195,
    0.14691831171512604,
    0.4065631628036499,
    0.18616482615470886,
    0.09203819930553436,
    0.08726532757282257,
    0.19037944078445435,
    0.09858144819736481,
    0.08838097006082535,
    0.09149960428476334,
    0.09036903083324432,
    0.13556602597236633,
    0.11359559744596481,
    0.10368165373802185,
    0.09360260516405106,
    0.13990654051303864,
    0.20282192528247833,
    0.10582894086837769,
    0.09383276849985123,
    0.09621444344520569,
    0.09326716512441635,
    0.14313781261444092,
    0.085731640458107,
    0.08703511953353882,
    0.15929706394672394,
    0.09714443981647491,
    0.08924822509288788,
    0.08551904559135437,
    0.09004779905080795,
    0.08735913038253784,
    0.08885398507118225,
    0.09013257920742035,
    0.09262984991073608,
    0.0973934605717659,
    0.11562983691692352,
    0.10617104917764664,
    0.10434848070144653,
    0.12147102504968643,
    0.11658946424722672,
    0.09548688679933548,
    0.09015625715255737,
    0.1104608029127121,
    0.8214131593704224,
    0.10419703274965286,
    0.09931034594774246,
    0.12210474908351898,
    0.09287331253290176,
    0.0993838831782341,
    0.08927424252033234,
    0.10383608937263489,
    0.08512473851442337,
    0.09232762455940247,
    0.0956989973783493,
    0.0857132077217102,
    0.08615414053201675,
    0.09477520734071732,
    0.15765582025051117,
    0.09409935772418976,
    0.0909961387515068,
    0.08202878385782242,
    0.11261706054210663,
    0.34610041975975037,
    0.9426705837249756,
    0.6956760883331299,
    0.9373887777328491,
    0.9205821752548218,
    0.9457757472991943,
    0.11172397434711456,
    0.09564857184886932,
    0.14333076775074005,
    0.26767992973327637,
    0.08995150774717331,
    0.60013347864151,
    0.7488505840301514
  ]
}