{
  "y_true": [
    0,
    0,
    0,
    0,
    0,
    0,
    0,
    0,
    0,
    0,
    0,
    0,
    0,
    0,
    0,
    0,
    0,
    0,
    0,
    0,
    0,
    0,
    0,
    0,
    0,
    0,
    0,
    0,
    0,
    0,
    0,
    0,
    0,
    0,
    0,
    0,
    0,
    0,
    0,
    0,
    0,
    0,
    0,
    0,
    0,
    0,
    0,
    0,
    0,
    0,
    0,
    0,
    0,
    0,
    0,
    0,
    0,
    0,
    0,
    0,
    0,
    0,
    0,
    1,
    1,
    1,
    1,
    1,
    1,
    1,
    1,
    1,
    1,
    1,
    1
  ],
  "y_pred": [
    0,
    0,
    0,
    0,
    0,
    0,
    0,
    0,
    0,
    0,
    0,
    0,
    0,
    0,
    0,
    0,
    0,
    0,
    0,
    0,
    0,
    0,
    0,
    0,
    0,
    0,
    0,
    0,
    0,
    0,
    0,
    0,
    0,
    0,
    0,
    0,
    0,
    0,
    0,
    0,
    0,
    0,
    0,
    0,
    0,
    0,
    0,
    0,
    0,
    0,
    0,
    0,
    0,
    0,
    0,
    0,
    0,
    0,
    0,
    0,
    0,
    0,
    0,
    1,
    0,
    1,
    1,
    1,
    0,
    0,
    0,
    0,
    0,
    0,
    1
  ],
  "y_prob": [
    0.1091993898153305,
    0.10616994649171829,
    0.11308261007070541,
    0.355265349149704,
    0.18488433957099915,
    0.10345262289047241,
    0.10515277087688446,
    0.2049623429775238,
    0.11064474284648895,
    0.10568015277385712,
    0.10538722574710846,
    0.10735967010259628,
    0.14623793959617615,
    0.11142638325691223,
    0.1112438216805458,
    0.10319282859563828,
    0.1116713136434555,
    0.15646401047706604,
    0.10358446091413498,
    0.11259443312883377,
    0.10700111836194992,
    0.10774806886911392,
    0.1658051609992981,
    0.10510316491127014,
    0.1033661738038063,
    0.11110413819551468,
    0.10180328786373138,
    0.10595176368951797,
    0.10301041603088379,
    0.1053350418806076,
    0.10577934235334396,
    0.10421835631132126,
    0.10672106593847275,
    0.11639673262834549,
    0.1135948896408081,
    0.10876606404781342,
    0.1181817427277565,
    0.10279833525419235,
    0.11903725564479828,
    0.13286319375038147,
    0.10954169183969498,
    0.10630156844854355,
    0.10678884387016296,
    0.8145855069160461,
    0.1143450140953064,
    0.10766151547431946,
    0.11590056121349335,
    0.10465390235185623,
    0.10389898717403412,
    0.1040593609213829,
    0.113315150141716,
    0.10546312481164932,
    0.10947898030281067,
    0.10749167203903198,
    0.10349837690591812,
    0.10716821998357773,
    0.11495602875947952,
    0.11969643831253052,
    0.10937096923589706,
    0.10618633031845093,
    0.10542453825473785,
    0.10605764389038086,
    0.1482960730791092,
    0.9540178179740906,
    0.8757343888282776,
    0.9514315128326416,
    0.9458437561988831,
    0.9554903507232666,
    0.11222780495882034,
    0.10665792226791382,
    0.14670756459236145,
    0.1380019634962082,
    0.10359150171279907,
    0.7334890365600586,
    0.9255608916282654
  ]
}