{
  "confusion_matrix": {
    "tn": 58,
    "fp": 5,
    "fn": 3,
    "tp": 9
  },
  "confusion_matrix_normalized": {
    "tn": 0.9206349206349206,
    "fp": 0.07936507936507936,
    "fn": 0.25,
    "tp": 0.75
  }
}