{
  "confusion_matrix": {
    "tn": 48,
    "fp": 15,
    "fn": 0,
    "tp": 12
  },
  "confusion_matrix_normalized": {
    "tn": 0.7619047619047619,
    "fp": 0.23809523809523808,
    "fn": 0.0,
    "tp": 1.0
  }
}