{
  "precision": [
    0.16,
    0.16216216216216217,
    0.1643835616438356,
    0.16666666666666666,
    0.16901408450704225,
    0.17142857142857143,
    0.17391304347826086,
    0.17647058823529413,
    0.1791044776119403,
    0.18181818181818182,
    0.18461538461538463,
    0.1875,
    0.19047619047619047,
    0.1935483870967742,
    0.19672131147540983,
    0.2,
    0.2033898305084746,
    0.20689655172413793,
    0.21052631578947367,
    0.21428571428571427,
    0.21818181818181817,
    0.2222222222222222,
    0.22641509433962265,
    0.23076923076923078,
    0.23529411764705882,
    0.24,
    0.24489795918367346,
    0.25,
    0.2553191489361702,
    0.2608695652173913,
    0.26666666666666666,
    0.2727272727272727,
    0.27906976744186046,
    0.2857142857142857,
    0.2926829268292683,
    0.3,
    0.3076923076923077,
    0.3157894736842105,
    0.32432432432432434,
    0.3333333333333333,
    0.34285714285714286,
    0.35294117647058826,
    0.36363636363636365,
    0.375,
    0.3870967741935484,
    0.4,
    0.3793103448275862,
    0.39285714285714285,
    0.4074074074074074,
    0.4230769230769231,
    0.44,
    0.4583333333333333,
    0.4782608695652174,
    0.5,
    0.47619047619047616,
    0.5,
    0.5263157894736842,
    0.5555555555555556,
    0.5294117647058824,
    0.5625,
    0.6,
    0.6428571428571429,
    0.6923076923076923,
    0.6666666666666666,
    0.7272727272727273,
    0.8,
    0.8888888888888888,
    0.875,
    1.0,
    1.0,
    1.0,
    1.0,
    1.0,
    1.0,
    1.0,
    1.0
  ],
  "recall": [
    1.0,
    1.0,
    1.0,
    1.0,
    1.0,
    1.0,
    1.0,
    1.0,
    1.0,
    1.0,
    1.0,
    1.0,
    1.0,
    1.0,
    1.0,
    1.0,
    1.0,
    1.0,
    1.0,
    1.0,
    1.0,
    1.0,
    1.0,
    1.0,
    1.0,
    1.0,
    1.0,
    1.0,
    1.0,
    1.0,
    1.0,
    1.0,
    1.0,
    1.0,
    1.0,
    1.0,
    1.0,
    1.0,
    1.0,
    1.0,
    1.0,
    1.0,
    1.0,
    1.0,
    1.0,
    1.0,
    0.9166666666666666,
    0.9166666666666666,
    0.9166666666666666,
    0.9166666666666666,
    0.9166666666666666,
    0.9166666666666666,
    0.9166666666666666,
    0.9166666666666666,
    0.8333333333333334,
    0.8333333333333334,
    0.8333333333333334,
    0.8333333333333334,
    0.75,
    0.75,
    0.75,
    0.75,
    0.75,
    0.6666666666666666,
    0.6666666666666666,
    0.6666666666666666,
    0.6666666666666666,
    0.5833333333333334,
    0.5833333333333334,
    0.5,
    0.4166666666666667,
    0.3333333333333333,
    0.25,
    0.16666666666666666,
    0.08333333333333333,
    0.0
  ],
  "thresholds": [
    0.006859124638140202,
    0.00763932429254055,
    0.009586471132934093,
    0.010094874538481236,
    0.011367199942469597,
    0.011991466395556927,
    0.012470001354813576,
    0.013125834986567497,
    0.0155324162915349,
    0.015977928414940834,
    0.01600370928645134,
    0.01745109260082245,
    0.019625050947070122,
    0.02181660570204258,
    0.021849250420928,
    0.022372152656316757,
    0.023405011743307114,
    0.02405853010714054,
    0.024116912856698036,
    0.025925885885953903,
    0.02654760517179966,
    0.029918741434812546,
    0.03171485289931297,
    0.03391200304031372,
    0.036612819880247116,
    0.04208358749747276,
    0.04431825876235962,
    0.04560423642396927,
    0.04801115393638611,
    0.048302073031663895,
    0.04832671582698822,
    0.04859144240617752,
    0.04897318780422211,
    0.05185312032699585,
    0.05360707640647888,
    0.05506959557533264,
    0.05616561695933342,
    0.06527342647314072,
    0.0659552589058876,
    0.06745417416095734,
    0.0684836134314537,
    0.07060294598340988,
    0.07968537509441376,
    0.0810382291674614,
    0.08378230780363083,
    0.09066753089427948,
    0.09324523061513901,
    0.09671510756015778,
    0.12603816390037537,
    0.13550379872322083,
    0.15641745924949646,
    0.16698721051216125,
    0.16701291501522064,
    0.17582876980304718,
    0.19871166348457336,
    0.2123965322971344,
    0.2633543908596039,
    0.27482640743255615,
    0.29044076800346375,
    0.30325648188591003,
    0.31390661001205444,
    0.3318510353565216,
    0.3570716977119446,
    0.3636586368083954,
    0.3651139438152313,
    0.36964330077171326,
    0.487518846988678,
    0.5399156808853149,
    0.7244557738304138,
    0.8623841404914856,
    0.9039181470870972,
    0.9716231822967529,
    0.9933692812919617,
    0.9982142448425293,
    0.9983348250389099
  ]
}