{
  "y_true": [
    0,
    0,
    0,
    0,
    0,
    0,
    0,
    0,
    0,
    0,
    0,
    0,
    0,
    0,
    0,
    0,
    0,
    0,
    0,
    0,
    0,
    0,
    0,
    0,
    0,
    0,
    0,
    0,
    0,
    0,
    0,
    0,
    0,
    0,
    0,
    0,
    0,
    0,
    0,
    0,
    0,
    0,
    0,
    0,
    0,
    0,
    0,
    0,
    0,
    0,
    0,
    0,
    0,
    0,
    0,
    0,
    0,
    0,
    0,
    0,
    0,
    0,
    0,
    1,
    1,
    1,
    1,
    1,
    1,
    1,
    1,
    1,
    1,
    1,
    1
  ],
  "y_pred": [
    0,
    0,
    1,
    0,
    0,
    0,
    0,
    0,
    0,
    0,
    0,
    0,
    0,
    0,
    0,
    0,
    0,
    0,
    0,
    0,
    0,
    0,
    0,
    0,
    0,
    0,
    0,
    0,
    0,
    0,
    0,
    0,
    0,
    0,
    0,
    0,
    0,
    0,
    0,
    0,
    0,
    0,
    0,
    0,
    0,
    0,
    0,
    0,
    0,
    0,
    0,
    0,
    0,
    0,
    0,
    0,
    0,
    0,
    0,
    0,
    0,
    0,
    0,
    1,
    1,
    1,
    1,
    1,
    0,
    0,
    0,
    1,
    0,
    1,
    1
  ],
  "y_prob": [
    0.16701291501522064,
    0.0684836134314537,
    0.5399156808853149,
    0.3651139438152313,
    0.3318510353565216,
    0.024116912856698036,
    0.011991466395556927,
    0.05506959557533264,
    0.13550379872322083,
    0.08378230780363083,
    0.03171485289931297,
    0.06527342647314072,
    0.022372152656316757,
    0.01600370928645134,
    0.02181660570204258,
    0.015977928414940834,
    0.12603816390037537,
    0.3636586368083954,
    0.0810382291674614,
    0.04832671582698822,
    0.04859144240617752,
    0.025925885885953903,
    0.09671510756015778,
    0.013125834986567497,
    0.02654760517179966,
    0.04801115393638611,
    0.036612819880247116,
    0.0659552589058876,
    0.04208358749747276,
    0.023405011743307114,
    0.012470001354813576,
    0.04560423642396927,
    0.021849250420928,
    0.29044076800346375,
    0.31390661001205444,
    0.19871166348457336,
    0.04897318780422211,
    0.2633543908596039,
    0.09324523061513901,
    0.048302073031663895,
    0.04431825876235962,
    0.03391200304031372,
    0.05185312032699585,
    0.36964330077171326,
    0.05616561695933342,
    0.07968537509441376,
    0.02405853010714054,
    0.010094874538481236,
    0.06745417416095734,
    0.0155324162915349,
    0.30325648188591003,
    0.006859124638140202,
    0.011367199942469597,
    0.05360707640647888,
    0.00763932429254055,
    0.019625050947070122,
    0.2123965322971344,
    0.16698721051216125,
    0.07060294598340988,
    0.01745109260082245,
    0.029918741434812546,
    0.009586471132934093,
    0.15641745924949646,
    0.9983348250389099,
    0.7244557738304138,
    0.9716231822967529,
    0.9933692812919617,
    0.9982142448425293,
    0.3570716977119446,
    0.17582876980304718,
    0.27482640743255615,
    0.487518846988678,
    0.09066753089427948,
    0.8623841404914856,
    0.9039181470870972
  ]
}