{
  "metadata": {
    "approach": "Threshold sweep on validation set, applied to test set",
    "note": "Prevents data leakage: threshold and temperature selected on validation ONLY"
  },
  "data_hardening": {
    "n_original": 349,
    "n_augmented": 377,
    "class_counts_before": {
      "0": 297,
      "1": 52
    },
    "class_counts_after": {
      "0": 317,
      "1": 60
    },
    "label_flip_count": 10,
    "hard_sample_duplicates": 28,
    "gaussian_noise_sigma_frac": 0.1,
    "overlap_alpha_range": [
      0.6,
      0.9
    ],
    "feature_dropout_rate": 0.08
  },
  "best_validation": {
    "epoch": 9,
    "loss": 1.2406186348683126,
    "accuracy": 0.14864864864864866,
    "precision": 0.9999999980000001,
    "recall": 0.45454545413223135,
    "f1": 0.6249999949218751,
    "adjusted_f1": 0.6169999949218751,
    "fallback_score": 0.7669999961531251,
    "ece": 0.49800875803103317,
    "brier": 0.35113856196403503
  },
  "test": {
    "threshold_used": 0.5,
    "loss": 1.1504535953719894,
    "accuracy": 0.922077922077922,
    "precision": 0.749999999375,
    "recall": 0.749999999375,
    "f1": 0.749999994375,
    "roc_auc": 0.9051282051282051,
    "pr_auc": 0.8493589743589746,
    "ece": 0.0813662859236265,
    "brier": 0.05271105840802193
  },
  "test_diagnostics": {
    "fraction_predicted_positive": 0.15584415584415584,
    "fraction_predicted_negative": 0.8441558441558441,
    "tp": 9,
    "tn": 62,
    "fp": 3,
    "fn": 3
  },
  "calibration": {
    "temperature": 1.5,
    "selection_source": "validation_3fold_platt",
    "ece_bins": 10
  }
}