{
  "confusion_matrix": {
    "tn": 36,
    "fp": 27,
    "fn": 7,
    "tp": 5
  },
  "confusion_matrix_normalized": {
    "tn": 0.5714285714285714,
    "fp": 0.42857142857142855,
    "fn": 0.5833333333333334,
    "tp": 0.4166666666666667
  }
}