{
  "metadata": {
    "approach": "Threshold sweep on validation set, applied to test set",
    "note": "Prevents data leakage: threshold and temperature selected on validation ONLY"
  },
  "data_hardening": {
    "n_original": 349,
    "n_augmented": 377,
    "class_counts_before": {
      "0": 297,
      "1": 52
    },
    "class_counts_after": {
      "0": 323,
      "1": 54
    },
    "label_flip_count": 10,
    "hard_sample_duplicates": 28,
    "gaussian_noise_sigma_frac": 0.1,
    "overlap_alpha_range": [
      0.6,
      0.9
    ],
    "feature_dropout_rate": 0.08
  },
  "best_validation": {
    "epoch": 1,
    "loss": 0.10559307038784027,
    "accuracy": 0.14864864864864866,
    "precision": 0.9999999988888888,
    "recall": 0.8181818174380164,
    "f1": 0.8999999941499999,
    "recall_weighted_f1": 0.8727272718732781,
    "ece": 0.49990201202800144,
    "brier": 0.30938291549682617
  },
  "test": {
    "threshold_used": 0.7500000000000001,
    "loss": 0.10876351362699038,
    "accuracy": 0.922077922077922,
    "precision": 0.9999999983333333,
    "recall": 0.4999999995833333,
    "f1": 0.6666666614814816,
    "roc_auc": 0.8846153846153846,
    "pr_auc": 0.7776169301712781,
    "ece": 0.4834974093677162,
    "brier": 0.3094908595085144
  },
  "test_diagnostics": {
    "fraction_predicted_positive": 0.07792207792207792,
    "fraction_predicted_negative": 0.922077922077922,
    "tp": 6,
    "tn": 65,
    "fp": 0,
    "fn": 6
  },
  "calibration": {
    "temperature": 1.5,
    "selection_source": "uncalibrated_validation_selection",
    "ece_bins": 10
  }
}