{
  "noise_levels": [
    0.0,
    0.1,
    0.2,
    0.3,
    0.4,
    0.5
  ],
  "accuracy": [
    0.9066666666666666,
    0.9066666666666666,
    0.8666666666666667,
    0.84,
    0.76,
    0.76
  ],
  "degradation_rate": -0.34285714285714286
}