seed,model,accuracy,precision,recall,f1,roc_auc,pr_auc,ece,brier,fp,tp,tn,fn
42,transformer,0.8441558441558441,0.0,0.0,0.0,0.8846153846153846,0.7776169301712781,0.36335512376450874,0.2552274167537689,0,0,65,12
42,logistic_regression,0.8831168831168831,0.6153846149112425,0.666666666111111,0.639999994496,0.7987179487179487,0.7152612166739952,0.05939758298966779,0.08005328381709215,5,8,60,4
42,random_forest,0.9090909090909091,0.7777777769135802,0.5833333328472222,0.6666666611337869,0.8698717948717949,0.7387612387612389,0.04681785445352987,0.06637103828371374,2,7,63,5
42,lstm_baseline,0.922077922077922,0.75,0.75,0.75,0.8717948717948718,0.8122665732959852,0.405222960366463,0.23511026936350715,3,9,62,3
43,transformer,0.8441558441558441,0.0,0.0,0.0,0.9307692307692308,0.8309413580246915,0.42246196477057096,0.2550179064273834,0,0,65,12
43,logistic_regression,0.935064935064935,0.8888888879012344,0.666666666111111,0.7619047562811792,0.9346153846153846,0.8476410934744268,0.09814108520196559,0.06979160473358567,1,8,64,4
43,random_forest,0.9090909090909091,0.7777777769135802,0.5833333328472222,0.6666666611337869,0.9333333333333333,0.7943353592021195,0.06501016893494149,0.06084506827974617,2,7,63,5
43,lstm_baseline,0.7402597402597403,0.35714285714285715,0.8333333333333334,0.5,0.9115384615384615,0.826779701779702,0.30149158053099906,0.14600132111224637,18,10,47,2
44,transformer,0.922077922077922,0.9999999983333333,0.4999999995833333,0.6666666614814816,0.9371794871794872,0.8678465254552211,0.43199592044988233,0.2543742060661316,0,6,65,6
44,logistic_regression,0.8831168831168831,0.7142857132653061,0.41666666631944443,0.5263157842659281,0.8474358974358974,0.6924576653573873,0.07297563834211304,0.09831584091763317,2,5,63,7
44,random_forest,0.922077922077922,0.7999999992,0.666666666111111,0.7272727216528925,0.9083333333333333,0.812400918299285,0.09331012905469685,0.07692904854531454,2,8,63,4
44,lstm_baseline,0.4155844155844156,0.21052631578947367,1.0,0.34782608695652173,0.9243589743589743,0.8672839506172841,0.32975028984185967,0.16345207955431373,45,12,20,0
