{
  "metadata": {
    "approach": "Threshold sweep on validation set, applied to test set",
    "note": "Prevents data leakage: threshold and temperature selected on validation ONLY"
  },
  "best_validation": {
    "epoch": 1,
    "loss": 0.11875756648746696,
    "accuracy": 1.0,
    "precision": 0.999999999090909,
    "recall": 0.999999999090909,
    "f1": 0.999999994090909,
    "ece": 0.1824016734152227,
    "brier": 0.03966475650668144
  },
  "test": {
    "threshold_used": 0.3500000000000001,
    "loss": 0.11957991723116342,
    "accuracy": 1.0,
    "precision": 0.9999999991666666,
    "recall": 0.9999999991666666,
    "f1": 0.9999999941666666,
    "roc_auc": 1.0,
    "pr_auc": 1.0,
    "ece": 0.0005686046161035729,
    "brier": 1.3821191942042788e-06
  },
  "test_diagnostics": {
    "fraction_predicted_positive": 0.15584415584415584,
    "fraction_predicted_negative": 0.8441558441558441,
    "tp": 12,
    "tn": 65,
    "fp": 0,
    "fn": 0
  },
  "calibration": {
    "temperature": 0.25,
    "ece_bins": 10
  }
}