{
  "feature_mean": [
    0.247803196310997,
    -5.0257123803021386e-05,
    0.24788151681423187,
    0.053098876029253006,
    -0.00022753776283934712,
    -5.982784568914212e-05,
    0.1653236299753189,
    -2.384222170803696e-05,
    0.16533765196800232,
    0.050298456102609634,
    -0.00046416703844442964,
    -6.292127363849431e-05,
    0.7396846413612366,
    -4.517118213698268e-05,
    0.7396842837333679,
    0.0526701882481575,
    0.000252188096055761,
    -4.5531320211011916e-05,
    0.17033450305461884,
    1.8341230543228448e-06,
    0.17029418051242828,
    0.05111716315150261,
    -0.0003439451102167368,
    6.706711428705603e-05,
    0.8026963472366333,
    -0.00014271665713749826,
    0.8028466701507568,
    0.05233147740364075,
    0.000268575269728899,
    -0.0002647313813213259
  ],
  "feature_std": [
    0.1285412758588791,
    0.09991298615932465,
    0.11302139610052109,
    0.029769929125905037,
    0.9989662170410156,
    0.05914255976676941,
    0.1471354216337204,
    0.0957813486456871,
    0.13511565327644348,
    0.029673652723431587,
    0.9984589219093323,
    0.05677637457847595,
    0.14268743991851807,
    0.09924502670764923,
    0.12910689413547516,
    0.029896022751927376,
    0.9988945722579956,
    0.058819886296987534,
    0.1337549239397049,
    0.09662202000617981,
    0.12001123279333115,
    0.02928140200674534,
    0.9988333582878113,
    0.057125553488731384,
    0.13964062929153442,
    0.09933789819478989,
    0.12590856850147247,
    0.029954897239804268,
    0.9987912178039551,
    0.05820795148611069
  ]
}