{
  "accuracy": 0.88,
  "balanced_accuracy": 0.7261904761904762,
  "precision": 0.6666666666666666,
  "recall": 0.5,
  "f1": 0.5714285714285715,
  "roc_auc": 0.8968253968253969,
  "pr_auc": 0.7309657934657935,
  "class_distribution": {
    "0": 63,
    "1": 12
  },
  "per_class_precision_recall": {
    "class_0": {
      "precision": 0.9090909090909091,
      "recall": 0.9523809523809523
    },
    "class_1": {
      "precision": 0.6666666666666666,
      "recall": 0.5
    }
  },
  "confusion_matrix": {
    "tn": 60,
    "fp": 3,
    "fn": 6,
    "tp": 6
  },
  "confusion_matrix_normalized": {
    "tn": 0.9523809523809523,
    "fp": 0.047619047619047616,
    "fn": 0.5,
    "tp": 0.5
  },
  "threshold": 0.5,
  "n_samples": 75,
  "mean_probability": 0.14419013261795044
}