{
  "accuracy": 0.84,
  "balanced_accuracy": 0.5,
  "precision": 0.0,
  "recall": 0.0,
  "f1": 0.0,
  "roc_auc": 0.7857142857142857,
  "pr_auc": 0.4097218095992606,
  "class_distribution": {
    "0": 63,
    "1": 12
  },
  "per_class_precision_recall": {
    "class_0": {
      "precision": 0.84,
      "recall": 1.0
    },
    "class_1": {
      "precision": 0.0,
      "recall": 0.0
    }
  },
  "confusion_matrix": {
    "tn": 63,
    "fp": 0,
    "fn": 12,
    "tp": 0
  },
  "confusion_matrix_normalized": {
    "tn": 1.0,
    "fp": 0.0,
    "fn": 1.0,
    "tp": 0.0
  },
  "threshold": 0.5,
  "n_samples": 75,
  "mean_probability": 0.006394054275006056,
  "pr_curve": {
    "precision": [
      0.16,
      0.16216216216216217,
      0.1643835616438356,
      0.16666666666666666,
      0.16901408450704225,
      0.17142857142857143,
      0.17391304347826086,
      0.17647058823529413,
      0.1791044776119403,
      0.18181818181818182,
      0.18461538461538463,
      0.1875,
      0.19047619047619047,
      0.1935483870967742,
      0.19672131147540983,
      0.2,
      0.2033898305084746,
      0.20689655172413793,
      0.21052631578947367,
      0.21428571428571427,
      0.21818181818181817,
      0.2222222222222222,
      0.22641509433962265,
      0.23076923076923078,
      0.23529411764705882,
      0.24,
      0.24489795918367346,
      0.25,
      0.2553191489361702,
      0.2608695652173913,
      0.26666666666666666,
      0.2727272727272727,
      0.2558139534883721,
      0.2619047619047619,
      0.24390243902439024,
      0.25,
      0.2564102564102564,
      0.2631578947368421,
      0.2702702702702703,
      0.2777777777777778,
      0.2857142857142857,
      0.29411764705882354,
      0.30303030303030304,
      0.28125,
      0.2903225806451613,
      0.3,
      0.27586206896551724,
      0.2857142857142857,
      0.2962962962962963,
      0.2692307692307692,
      0.28,
      0.2916666666666667,
      0.30434782608695654,
      0.3181818181818182,
      0.3333333333333333,
      0.3,
      0.3157894736842105,
      0.3333333333333333,
      0.35294117647058826,
      0.3125,
      0.3333333333333333,
      0.35714285714285715,
      0.38461538461538464,
      0.4166666666666667,
      0.45454545454545453,
      0.5,
      0.5555555555555556,
      0.625,
      0.5714285714285714,
      0.5,
      0.6,
      0.5,
      0.3333333333333333,
      0.5,
      0.0,
      1.0
    ],
    "recall": [
      1.0,
      1.0,
      1.0,
      1.0,
      1.0,
      1.0,
      1.0,
      1.0,
      1.0,
      1.0,
      1.0,
      1.0,
      1.0,
      1.0,
      1.0,
      1.0,
      1.0,
      1.0,
      1.0,
      1.0,
      1.0,
      1.0,
      1.0,
      1.0,
      1.0,
      1.0,
      1.0,
      1.0,
      1.0,
      1.0,
      1.0,
      1.0,
      0.9166666666666666,
      0.9166666666666666,
      0.8333333333333334,
      0.8333333333333334,
      0.8333333333333334,
      0.8333333333333334,
      0.8333333333333334,
      0.8333333333333334,
      0.8333333333333334,
      0.8333333333333334,
      0.8333333333333334,
      0.75,
      0.75,
      0.75,
      0.6666666666666666,
      0.6666666666666666,
      0.6666666666666666,
      0.5833333333333334,
      0.5833333333333334,
      0.5833333333333334,
      0.5833333333333334,
      0.5833333333333334,
      0.5833333333333334,
      0.5,
      0.5,
      0.5,
      0.5,
      0.4166666666666667,
      0.4166666666666667,
      0.4166666666666667,
      0.4166666666666667,
      0.4166666666666667,
      0.4166666666666667,
      0.4166666666666667,
      0.4166666666666667,
      0.4166666666666667,
      0.3333333333333333,
      0.25,
      0.25,
      0.16666666666666666,
      0.08333333333333333,
      0.08333333333333333,
      0.0,
      0.0
    ],
    "thresholds": [
      1.0370931612658132e-17,
      1.757163066198023e-17,
      1.8236788099230047e-17,
      5.3883815651125104e-17,
      6.47594407611845e-17,
      7.640984293763047e-17,
      1.117982772864292e-16,
      1.2704264687552006e-16,
      1.532590577468695e-16,
      1.7258746286559598e-16,
      3.2365581547818005e-16,
      9.94916535394547e-16,
      1.1956796492780509e-15,
      1.3327071337706944e-15,
      1.4562075020956868e-15,
      2.2358527315279215e-15,
      4.629035903777699e-15,
      1.652670208530157e-14,
      1.7102030579999213e-14,
      4.270647962871521e-14,
      4.315668441644445e-14,
      5.457847308864075e-14,
      7.18176196680756e-14,
      8.699037177444316e-14,
      1.2091407519329578e-13,
      1.585600682869892e-13,
      2.1892038149732423e-13,
      3.2644560340501505e-13,
      3.939150438128647e-13,
      5.61107312956749e-13,
      6.960672815047031e-13,
      7.766421511977428e-13,
      7.963421046718044e-13,
      4.140395058055413e-12,
      7.248941898130301e-12,
      8.60056904167239e-12,
      1.6815345990628394e-11,
      1.7180685693563014e-11,
      2.8471598342849624e-11,
      6.068851671203745e-11,
      8.84151987734505e-11,
      9.064423517335385e-11,
      1.95240573708233e-10,
      2.0125537347759348e-10,
      2.328834902698418e-10,
      2.856691549979473e-10,
      2.9416105662427583e-10,
      3.8425740367387107e-10,
      6.029119425932095e-10,
      6.902038385270259e-10,
      7.544777580470452e-10,
      1.114433434423745e-09,
      1.5746095538560212e-09,
      1.678511329927801e-09,
      1.9671080320193823e-09,
      2.305346580300238e-09,
      7.860084139110768e-09,
      1.932346371802396e-08,
      2.2934184329415075e-08,
      2.3275893212826304e-08,
      2.5317602236896164e-08,
      4.080537507888948e-08,
      6.474034108805427e-08,
      1.780961298436523e-07,
      2.2374888430931605e-07,
      2.3220914613375498e-07,
      2.03124591280357e-06,
      2.397498974460177e-05,
      0.00013165852578822523,
      0.00026596314273774624,
      0.0008174984832294285,
      0.001046040910296142,
      0.002084430307149887,
      0.0023001485969871283,
      0.47288140654563904
    ]
  }
}