{
  "y_true": [
    0,
    0,
    0,
    0,
    0,
    0,
    0,
    0,
    0,
    0,
    0,
    0,
    0,
    0,
    0,
    0,
    0,
    0,
    0,
    0,
    0,
    0,
    0,
    0,
    0,
    0,
    0,
    0,
    0,
    0,
    0,
    0,
    0,
    0,
    0,
    0,
    0,
    0,
    0,
    0,
    0,
    0,
    0,
    0,
    0,
    0,
    0,
    0,
    0,
    0,
    0,
    0,
    0,
    0,
    0,
    0,
    0,
    0,
    0,
    0,
    0,
    0,
    0,
    1,
    1,
    1,
    1,
    1,
    1,
    1,
    1,
    1,
    1,
    1,
    1
  ],
  "y_pred": [
    0,
    0,
    0,
    0,
    0,
    0,
    0,
    0,
    0,
    0,
    0,
    0,
    0,
    0,
    0,
    0,
    0,
    0,
    0,
    0,
    0,
    0,
    0,
    0,
    0,
    0,
    0,
    0,
    0,
    0,
    0,
    0,
    0,
    0,
    0,
    0,
    0,
    0,
    0,
    0,
    0,
    0,
    0,
    0,
    0,
    0,
    0,
    0,
    0,
    0,
    0,
    0,
    0,
    0,
    0,
    0,
    0,
    0,
    0,
    0,
    0,
    0,
    0,
    0,
    0,
    0,
    0,
    0,
    0,
    0,
    0,
    0,
    0,
    0,
    0
  ],
  "y_prob": [
    9.064423517335385e-11,
    2.03124591280357e-06,
    1.678511329927801e-09,
    2.2374888430931605e-07,
    2.3220914613375498e-07,
    7.860084139110768e-09,
    6.47594407611845e-17,
    4.080537507888948e-08,
    1.780961298436523e-07,
    2.5317602236896164e-08,
    2.3275893212826304e-08,
    4.270647962871521e-14,
    1.757163066198023e-17,
    6.902038385270259e-10,
    1.6815345990628394e-11,
    2.9416105662427583e-10,
    1.3327071337706944e-15,
    0.002084430307149887,
    4.629035903777699e-15,
    1.4562075020956868e-15,
    8.699037177444316e-14,
    6.068851671203745e-11,
    2.0125537347759348e-10,
    1.7180685693563014e-11,
    1.117982772864292e-16,
    1.1956796492780509e-15,
    4.315668441644445e-14,
    2.1892038149732423e-13,
    5.61107312956749e-13,
    7.640984293763047e-17,
    9.94916535394547e-16,
    2.2358527315279215e-15,
    1.2704264687552006e-16,
    2.305346580300238e-09,
    5.457847308864075e-14,
    0.47288140654563904,
    6.474034108805427e-08,
    1.532590577468695e-16,
    1.932346371802396e-08,
    7.248941898130301e-12,
    3.8425740367387107e-10,
    1.585600682869892e-13,
    6.960672815047031e-13,
    0.00026596314273774624,
    1.7102030579999213e-14,
    5.3883815651125104e-17,
    8.84151987734505e-11,
    1.7258746286559598e-16,
    1.5746095538560212e-09,
    7.963421046718044e-13,
    1.114433434423745e-09,
    3.2365581547818005e-16,
    1.8236788099230047e-17,
    7.18176196680756e-14,
    1.2091407519329578e-13,
    1.0370931612658132e-17,
    7.544777580470452e-10,
    3.2644560340501505e-13,
    2.328834902698418e-10,
    1.652670208530157e-14,
    8.60056904167239e-12,
    3.939150438128647e-13,
    2.8471598342849624e-11,
    0.0023001485969871283,
    2.397498974460177e-05,
    0.001046040910296142,
    6.029119425932095e-10,
    0.00013165852578822523,
    4.140395058055413e-12,
    7.766421511977428e-13,
    1.9671080320193823e-09,
    2.856691549979473e-10,
    1.95240573708233e-10,
    0.0008174984832294285,
    2.2934184329415075e-08
  ]
}