{
  "metadata": {
    "approach": "Threshold sweep on validation set, applied to test set",
    "note": "Prevents data leakage: threshold and temperature selected on validation ONLY"
  },
  "data_hardening": {
    "n_original": 349,
    "n_augmented": 377,
    "class_counts_before": {
      "0": 297,
      "1": 52
    },
    "class_counts_after": {
      "0": 319,
      "1": 58
    },
    "label_flip_count": 10,
    "hard_sample_duplicates": 28,
    "gaussian_noise_sigma_frac": 0.1,
    "overlap_alpha_range": [
      0.6,
      0.9
    ],
    "feature_dropout_rate": 0.08
  },
  "best_validation": {
    "epoch": 8,
    "loss": 0.7139680530573871,
    "accuracy": 0.581081081081081,
    "precision": 0.3913043476559546,
    "recall": 0.8181818174380164,
    "f1": 0.5294117600173012,
    "ece": 0.2974500205065753,
    "brier": 0.14535965025424957
  },
  "test": {
    "threshold_used": 0.45000000000000007,
    "loss": 0.6108247730639074,
    "accuracy": 0.922077922077922,
    "precision": 0.7142857137755102,
    "recall": 0.8333333326388889,
    "f1": 0.7692307636686392,
    "roc_auc": 0.8923076923076924,
    "pr_auc": 0.8332732082732083,
    "ece": 0.07303818092717752,
    "brier": 0.06692975014448166
  },
  "test_diagnostics": {
    "fraction_predicted_positive": 0.18181818181818182,
    "fraction_predicted_negative": 0.8181818181818182,
    "tp": 10,
    "tn": 61,
    "fp": 4,
    "fn": 2
  },
  "calibration": {
    "temperature": 0.3295291066169739,
    "ece_bins": 10
  }
}