{
  "precision": [
    0.16,
    0.16216216216216217,
    0.1643835616438356,
    0.16666666666666666,
    0.16901408450704225,
    0.17142857142857143,
    0.17391304347826086,
    0.17647058823529413,
    0.1791044776119403,
    0.18181818181818182,
    0.18461538461538463,
    0.1875,
    0.19047619047619047,
    0.1935483870967742,
    0.19672131147540983,
    0.2,
    0.2033898305084746,
    0.20689655172413793,
    0.21052631578947367,
    0.21428571428571427,
    0.21818181818181817,
    0.2222222222222222,
    0.22641509433962265,
    0.23076923076923078,
    0.23529411764705882,
    0.24,
    0.24489795918367346,
    0.25,
    0.2553191489361702,
    0.2608695652173913,
    0.26666666666666666,
    0.2727272727272727,
    0.27906976744186046,
    0.2857142857142857,
    0.2926829268292683,
    0.3,
    0.3076923076923077,
    0.3157894736842105,
    0.32432432432432434,
    0.3333333333333333,
    0.34285714285714286,
    0.35294117647058826,
    0.36363636363636365,
    0.375,
    0.3870967741935484,
    0.4,
    0.41379310344827586,
    0.42857142857142855,
    0.4444444444444444,
    0.46153846153846156,
    0.48,
    0.5,
    0.5217391304347826,
    0.5454545454545454,
    0.5714285714285714,
    0.6,
    0.631578947368421,
    0.6666666666666666,
    0.7058823529411765,
    0.75,
    0.7333333333333333,
    0.7857142857142857,
    0.8461538461538461,
    0.8333333333333334,
    0.8181818181818182,
    0.9,
    0.8888888888888888,
    0.875,
    0.8571428571428571,
    1.0,
    1.0,
    1.0,
    1.0,
    1.0,
    1.0,
    1.0
  ],
  "recall": [
    1.0,
    1.0,
    1.0,
    1.0,
    1.0,
    1.0,
    1.0,
    1.0,
    1.0,
    1.0,
    1.0,
    1.0,
    1.0,
    1.0,
    1.0,
    1.0,
    1.0,
    1.0,
    1.0,
    1.0,
    1.0,
    1.0,
    1.0,
    1.0,
    1.0,
    1.0,
    1.0,
    1.0,
    1.0,
    1.0,
    1.0,
    1.0,
    1.0,
    1.0,
    1.0,
    1.0,
    1.0,
    1.0,
    1.0,
    1.0,
    1.0,
    1.0,
    1.0,
    1.0,
    1.0,
    1.0,
    1.0,
    1.0,
    1.0,
    1.0,
    1.0,
    1.0,
    1.0,
    1.0,
    1.0,
    1.0,
    1.0,
    1.0,
    1.0,
    1.0,
    0.9166666666666666,
    0.9166666666666666,
    0.9166666666666666,
    0.8333333333333334,
    0.75,
    0.75,
    0.6666666666666666,
    0.5833333333333334,
    0.5,
    0.5,
    0.4166666666666667,
    0.3333333333333333,
    0.25,
    0.16666666666666666,
    0.08333333333333333,
    0.0
  ],
  "thresholds": [
    0.0033820902463048697,
    0.004856751300394535,
    0.005425473675131798,
    0.006587240379303694,
    0.007934127002954483,
    0.008484750054776669,
    0.00850242655724287,
    0.008613213896751404,
    0.010411497205495834,
    0.011210243217647076,
    0.011639893054962158,
    0.011841977946460247,
    0.012725918553769588,
    0.013611971400678158,
    0.015762537717819214,
    0.015864333137869835,
    0.016367634758353233,
    0.016431691125035286,
    0.017044374719262123,
    0.01933814398944378,
    0.01970767043530941,
    0.020851030945777893,
    0.02102159522473812,
    0.022133436053991318,
    0.02214200794696808,
    0.0238812156021595,
    0.024496816098690033,
    0.026629168540239334,
    0.027802834287285805,
    0.028326179832220078,
    0.02852797880768776,
    0.029532892629504204,
    0.029739469289779663,
    0.030632665380835533,
    0.031060798093676567,
    0.03429747745394707,
    0.03622470051050186,
    0.036249853670597076,
    0.037862155586481094,
    0.03789263591170311,
    0.04143211245536804,
    0.04498148709535599,
    0.05151878669857979,
    0.05335337296128273,
    0.05379172042012215,
    0.055828243494033813,
    0.057372432202100754,
    0.06019826605916023,
    0.06360188871622086,
    0.06985344737768173,
    0.07510439306497574,
    0.0829300656914711,
    0.09625701606273651,
    0.09841185063123703,
    0.1021832674741745,
    0.10834251344203949,
    0.11685588210821152,
    0.12756597995758057,
    0.14039824903011322,
    0.14302107691764832,
    0.16299109160900116,
    0.18829795718193054,
    0.21345819532871246,
    0.24711531400680542,
    0.2686989903450012,
    0.45486214756965637,
    0.5125402808189392,
    0.5480101704597473,
    0.5779824256896973,
    0.6115373969078064,
    0.8374050259590149,
    0.8892749547958374,
    0.9729116559028625,
    0.9923851490020752,
    0.9970189332962036
  ]
}