{
  "y_true": [
    0,
    0,
    0,
    0,
    0,
    0,
    0,
    0,
    0,
    0,
    0,
    0,
    0,
    0,
    0,
    0,
    0,
    0,
    0,
    0,
    0,
    0,
    0,
    0,
    0,
    0,
    0,
    0,
    0,
    0,
    0,
    0,
    0,
    0,
    0,
    0,
    0,
    0,
    0,
    0,
    0,
    0,
    0,
    0,
    0,
    0,
    0,
    0,
    0,
    0,
    0,
    0,
    0,
    0,
    0,
    0,
    0,
    0,
    0,
    0,
    0,
    0,
    0,
    1,
    1,
    1,
    1,
    1,
    1,
    1,
    1,
    1,
    1,
    1,
    1
  ],
  "y_pred": [
    0,
    0,
    0,
    0,
    1,
    0,
    0,
    0,
    0,
    0,
    0,
    0,
    0,
    0,
    0,
    0,
    0,
    0,
    0,
    0,
    0,
    0,
    0,
    0,
    0,
    0,
    0,
    0,
    0,
    0,
    0,
    0,
    0,
    0,
    0,
    0,
    0,
    0,
    0,
    0,
    0,
    0,
    0,
    0,
    0,
    0,
    0,
    0,
    0,
    0,
    0,
    0,
    0,
    0,
    0,
    0,
    0,
    0,
    0,
    0,
    0,
    0,
    0,
    1,
    1,
    1,
    1,
    1,
    1,
    0,
    0,
    1,
    0,
    1,
    1
  ],
  "y_prob": [
    0.02852797880768776,
    0.05335337296128273,
    0.06360188871622086,
    0.1021832674741745,
    0.5779824256896973,
    0.012725918553769588,
    0.008613213896751404,
    0.03789263591170311,
    0.06019826605916023,
    0.055828243494033813,
    0.029532892629504204,
    0.02214200794696808,
    0.008484750054776669,
    0.00850242655724287,
    0.02102159522473812,
    0.01970767043530941,
    0.024496816098690033,
    0.09841185063123703,
    0.05151878669857979,
    0.030632665380835533,
    0.05379172042012215,
    0.015864333137869835,
    0.06985344737768173,
    0.017044374719262123,
    0.015762537717819214,
    0.026629168540239334,
    0.016367634758353233,
    0.09625701606273651,
    0.028326179832220078,
    0.016431691125035286,
    0.010411497205495834,
    0.029739469289779663,
    0.022133436053991318,
    0.16299109160900116,
    0.07510439306497574,
    0.11685588210821152,
    0.027802834287285805,
    0.2686989903450012,
    0.03622470051050186,
    0.036249853670597076,
    0.020851030945777893,
    0.0829300656914711,
    0.03429747745394707,
    0.18829795718193054,
    0.01933814398944378,
    0.04498148709535599,
    0.031060798093676567,
    0.005425473675131798,
    0.037862155586481094,
    0.011210243217647076,
    0.14039824903011322,
    0.007934127002954483,
    0.011841977946460247,
    0.0238812156021595,
    0.0033820902463048697,
    0.011639893054962158,
    0.10834251344203949,
    0.04143211245536804,
    0.057372432202100754,
    0.013611971400678158,
    0.006587240379303694,
    0.004856751300394535,
    0.12756597995758057,
    0.9970189332962036,
    0.5480101704597473,
    0.8892749547958374,
    0.9729116559028625,
    0.9923851490020752,
    0.5125402808189392,
    0.21345819532871246,
    0.24711531400680542,
    0.45486214756965637,
    0.14302107691764832,
    0.6115373969078064,
    0.8374050259590149
  ]
}