{
  "y_true": [
    0,
    0,
    0,
    0,
    0,
    0,
    0,
    0,
    0,
    0,
    0,
    0,
    0,
    0,
    0,
    0,
    0,
    0,
    0,
    0,
    0,
    0,
    0,
    0,
    0,
    0,
    0,
    0,
    0,
    0,
    0,
    0,
    0,
    0,
    0,
    0,
    0,
    0,
    0,
    0,
    0,
    0,
    0,
    0,
    0,
    0,
    0,
    0,
    0,
    0,
    0,
    0,
    0,
    0,
    0,
    0,
    0,
    0,
    0,
    0,
    0,
    0,
    0,
    1,
    1,
    1,
    1,
    1,
    1,
    1,
    1,
    1,
    1,
    1,
    1
  ],
  "y_pred": [
    1,
    0,
    1,
    0,
    0,
    0,
    0,
    0,
    0,
    0,
    0,
    0,
    0,
    0,
    0,
    0,
    0,
    0,
    0,
    0,
    0,
    0,
    0,
    0,
    0,
    0,
    0,
    0,
    0,
    0,
    0,
    0,
    0,
    0,
    0,
    0,
    0,
    0,
    0,
    0,
    0,
    0,
    0,
    0,
    0,
    0,
    0,
    0,
    0,
    0,
    0,
    0,
    0,
    0,
    0,
    0,
    0,
    0,
    0,
    0,
    0,
    0,
    0,
    1,
    0,
    1,
    1,
    1,
    1,
    0,
    0,
    1,
    0,
    1,
    1
  ],
  "y_prob": [
    0.3149999976158142,
    0.014999999664723873,
    0.3100000023841858,
    0.20000000298023224,
    0.17499999701976776,
    0.04500000178813934,
    0.019999999552965164,
    0.014999999664723873,
    0.19499999284744263,
    0.0,
    0.03500000014901161,
    0.07000000029802322,
    0.05000000074505806,
    0.004999999888241291,
    0.06499999761581421,
    0.0,
    0.014999999664723873,
    0.19499999284744263,
    0.03500000014901161,
    0.07500000298023224,
    0.004999999888241291,
    0.004999999888241291,
    0.125,
    0.0,
    0.004999999888241291,
    0.029999999329447746,
    0.014999999664723873,
    0.019999999552965164,
    0.04500000178813934,
    0.02500000037252903,
    0.009999999776482582,
    0.009999999776482582,
    0.014999999664723873,
    0.20999999344348907,
    0.12999999523162842,
    0.13500000536441803,
    0.004999999888241291,
    0.14499999582767487,
    0.029999999329447746,
    0.014999999664723873,
    0.004999999888241291,
    0.019999999552965164,
    0.05000000074505806,
    0.2150000035762787,
    0.02500000037252903,
    0.009999999776482582,
    0.03500000014901161,
    0.004999999888241291,
    0.009999999776482582,
    0.0,
    0.1550000011920929,
    0.0,
    0.0,
    0.019999999552965164,
    0.014999999664723873,
    0.0,
    0.1899999976158142,
    0.20499999821186066,
    0.03999999910593033,
    0.004999999888241291,
    0.1599999964237213,
    0.03999999910593033,
    0.1599999964237213,
    0.574999988079071,
    0.25,
    0.5049999952316284,
    0.9200000166893005,
    0.6100000143051147,
    0.3050000071525574,
    0.0949999988079071,
    0.1899999976158142,
    0.4300000071525574,
    0.009999999776482582,
    0.30000001192092896,
    0.5149999856948853
  ]
}