{
  "model": "random_forest",
  "seed": 46,
  "train": {
    "mode": "baseline",
    "results_dir": "results\\final_20seed\\random_forest\\seed_46",
    "params": 0,
    "runtime_seconds": 0.39037609100341797
  },
  "eval": {
    "accuracy": 0.92,
    "balanced_accuracy": 0.8174603174603174,
    "precision": 0.8,
    "recall": 0.6666666666666666,
    "f1": 0.7272727272727272,
    "roc_auc": 0.8974867724867724,
    "pr_auc": 0.7929277106908686,
    "class_distribution": {
      "0": 63,
      "1": 12
    },
    "per_class_precision_recall": {
      "class_0": {
        "precision": 0.9384615384615385,
        "recall": 0.9682539682539683
      },
      "class_1": {
        "precision": 0.8,
        "recall": 0.6666666666666666
      }
    },
    "confusion_matrix": {
      "tn": 61,
      "fp": 2,
      "fn": 4,
      "tp": 8
    },
    "confusion_matrix_normalized": {
      "tn": 0.9682539682539683,
      "fp": 0.031746031746031744,
      "fn": 0.3333333333333333,
      "tp": 0.6666666666666666
    },
    "threshold": 0.3,
    "n_samples": 75,
    "mean_probability": 0.11846666783094406,
    "pr_curve": {
      "precision": [
        0.16,
        0.17647058823529413,
        0.2,
        0.2,
        0.22916666666666666,
        0.25,
        0.2619047619047619,
        0.275,
        0.2972972972972973,
        0.3142857142857143,
        0.3333333333333333,
        0.3548387096774194,
        0.36666666666666664,
        0.3793103448275862,
        0.39285714285714285,
        0.37037037037037035,
        0.38461538461538464,
        0.4,
        0.4166666666666667,
        0.43478260869565216,
        0.45454545454545453,
        0.5,
        0.5263157894736842,
        0.5294117647058824,
        0.6,
        0.6428571428571429,
        0.6923076923076923,
        0.75,
        0.8181818181818182,
        0.8,
        0.7777777777777778,
        0.75,
        0.8571428571428571,
        1.0,
        1.0,
        1.0,
        1.0,
        1.0,
        1.0,
        1.0
      ],
      "recall": [
        1.0,
        1.0,
        1.0,
        0.9166666666666666,
        0.9166666666666666,
        0.9166666666666666,
        0.9166666666666666,
        0.9166666666666666,
        0.9166666666666666,
        0.9166666666666666,
        0.9166666666666666,
        0.9166666666666666,
        0.9166666666666666,
        0.9166666666666666,
        0.9166666666666666,
        0.8333333333333334,
        0.8333333333333334,
        0.8333333333333334,
        0.8333333333333334,
        0.8333333333333334,
        0.8333333333333334,
        0.8333333333333334,
        0.8333333333333334,
        0.75,
        0.75,
        0.75,
        0.75,
        0.75,
        0.75,
        0.6666666666666666,
        0.5833333333333334,
        0.5,
        0.5,
        0.5,
        0.4166666666666667,
        0.3333333333333333,
        0.25,
        0.16666666666666666,
        0.08333333333333333,
        0.0
      ],
      "thresholds": [
        0.0,
        0.004999999888241291,
        0.009999999776482582,
        0.014999999664723873,
        0.019999999552965164,
        0.02500000037252903,
        0.029999999329447746,
        0.03500000014901161,
        0.03999999910593033,
        0.04500000178813934,
        0.05000000074505806,
        0.06499999761581421,
        0.07000000029802322,
        0.07500000298023224,
        0.0949999988079071,
        0.125,
        0.12999999523162842,
        0.13500000536441803,
        0.14499999582767487,
        0.1550000011920929,
        0.1599999964237213,
        0.17499999701976776,
        0.1899999976158142,
        0.19499999284744263,
        0.20000000298023224,
        0.20499999821186066,
        0.20999999344348907,
        0.2150000035762787,
        0.25,
        0.30000001192092896,
        0.3050000071525574,
        0.3100000023841858,
        0.3149999976158142,
        0.4300000071525574,
        0.5049999952316284,
        0.5149999856948853,
        0.574999988079071,
        0.6100000143051147,
        0.9200000166893005
      ]
    }
  },
  "metadata": {
    "input_dim": 30,
    "split_strategy": "group",
    "n_train": 350,
    "n_val": 75,
    "n_test": 75,