{
  "train_loss": [
    1.0675810296194894,
    0.7047889341626848,
    0.5204997096742903,
    0.4188125344685146,
    0.41010093173810414,
    0.34799310207366946,
    0.30072184792586737
  ],
  "val_loss": [
    0.803080571492513,
    0.5249024979273478,
    0.43317088921864827,
    0.4988134511311849,
    0.5014313189188639,
    0.5231184514363607,
    0.5488293488820394
  ]
}