{
  "train_loss": [
    1.0782721192496163,
    0.851770898955209,
    0.6589243788378579,
    0.5255131530761719,
    0.4431661146879196,
    0.40538731174809595,
    0.3916917525018965,
    0.3824821717398507,
    0.3701709955079215
  ],
  "val_loss": [
    0.9443051783243815,
    0.7164802265167236,
    0.5537981573740641,
    0.5013824971516927,
    0.40464450359344484,
    0.4869179185231527,
    0.49015905062357584,
    0.4762700335184733,
    0.5069755109151205
  ]
}