{
  "train_loss": [
    1.0971147230693272,
    0.8046589459691729,
    0.522912929398673,
    0.41705604408468516,
    0.4044702999932425,
    0.36498607328959876,
    0.36976956605911254,
    0.3313046300411224
  ],
  "val_loss": [
    0.9315949090321859,
    0.6157684389750163,
    0.4925418440500895,
    0.48372621536254884,
    0.5044222704569499,
    0.5370089308420817,
    0.5384880224863688,
    0.5312156009674073
  ]
}