{
  "train_loss": [
    1.155518980026245,
    0.9308422994613648,
    0.7693037370273045,
    0.5888639480727059,
    0.5169482222625188,
    0.44399823095117297,
    0.4042741281219891,
    0.38673693077904836,
    0.32208306040082657
  ],
  "val_loss": [
    1.0217213249206543,
    0.8254409472147624,
    0.6405032062530518,
    0.5445855935414632,
    0.4740462017059326,
    0.4927344449361165,
    0.5353032112121582,
    0.513120190302531,
    0.5669113763173421
  ]
}