{
  "train_loss": [
    0.9593872581209455,
    0.6333711194992065,
    0.45745682052203585,
    0.3997648433276585,
    0.33409637655530655,
    0.3359899956413678,
    0.3093537286349705,
    0.25868874175207957
  ],
  "val_loss": [
    0.7178698190053304,
    0.4658266051610311,
    0.44376721064249675,
    0.37193618138631185,
    0.4976397927602132,
    0.4837108421325684,
    0.5316730690002441,
    0.4537121804555257
  ]
}