{
  "train_loss": [
    1.0987920352390834,
    0.9204232100078038,
    0.7604254838398524,
    0.6059652810437338,
    0.5279290619918279,
    0.48221583332334245,
    0.42282698052270073,
    0.41408858937876564,
    0.3719033340045384
  ],
  "val_loss": [
    0.996091251373291,
    0.7796699810028076,
    0.6194799264272054,
    0.551819273630778,
    0.5046693897247314,
    0.5052080154418945,
    0.5101089636484782,
    0.5065908082326254,
    0.5200769170125326
  ]
}