{
  "train_loss": [
    1.10833924974714,
    0.8138618612289429,
    0.5564799405847277,
    0.4565625332934516,
    0.4077348905801773,
    0.3895979186466762,
    0.3598662839617048
  ],
  "val_loss": [
    0.9044211928049724,
    0.5863812096913655,
    0.43914125601450604,
    0.4579127216339111,
    0.44017316818237306,
    0.5528976949055989,
    0.5390085792541504
  ]
}