{
  "train_loss": [
    1.1222048234939574,
    0.928347088268825,
    0.7493289574554989,
    0.5800438414301191,
    0.48127516405923026,
    0.432010566847665,
    0.40673604892832893,
    0.38860239075762887,
    0.3286350640228816,
    0.36070985504559105
  ],
  "val_loss": [
    0.9708811664581298,
    0.8004854234059652,
    0.6207658847173055,
    0.483558456103007,
    0.4583518441518148,
    0.3835555458068848,
    0.4253040854136149,
    0.4924444897969564,
    0.429021889368693,
    0.5157048034667969
  ]
}