{
  "train_loss": [
    1.1135610982349942,
    0.9323194115502493,
    0.7136964930806842,
    0.5618571104322161,
    0.44918764625276836,
    0.4596492000137057,
    0.42846517384052274,
    0.43292808055877685,
    0.40021901266915455
  ],
  "val_loss": [
    0.9714017327626546,
    0.7684686470031739,
    0.6023991552988688,
    0.5261405817667644,
    0.47974811553955077,
    0.48770151456197103,
    0.4936452070871989,
    0.5160825983683268,
    0.50930757522583
  ]
}