{
  "train_loss": [
    1.1052753707340786,
    0.8549892902374268,
    0.6644558317320688,
    0.5551475558962141,
    0.4784600302151271,
    0.4148870871748243,
    0.4492745041847229,
    0.3408291029930115,
    0.38803348302841184,
    0.37633915288107733
  ],
  "val_loss": [
    0.9570290533701579,
    0.7164903736114502,
    0.5576594320933024,
    0.4874847396214803,
    0.4420354700088501,
    0.4147914489110311,
    0.47638625144958496,
    0.49687824567159017,
    0.5386406262715657,
    0.51319429397583
  ]
}