{
  "train_loss": [
    1.122234616279602,
    0.850290697983333,
    0.60806140933718,
    0.4526024621725082,
    0.42545710563659667,
    0.38621671676635744,
    0.35429269522428514,
    0.29935944386890956
  ],
  "val_loss": [
    0.9088305377960205,
    0.672850980758667,
    0.5090464051564535,
    0.42080360094706215,
    0.534244909286499,
    0.5519853210449219,
    0.5569058672587077,
    0.5425242932637533
  ]
}