{
  "train_loss": [
    1.049332332951682,
    0.735632814679827,
    0.49890899896621704,
    0.4604911982161658,
    0.39058697053364344,
    0.35514377960136956,
    0.36302937269210817,
    0.3310938290187291
  ],
  "val_loss": [
    0.8580660883585612,
    0.5442687606811524,
    0.4851005840301514,
    0.38143327554066975,
    0.49904032071431476,
    0.5095835653940837,
    0.5369399166107178,
    0.5659228197733561
  ]
}