{
  "train_loss": [
    1.099686232294355,
    0.7976247925417764,
    0.5966021394729615,
    0.44600003787449427,
    0.45743371520723614,
    0.39003873378038406,
    0.36389679670333863,
    0.3517258749689375,
    0.30383963316679
  ],
  "val_loss": [
    0.9010523033142089,
    0.6151247469584147,
    0.46004213015238443,
    0.4407342179616292,
    0.403625119527181,
    0.5205796051025391,
    0.4881433041890462,
    0.5262832069396972,
    0.5301361974080404
  ]
}