{
  "train_loss": [
    1.0957935329845974,
    0.8721799322537014,
    0.6553241658210754,
    0.5132160982063838,
    0.43802910600389755,
    0.401030792423657,
    0.42594127403838294,
    0.3937318444252014,
    0.37699746906757353
  ],
  "val_loss": [
    0.9579784234364828,
    0.7418757152557373,
    0.534080932935079,
    0.45328217347462973,
    0.4440460681915283,
    0.4725411574045817,
    0.5138057486216228,
    0.5096373621622722,
    0.5210550053914388
  ]
}