{
  "train_loss": [
    1.0942650856290546,
    0.8771054571015494,
    0.6620523759296962,
    0.5500899301256452,
    0.454364903313773,
    0.41202257590634483,
    0.39455086094992503,
    0.3831482353380748,
    0.36332757438932145,
    0.31491828680038453
  ],
  "val_loss": [
    0.9684450054168701,
    0.7263796615600586,
    0.5469591108957926,
    0.46635586420694985,
    0.46223769187927244,
    0.4049579334259033,
    0.5079518111546835,
    0.4474710496266683,
    0.4740270201365153,
    0.4737460549672445
  ]
}