{
  "train_loss": [
    1.0139335339409965,
    0.6718874202455793,
    0.48967349018369405,
    0.4440616933362825,
    0.3937411107335772,
    0.3910912149293082,
    0.3853322308404105
  ],
  "val_loss": [
    0.7944830544789632,
    0.5642689005533854,
    0.47211905479431154,
    0.5059738095601399,
    0.49684345881144204,
    0.5490943177541097,
    0.554299438794454
  ]
}