{
  "train_loss": [
    1.0349846179144724,
    0.7202312748772758,
    0.5173181131907871,
    0.41172865424837385,
    0.4061256994519915,
    0.36611377967255454,
    0.342980284009661
  ],
  "val_loss": [
    0.8098150030771891,
    0.5633406670888265,
    0.4640792719523112,
    0.4797130266825358,
    0.5022733465830485,
    0.5151170635223389,
    0.5315313529968262
  ]
}