{
  "train_loss": [
    1.1622210560526167,
    1.0314923412459238,
    0.8453279001372201,
    0.6988206883839199,
    0.5678205951622555,
    0.46753810346126556,
    0.3987583202975137,
    0.4057486251422337,
    0.34669802120753695,
    0.32574124506541663
  ],
  "val_loss": [
    1.0663235346476236,
    0.9113536485036214,
    0.72028000831604,
    0.5724176375071207,
    0.5298097133636475,
    0.48708950996398925,
    0.5242577489217123,
    0.5421393013000488,
    0.49840652783711753,
    0.5249041748046875
  ]
}