{
  "train_loss": [
    1.0168826712880816,
    0.6748391199111938,
    0.4819188421964645,
    0.4307917630672455,
    0.3854157733065741,
    0.3791674005559513,
    0.30721579632588797
  ],
  "val_loss": [
    0.7825545533498128,
    0.5634430885314942,
    0.48711366335550943,
    0.48824161847432457,
    0.5120767498016358,
    0.5416439755757649,
    0.5764891942342122
  ]
}