{
  "train_loss": [
    1.1369826316833496,
    0.9525782302447727,
    0.8006139177935464,
    0.6393430015019008,
    0.5230488566841398,
    0.4267882848637445,
    0.37956054517201016,
    0.39787036444459645,
    0.3591539721829551,
    0.34854136109352113,
    0.34364151622567857
  ],
  "val_loss": [
    1.0417734972635906,
    0.8503013483683268,
    0.6429884401957194,
    0.5281637541453044,
    0.47061129252115885,
    0.47637974421183266,
    0.4461748536427816,
    0.5332228310902913,
    0.5336024252573649,
    0.5477586078643799,
    0.5413398901621501
  ]
}