{
  "train_loss": [
    1.0876803272111075,
    0.8946538410867964,
    0.7042342628751482,
    0.5519246922220502,
    0.4668881389924458,
    0.46184614522116524,
    0.4327420350483486,
    0.4351625372682299,
    0.43575884342193605,
    0.3219963322366987
  ],
  "val_loss": [
    0.9650319830576579,
    0.7507190004984537,
    0.585751298268636,
    0.47628146966298424,
    0.43047966321309405,
    0.41753334045410156,
    0.4653967793782552,
    0.47461892127990724,
    0.5107450993855794,
    0.520693120956421
  ]
}