{
  "train_loss": [
    1.0816113914762224,
    0.9502767058781215,
    0.711345717055457,
    0.6171999709946768,
    0.49602191856929234,
    0.4300382961545672,
    0.4222005351100649,
    0.3796481032030923,
    0.3810964294842311,
    0.3220450941153935,
    0.3247299231801714,
    0.3209369209834508,
    0.35321064582892825
  ],
  "val_loss": [
    0.9578425439198812,
    0.781166582107544,
    0.6677483336130778,
    0.5347497049967448,
    0.5385936737060547,
    0.5199427763621013,
    0.5259880924224853,
    0.5351108264923096,
    0.514927282333374,
    0.5333909638722738,
    0.5418246841430664,
    0.5400868892669678,
    0.5611374632517496
  ]
}