{
  "train_loss": [
    1.089931651864733,
    0.7846712061337062,
    0.558713606936591,
    0.4346596724646432,
    0.3894278789418084,
    0.32132439647402083,
    0.3423424001250948,
    0.35401275481496536
  ],
  "val_loss": [
    0.9082889493306477,
    0.6298995431264242,
    0.48907880624135336,
    0.4078684171040853,
    0.4555474662780762,
    0.48461270650227867,
    0.4661741352081299,
    0.5135283438364665
  ]
}