{
  "train_loss": [
    1.082142962047032,
    0.7828504402296884,
    0.5236911027772087,
    0.4037878041607993,
    0.37293581868921005,
    0.3446288866656167,
    0.3225298498358045
  ],
  "val_loss": [
    0.9018327935536703,
    0.5878816906611125,
    0.48254725138346355,
    0.48702946027119953,
    0.5231728839874268,
    0.5308894602457682,
    0.5636541557312011
  ]
}