{
  "train_loss": [
    1.075226981639862,
    0.7903025163922991,
    0.5911686958585467,
    0.5283659580775669,
    0.4565850920336587,
    0.46531886892659324,
    0.43783621677330564,
    0.3251000452041626,
    0.3254531167234693,
    0.27698697447776793
  ],
  "val_loss": [
    0.873359146118164,
    0.5972225443522136,
    0.5077795282999674,
    0.5460294373830159,
    0.5831776809692383,
    0.4170796203613281,
    0.6018854681650797,
    0.5821489175160726,
    0.5388318983713786,
    0.4589368979136149
  ]
}