{
  "train_loss": [
    1.0143929856164116,
    0.6975163967268807,
    0.461398948601314,
    0.4212281672017915,
    0.349532333612442,
    0.4404472773415702,
    0.36952791064977647,
    0.31531618527003696
  ],
  "val_loss": [
    0.8288074334462484,
    0.5278782637914022,
    0.49531194686889646,
    0.4626509443918864,
    0.5583434104919434,
    0.5559963305791219,
    0.51388077100118,
    0.5513553047180175
  ]
}