{
  "train_loss": [
    1.1503856573786055,
    1.0221905323437281,
    0.8228754002707345,
    0.6535542099816458,
    0.5684873655864171,
    0.4812226533889771,
    0.4348734338794436,
    0.46003185876778196,
    0.4211962379728045,
    0.39575092009135654,
    0.3827476304769516
  ],
  "val_loss": [
    1.0538064193725587,
    0.89543745358785,
    0.7312604872385661,
    0.596281328201294,
    0.5262462838490805,
    0.5275836881001791,
    0.5066604741414388,
    0.5146527131398518,
    0.5353231588999431,
    0.5108686796824138,
    0.5173016357421875
  ]
}