{
  "train_loss": [
    1.0514358227593559,
    0.7424995418957302,
    0.5159964367321559,
    0.41624318531581334,
    0.42246694471154894,
    0.33029756784439085,
    0.32337016608033864,
    0.33122398086956567
  ],
  "val_loss": [
    0.8398975245157878,
    0.5543452405929565,
    0.45401401837666827,
    0.4182310851414998,
    0.523701057434082,
    0.5132389704386393,
    0.5322176202138265,
    0.5412463315327962
  ]
}