{
  "train_loss": [
    1.0607971000671386,
    0.7121277911322458,
    0.5136963670594351,
    0.3845697340794972,
    0.3655175883429391,
    0.40827114505427226,
    0.3455540779658726,
    0.34372703926903864
  ],
  "val_loss": [
    0.8466370836893717,
    0.5877683321634929,
    0.509674113591512,
    0.36803961435953775,
    0.524776512781779,
    0.49327406883239744,
    0.3885779857635498,
    0.5252348391215006
  ]
}