{
  "train_loss": [
    1.1022615119389125,
    0.8031211195673261,
    0.5316994622775486,
    0.41091568878718787,
    0.4151560912813459,
    0.3690904062134879,
    0.3511604149000985,
    0.2992184230685234
  ],
  "val_loss": [
    0.8770036951700846,
    0.6091717418034871,
    0.4786342144012451,
    0.44900495211283364,
    0.5022471682230631,
    0.5432414849599202,
    0.4953651396433512,
    0.5146637694040934
  ]
}