{
  "train_loss": [
    1.0237184354237148,
    0.6895655706950596,
    0.49081243617194037,
    0.41421575673988886,
    0.3716461522238595,
    0.31934868020670754,
    0.34616749261106766,
    0.3173144384792873
  ],
  "val_loss": [
    0.8228093973795573,
    0.5629350789388021,
    0.43778390407562257,
    0.4359509563446045,
    0.5575174522399903,
    0.5449440542856853,
    0.5821203390757242,
    0.6251767285664876
  ]
}