{
  "train_loss": [
    1.089054936000279,
    0.7214461847714015,
    0.46145009739058357,
    0.405417052422251,
    0.3925236177444458,
    0.3472089353629521,
    0.34473800510168073
  ],
  "val_loss": [
    0.8276139386494954,
    0.5448996782302856,
    0.4782492701212565,
    0.48689963976542155,
    0.5170348103841146,
    0.5167070802052816,
    0.5305989360809327
  ]
}