{
  "train_loss": [
    0.9635734704562596,
    0.6477554021562849,
    0.4573455116578511,
    0.4211937696593148,
    0.3553455297436033,
    0.34711133356605256,
    0.34047792094094415,
    0.3307185172183173
  ],
  "val_loss": [
    0.7553293132781982,
    0.5475554911295573,
    0.4530030155181885,
    0.43543366114298504,
    0.4894852797190348,
    0.5072741476694743,
    0.5113230482737223,
    0.5689692974090577
  ]
}