{
  "train_loss": [
    1.0987841476712907,
    0.8940547513961792,
    0.6870837106023516,
    0.5127452760083335,
    0.46116828305380686,
    0.4163512148175921,
    0.39431828039033073,
    0.3637082524810519,
    0.3816752529995782
  ],
  "val_loss": [
    0.9694330565134684,
    0.7341541194915772,
    0.5414946397145589,
    0.46287702560424804,
    0.41204216321309406,
    0.4787781206766764,
    0.5140694618225098,
    0.4402554225921631,
    0.5166857401529948
  ]
}