{
  "feature_mean": [
    0.2971518337726593,
    0.0001568751613376662,
    0.29859617352485657,
    0.10812512785196304,
    -0.003213531104847789,
    -0.0006762345437891781,
    0.14721673727035522,
    -6.0792976000811905e-05,
    0.14675164222717285,
    0.061575666069984436,
    -0.003070265054702759,
    -0.0003968662931583822,
    0.5649532079696655,
    -0.0004739054711535573,
    0.5625724196434021,
    0.09137389063835144,
    0.0025913126301020384,
    -0.001181990490294993,
    0.16333629190921783,
    -0.00021651023416779935,
    0.1619875133037567,
    0.06293400377035141,
    -4.0784565499052405e-05,
    -0.0005187653587199748,
    0.6103036999702454,
    -0.001313463901169598,
    0.6146119236946106,
    0.09311611950397491,
    0.007444651331752539,
    -0.0016422687331214547
  ],
  "feature_std": [
    0.2243274301290512,
    0.24004307389259338,
    0.1735595315694809,
    0.092230886220932,
    0.9460626840591431,
    0.13298557698726654,
    0.13994991779327393,
    0.12921717762947083,
    0.11303268373012543,
    0.04969816654920578,
    0.9574350714683533,
    0.07833587378263474,
    0.3169104754924774,
    0.21148324012756348,
    0.28877711296081543,
    0.10081987828016281,
    0.9488909840583801,
    0.1411125361919403,
    0.14696629345417023,
    0.132488414645195,
    0.12094632536172867,
    0.05125930532813072,
    0.9564844965934753,
    0.08083142340183258,
    0.3413868546485901,
    0.22315232455730438,
    0.3060772120952606,
    0.10930988192558289,
    0.9410082101821899,
    0.1490572690963745
  ]
}