{
  "accuracy": 0.8933333333333333,
  "balanced_accuracy": 0.6666666666666666,
  "precision": 1.0,
  "recall": 0.3333333333333333,
  "f1": 0.5,
  "roc_auc": 0.8478835978835979,
  "pr_auc": 0.7270429168844389,
  "class_distribution": {
    "0": 63,
    "1": 12
  },
  "per_class_precision_recall": {
    "class_0": {
      "precision": 0.8873239436619719,
      "recall": 1.0
    },
    "class_1": {
      "precision": 1.0,
      "recall": 0.3333333333333333
    }
  },
  "confusion_matrix": {
    "tn": 63,
    "fp": 0,
    "fn": 8,
    "tp": 4
  },
  "confusion_matrix_normalized": {
    "tn": 1.0,
    "fp": 0.0,
    "fn": 0.6666666666666666,
    "tp": 0.3333333333333333
  },
  "threshold": 0.85,
  "n_samples": 75,
  "mean_probability": 0.22395490109920502,
  "pr_curve": {
    "precision": [
      0.16,
      0.16216216216216217,
      0.1643835616438356,
      0.16666666666666666,
      0.16901408450704225,
      0.17142857142857143,
      0.17391304347826086,
      0.17647058823529413,
      0.1791044776119403,
      0.18181818181818182,
      0.18461538461538463,
      0.1875,
      0.19047619047619047,
      0.1935483870967742,
      0.19672131147540983,
      0.2,
      0.2033898305084746,
      0.20689655172413793,
      0.19298245614035087,
      0.19642857142857142,
      0.2,
      0.2037037037037037,
      0.20754716981132076,
      0.21153846153846154,
      0.21568627450980393,
      0.22,
      0.22448979591836735,
      0.20833333333333334,
      0.2127659574468085,
      0.21739130434782608,
      0.2222222222222222,
      0.22727272727272727,
      0.23255813953488372,
      0.23809523809523808,
      0.24390243902439024,
      0.25,
      0.2564102564102564,
      0.2631578947368421,
      0.2702702702702703,
      0.2777777777777778,
      0.2857142857142857,
      0.29411764705882354,
      0.30303030303030304,
      0.3125,
      0.3225806451612903,
      0.3333333333333333,
      0.3448275862068966,
      0.35714285714285715,
      0.37037037037037035,
      0.38461538461538464,
      0.4,
      0.4166666666666667,
      0.43478260869565216,
      0.45454545454545453,
      0.47619047619047616,
      0.5,
      0.47368421052631576,
      0.4444444444444444,
      0.4117647058823529,
      0.4375,
      0.4666666666666667,
      0.5,
      0.5384615384615384,
      0.5833333333333334,
      0.6363636363636364,
      0.7,
      0.7777777777777778,
      0.875,
      0.8571428571428571,
      1.0,
      1.0,
      1.0,
      1.0,
      1.0,
      1.0,
      1.0
    ],
    "recall": [
      1.0,
      1.0,
      1.0,
      1.0,
      1.0,
      1.0,
      1.0,
      1.0,
      1.0,
      1.0,
      1.0,
      1.0,
      1.0,
      1.0,
      1.0,
      1.0,
      1.0,
      1.0,
      0.9166666666666666,
      0.9166666666666666,
      0.9166666666666666,
      0.9166666666666666,
      0.9166666666666666,
      0.9166666666666666,
      0.9166666666666666,
      0.9166666666666666,
      0.9166666666666666,
      0.8333333333333334,
      0.8333333333333334,
      0.8333333333333334,
      0.8333333333333334,
      0.8333333333333334,
      0.8333333333333334,
      0.8333333333333334,
      0.8333333333333334,
      0.8333333333333334,
      0.8333333333333334,
      0.8333333333333334,
      0.8333333333333334,
      0.8333333333333334,
      0.8333333333333334,
      0.8333333333333334,
      0.8333333333333334,
      0.8333333333333334,
      0.8333333333333334,
      0.8333333333333334,
      0.8333333333333334,
      0.8333333333333334,
      0.8333333333333334,
      0.8333333333333334,
      0.8333333333333334,
      0.8333333333333334,
      0.8333333333333334,
      0.8333333333333334,
      0.8333333333333334,
      0.8333333333333334,
      0.75,
      0.6666666666666666,
      0.5833333333333334,
      0.5833333333333334,
      0.5833333333333334,
      0.5833333333333334,
      0.5833333333333334,
      0.5833333333333334,
      0.5833333333333334,
      0.5833333333333334,
      0.5833333333333334,
      0.5833333333333334,
      0.5,
      0.5,
      0.4166666666666667,
      0.3333333333333333,
      0.25,
      0.16666666666666666,
      0.08333333333333333,
      0.0
    ],
    "thresholds": [
      0.12992413341999054,
      0.12998294830322266,
      0.13113078474998474,
      0.13118991255760193,
      0.131760373711586,
      0.13184702396392822,
      0.1318487972021103,
      0.13186264038085938,
      0.1318911910057068,
      0.13206444680690765,
      0.13219939172267914,
      0.13238480687141418,
      0.1324131190776825,
      0.13259518146514893,
      0.13259756565093994,
      0.13287454843521118,
      0.13313788175582886,
      0.13343870639801025,
      0.13372860848903656,
      0.1339634209871292,
      0.13396914303302765,
      0.13425365090370178,
      0.1345605105161667,
      0.13466760516166687,
      0.13507123291492462,
      0.1351533830165863,
      0.135247603058815,
      0.1353292465209961,
      0.13535365462303162,
      0.13536496460437775,
      0.1355084776878357,
      0.13554614782333374,
      0.13556832075119019,
      0.135831817984581,
      0.13642174005508423,
      0.13693632185459137,
      0.13726508617401123,
      0.13754750788211823,
      0.13805760443210602,
      0.13816186785697937,
      0.1386711299419403,
      0.13984918594360352,
      0.14109721779823303,
      0.14152759313583374,
      0.142462357878685,
      0.14328721165657043,
      0.14397628605365753,
      0.1448420137166977,
      0.14646518230438232,
      0.1465163677930832,
      0.1471066027879715,
      0.14754372835159302,
      0.14850199222564697,
      0.148816779255867,
      0.15079452097415924,
      0.153541699051857,
      0.1629142463207245,
      0.16568490862846375,
      0.16781313717365265,
      0.16995295882225037,
      0.18347236514091492,
      0.1855916678905487,
      0.18730337917804718,
      0.19201792776584625,
      0.2790190577507019,
      0.41138139367103577,
      0.41424304246902466,
      0.48029083013534546,
      0.7195582985877991,
      0.8367281556129456,
      0.842520534992218,
      0.9228967428207397,
      0.9284960627555847,
      0.9307085275650024,
      0.9323741793632507
    ]
  }
}