{
  "y_true": [
    0,
    0,
    0,
    0,
    0,
    0,
    0,
    0,
    0,
    0,
    0,
    0,
    0,
    0,
    0,
    0,
    0,
    0,
    0,
    0,
    0,
    0,
    0,
    0,
    0,
    0,
    0,
    0,
    0,
    0,
    0,
    0,
    0,
    0,
    0,
    0,
    0,
    0,
    0,
    0,
    0,
    0,
    0,
    0,
    0,
    0,
    0,
    0,
    0,
    0,
    0,
    0,
    0,
    0,
    0,
    0,
    0,
    0,
    0,
    0,
    0,
    0,
    0,
    1,
    1,
    1,
    1,
    1,
    1,
    1,
    1,
    1,
    1,
    1,
    1
  ],
  "y_pred": [
    0,
    0,
    0,
    0,
    0,
    0,
    0,
    0,
    0,
    0,
    0,
    0,
    0,
    0,
    0,
    0,
    0,
    0,
    0,
    0,
    0,
    0,
    0,
    0,
    0,
    0,
    0,
    0,
    0,
    0,
    0,
    0,
    0,
    0,
    0,
    0,
    0,
    0,
    0,
    0,
    0,
    0,
    0,
    0,
    0,
    0,
    0,
    0,
    0,
    0,
    0,
    0,
    0,
    0,
    0,
    0,
    0,
    0,
    0,
    0,
    0,
    0,
    0,
    1,
    0,
    1,
    1,
    1,
    0,
    0,
    0,
    0,
    0,
    0,
    0
  ],
  "y_prob": [
    0.13259756565093994,
    0.13507123291492462,
    0.13536496460437775,
    0.2790190577507019,
    0.41424304246902466,
    0.1353292465209961,
    0.135831817984581,
    0.41138139367103577,
    0.13556832075119019,
    0.12992413341999054,
    0.1318911910057068,
    0.13805760443210602,
    0.18730337917804718,
    0.19201792776584625,
    0.13535365462303162,
    0.13693632185459137,
    0.1386711299419403,
    0.15079452097415924,
    0.13754750788211823,
    0.13425365090370178,
    0.1355084776878357,
    0.13466760516166687,
    0.14397628605365753,
    0.12998294830322266,
    0.13219939172267914,
    0.14646518230438232,
    0.1471066027879715,
    0.1324131190776825,
    0.1351533830165863,
    0.13259518146514893,
    0.13372860848903656,
    0.1345605105161667,
    0.13186264038085938,
    0.13726508617401123,
    0.13816186785697937,
    0.1448420137166977,
    0.142462357878685,
    0.14152759313583374,
    0.18347236514091492,
    0.14850199222564697,
    0.13642174005508423,
    0.13206444680690765,
    0.14109721779823303,
    0.7195582985877991,
    0.1465163677930832,
    0.13984918594360352,
    0.16995295882225037,
    0.13118991255760193,
    0.14328721165657043,
    0.13287454843521118,
    0.14754372835159302,
    0.13113078474998474,
    0.13238480687141418,
    0.13396914303302765,
    0.131760373711586,
    0.1318487972021103,
    0.1339634209871292,
    0.1855916678905487,
    0.13554614782333374,
    0.13184702396392822,
    0.13313788175582886,
    0.148816779255867,
    0.16781313717365265,
    0.9323741793632507,
    0.8367281556129456,
    0.9284960627555847,
    0.9228967428207397,
    0.9307085275650024,
    0.153541699051857,
    0.135247603058815,
    0.1629142463207245,
    0.16568490862846375,
    0.13343870639801025,
    0.48029083013534546,
    0.842520534992218
  ]
}