{
  "confusion_matrix": {
    "tn": 47,
    "fp": 16,
    "fn": 5,
    "tp": 7
  },
  "confusion_matrix_normalized": {
    "tn": 0.746031746031746,
    "fp": 0.25396825396825395,
    "fn": 0.4166666666666667,
    "tp": 0.5833333333333334
  }
}