{
  "accuracy": 0.9333333333333333,
  "balanced_accuracy": 0.8928571428571428,
  "precision": 0.7692307692307693,
  "recall": 0.8333333333333334,
  "f1": 0.8,
  "roc_auc": 0.9616402116402117,
  "pr_auc": 0.8781766381766384,
  "class_distribution": {
    "0": 63,
    "1": 12
  },
  "per_class_precision_recall": {
    "class_0": {
      "precision": 0.967741935483871,
      "recall": 0.9523809523809523
    },
    "class_1": {
      "precision": 0.7692307692307693,
      "recall": 0.8333333333333334
    }
  },
  "confusion_matrix": {
    "tn": 60,
    "fp": 3,
    "fn": 2,
    "tp": 10
  },
  "confusion_matrix_normalized": {
    "tn": 0.9523809523809523,
    "fp": 0.047619047619047616,
    "fn": 0.16666666666666666,
    "tp": 0.8333333333333334
  },
  "threshold": 0.25,
  "n_samples": 75,
  "mean_probability": 0.1675502508878708,
  "pr_curve": {
    "precision": [
      0.16,
      0.16216216216216217,
      0.1643835616438356,
      0.16666666666666666,
      0.16901408450704225,
      0.17142857142857143,
      0.17391304347826086,
      0.17647058823529413,
      0.1791044776119403,
      0.18181818181818182,
      0.18461538461538463,
      0.1875,
      0.19047619047619047,
      0.1935483870967742,
      0.19672131147540983,
      0.2,
      0.2033898305084746,
      0.20689655172413793,
      0.21052631578947367,
      0.21428571428571427,
      0.21818181818181817,
      0.2222222222222222,
      0.22641509433962265,
      0.23076923076923078,
      0.23529411764705882,
      0.24,
      0.24489795918367346,
      0.25,
      0.2553191489361702,
      0.2608695652173913,
      0.26666666666666666,
      0.2727272727272727,
      0.27906976744186046,
      0.2857142857142857,
      0.2926829268292683,
      0.3,
      0.3076923076923077,
      0.3157894736842105,
      0.32432432432432434,
      0.3333333333333333,
      0.34285714285714286,
      0.35294117647058826,
      0.36363636363636365,
      0.375,
      0.3870967741935484,
      0.4,
      0.41379310344827586,
      0.42857142857142855,
      0.4444444444444444,
      0.46153846153846156,
      0.48,
      0.4583333333333333,
      0.4782608695652174,
      0.5,
      0.47619047619047616,
      0.5,
      0.5263157894736842,
      0.5555555555555556,
      0.5882352941176471,
      0.625,
      0.6666666666666666,
      0.7142857142857143,
      0.7692307692307693,
      0.75,
      0.8181818181818182,
      0.9,
      0.8888888888888888,
      0.875,
      1.0,
      1.0,
      1.0,
      1.0,
      1.0,
      1.0,
      1.0,
      1.0
    ],
    "recall": [
      1.0,
      1.0,
      1.0,
      1.0,
      1.0,
      1.0,
      1.0,
      1.0,
      1.0,
      1.0,
      1.0,
      1.0,
      1.0,
      1.0,
      1.0,
      1.0,
      1.0,
      1.0,
      1.0,
      1.0,
      1.0,
      1.0,
      1.0,
      1.0,
      1.0,
      1.0,
      1.0,
      1.0,
      1.0,
      1.0,
      1.0,
      1.0,
      1.0,
      1.0,
      1.0,
      1.0,
      1.0,
      1.0,
      1.0,
      1.0,
      1.0,
      1.0,
      1.0,
      1.0,
      1.0,
      1.0,
      1.0,
      1.0,
      1.0,
      1.0,
      1.0,
      0.9166666666666666,
      0.9166666666666666,
      0.9166666666666666,
      0.8333333333333334,
      0.8333333333333334,
      0.8333333333333334,
      0.8333333333333334,
      0.8333333333333334,
      0.8333333333333334,
      0.8333333333333334,
      0.8333333333333334,
      0.8333333333333334,
      0.75,
      0.75,
      0.75,
      0.6666666666666666,
      0.5833333333333334,
      0.5833333333333334,
      0.5,
      0.4166666666666667,
      0.3333333333333333,
      0.25,
      0.16666666666666666,
      0.08333333333333333,
      0.0
    ],
    "thresholds": [
      0.0044348156079649925,
      0.0046525984071195126,
      0.007068385370075703,
      0.007082401309162378,
      0.007112179882824421,
      0.010006836615502834,
      0.010487508028745651,
      0.010703210718929768,
      0.011616786941885948,
      0.011895804665982723,
      0.01260906457901001,
      0.01267512608319521,
      0.013364242389798164,
      0.0134989432990551,
      0.014838353730738163,
      0.01637645810842514,
      0.01639569364488125,
      0.017903614789247513,
      0.018196890130639076,
      0.02205132134258747,
      0.02374252676963806,
      0.024873808026313782,
      0.02540828473865986,
      0.02628081664443016,
      0.027002962306141853,
      0.027309352532029152,
      0.029352864250540733,
      0.03064773604273796,
      0.0307841245085001,
      0.0358537919819355,
      0.03638019040226936,
      0.03668951615691185,
      0.03690074384212494,
      0.03990909457206726,
      0.04078236594796181,
      0.042254943400621414,
      0.04233110323548317,
      0.0429682657122612,
      0.04316352680325508,
      0.045867402106523514,
      0.04772500321269035,
      0.05568089708685875,
      0.05632976442575455,
      0.05919482186436653,
      0.06394028663635254,
      0.06472596526145935,
      0.06745722889900208,
      0.07824515551328659,
      0.08228659629821777,
      0.08769353479146957,
      0.08836907893419266,
      0.09512529522180557,
      0.11766091734170914,
      0.14253577589988708,
      0.14444521069526672,
      0.15743252635002136,
      0.15981954336166382,
      0.1987278163433075,
      0.21277135610580444,
      0.2205510437488556,
      0.23139645159244537,
      0.2482164204120636,
      0.27867045998573303,
      0.29589009284973145,
      0.30359694361686707,
      0.382196843624115,
      0.462571382522583,
      0.5133377313613892,
      0.9151439070701599,
      0.9172924160957336,
      0.9251589775085449,
      0.9779625535011292,
      0.9934276342391968,
      0.9945356845855713,
      0.9946799874305725
    ]
  }
}