{
  "y_true": [
    0,
    0,
    0,
    0,
    0,
    0,
    0,
    0,
    0,
    0,
    0,
    0,
    0,
    0,
    0,
    0,
    0,
    0,
    0,
    0,
    0,
    0,
    0,
    0,
    0,
    0,
    0,
    0,
    0,
    0,
    0,
    0,
    0,
    0,
    0,
    0,
    0,
    0,
    0,
    0,
    0,
    0,
    0,
    0,
    0,
    0,
    0,
    0,
    0,
    0,
    0,
    0,
    0,
    0,
    0,
    0,
    0,
    0,
    0,
    0,
    0,
    0,
    0,
    1,
    1,
    1,
    1,
    1,
    1,
    1,
    1,
    1,
    1,
    1,
    1
  ],
  "y_pred": [
    0,
    0,
    1,
    0,
    1,
    0,
    0,
    0,
    0,
    0,
    0,
    0,
    0,
    0,
    0,
    0,
    0,
    0,
    0,
    0,
    0,
    0,
    0,
    0,
    0,
    0,
    0,
    0,
    0,
    0,
    0,
    0,
    0,
    1,
    0,
    0,
    0,
    0,
    0,
    0,
    0,
    0,
    0,
    0,
    0,
    0,
    0,
    0,
    0,
    0,
    0,
    0,
    0,
    0,
    0,
    0,
    0,
    0,
    0,
    0,
    0,
    0,
    0,
    1,
    1,
    1,
    1,
    1,
    1,
    0,
    1,
    1,
    0,
    1,
    1
  ],
  "y_prob": [
    0.05919482186436653,
    0.04772500321269035,
    0.30359694361686707,
    0.2205510437488556,
    0.5133377313613892,
    0.01639569364488125,
    0.010487508028745651,
    0.0429682657122612,
    0.08769353479146957,
    0.05632976442575455,
    0.0358537919819355,
    0.03990909457206726,
    0.011616786941885948,
    0.013364242389798164,
    0.0307841245085001,
    0.01637645810842514,
    0.06394028663635254,
    0.1987278163433075,
    0.07824515551328659,
    0.03668951615691185,
    0.04316352680325508,
    0.018196890130639076,
    0.09512529522180557,
    0.011895804665982723,
    0.01267512608319521,
    0.03638019040226936,
    0.02205132134258747,
    0.06745722889900208,
    0.03064773604273796,
    0.02540828473865986,
    0.007082401309162378,
    0.024873808026313782,
    0.017903614789247513,
    0.29589009284973145,
    0.11766091734170914,
    0.15743252635002136,
    0.027309352532029152,
    0.23139645159244537,
    0.042254943400621414,
    0.04233110323548317,
    0.03690074384212494,
    0.04078236594796181,
    0.029352864250540733,
    0.21277135610580444,
    0.027002962306141853,
    0.05568089708685875,
    0.02374252676963806,
    0.007112179882824421,
    0.02628081664443016,
    0.01260906457901001,
    0.2482164204120636,
    0.0046525984071195126,
    0.010006836615502834,
    0.045867402106523514,
    0.0044348156079649925,
    0.010703210718929768,
    0.15981954336166382,
    0.08228659629821777,
    0.06472596526145935,
    0.0134989432990551,
    0.014838353730738163,
    0.007068385370075703,
    0.14444521069526672,
    0.9945356845855713,
    0.9172924160957336,
    0.9151439070701599,
    0.9934276342391968,
    0.9946799874305725,
    0.382196843624115,
    0.14253577589988708,
    0.27867045998573303,
    0.462571382522583,
    0.08836907893419266,
    0.9251589775085449,
    0.9779625535011292
  ]
}