{
  "precision": [
    0.16,
    0.16216216216216217,
    0.1643835616438356,
    0.16666666666666666,
    0.16901408450704225,
    0.17142857142857143,
    0.17391304347826086,
    0.17647058823529413,
    0.1791044776119403,
    0.18181818181818182,
    0.18461538461538463,
    0.1875,
    0.19047619047619047,
    0.1935483870967742,
    0.19672131147540983,
    0.2,
    0.2033898305084746,
    0.20689655172413793,
    0.21052631578947367,
    0.21428571428571427,
    0.21818181818181817,
    0.2222222222222222,
    0.22641509433962265,
    0.23076923076923078,
    0.23529411764705882,
    0.22,
    0.22448979591836735,
    0.22916666666666666,
    0.23404255319148937,
    0.2391304347826087,
    0.24444444444444444,
    0.22727272727272727,
    0.23255813953488372,
    0.23809523809523808,
    0.24390243902439024,
    0.25,
    0.2564102564102564,
    0.2631578947368421,
    0.2702702702702703,
    0.2777777777777778,
    0.2571428571428571,
    0.2647058823529412,
    0.2727272727272727,
    0.28125,
    0.2903225806451613,
    0.3,
    0.3103448275862069,
    0.32142857142857145,
    0.3333333333333333,
    0.34615384615384615,
    0.36,
    0.375,
    0.391304347826087,
    0.36363636363636365,
    0.38095238095238093,
    0.4,
    0.42105263157894735,
    0.4444444444444444,
    0.47058823529411764,
    0.5,
    0.5333333333333333,
    0.5714285714285714,
    0.6153846153846154,
    0.6666666666666666,
    0.7272727272727273,
    0.8,
    0.8888888888888888,
    0.875,
    0.8571428571428571,
    1.0,
    1.0,
    1.0,
    1.0,
    1.0,
    1.0,
    1.0
  ],
  "recall": [
    1.0,
    1.0,
    1.0,
    1.0,
    1.0,
    1.0,
    1.0,
    1.0,
    1.0,
    1.0,
    1.0,
    1.0,
    1.0,
    1.0,
    1.0,
    1.0,
    1.0,
    1.0,
    1.0,
    1.0,
    1.0,
    1.0,
    1.0,
    1.0,
    1.0,
    0.9166666666666666,
    0.9166666666666666,
    0.9166666666666666,
    0.9166666666666666,
    0.9166666666666666,
    0.9166666666666666,
    0.8333333333333334,
    0.8333333333333334,
    0.8333333333333334,
    0.8333333333333334,
    0.8333333333333334,
    0.8333333333333334,
    0.8333333333333334,
    0.8333333333333334,
    0.8333333333333334,
    0.75,
    0.75,
    0.75,
    0.75,
    0.75,
    0.75,
    0.75,
    0.75,
    0.75,
    0.75,
    0.75,
    0.75,
    0.75,
    0.6666666666666666,
    0.6666666666666666,
    0.6666666666666666,
    0.6666666666666666,
    0.6666666666666666,
    0.6666666666666666,
    0.6666666666666666,
    0.6666666666666666,
    0.6666666666666666,
    0.6666666666666666,
    0.6666666666666666,
    0.6666666666666666,
    0.6666666666666666,
    0.6666666666666666,
    0.5833333333333334,
    0.5,
    0.5,
    0.4166666666666667,
    0.3333333333333333,
    0.25,
    0.16666666666666666,
    0.08333333333333333,
    0.0
  ],
  "thresholds": [
    0.09039518237113953,
    0.09197856485843658,
    0.0923386737704277,
    0.09247660636901855,
    0.0924861952662468,
    0.09481634944677353,
    0.0955587849020958,
    0.09570565819740295,
    0.09576573222875595,
    0.09584902226924896,
    0.09654548764228821,
    0.09684865176677704,
    0.09747522324323654,
    0.09748221188783646,
    0.09761235862970352,
    0.09768318384885788,
    0.09778005629777908,
    0.09793680161237717,
    0.09890852123498917,
    0.09896044433116913,
    0.09964308142662048,
    0.09966684132814407,
    0.09969232976436615,
    0.10011371225118637,
    0.10035651922225952,
    0.10128474980592728,
    0.10133593529462814,
    0.10211911052465439,
    0.10251323878765106,
    0.10271787643432617,
    0.10293807089328766,
    0.10440714657306671,
    0.10451141744852066,
    0.10477417707443237,
    0.1051080971956253,
    0.10585395246744156,
    0.10587793588638306,
    0.10598976165056229,
    0.1086425632238388,
    0.10937779396772385,
    0.1093924269080162,
    0.11007276922464371,
    0.1111379861831665,
    0.11281442642211914,
    0.1137923002243042,
    0.11390616744756699,
    0.11540410667657852,
    0.11858784407377243,
    0.1202397495508194,
    0.12114197760820389,
    0.12969569861888885,
    0.13310272991657257,
    0.13363388180732727,
    0.13608379662036896,
    0.1379440724849701,
    0.14485277235507965,
    0.1475629359483719,
    0.17260268330574036,
    0.193738654255867,
    0.21463142335414886,
    0.2808911204338074,
    0.3222588002681732,
    0.3242065906524658,
    0.3528531491756439,
    0.3528634011745453,
    0.3825559914112091,
    0.4376978576183319,
    0.7226704359054565,
    0.8438565731048584,
    0.847160279750824,
    0.8974003791809082,
    0.9202744364738464,
    0.9222061038017273,
    0.9248470664024353,
    0.9258003234863281
  ]
}