{
  "y_true": [
    0,
    0,
    0,
    0,
    0,
    0,
    0,
    0,
    0,
    0,
    0,
    0,
    0,
    0,
    0,
    0,
    0,
    0,
    0,
    0,
    0,
    0,
    0,
    0,
    0,
    0,
    0,
    0,
    0,
    0,
    0,
    0,
    0,
    0,
    0,
    0,
    0,
    0,
    0,
    0,
    0,
    0,
    0,
    0,
    0,
    0,
    0,
    0,
    0,
    0,
    0,
    0,
    0,
    0,
    0,
    0,
    0,
    0,
    0,
    0,
    0,
    0,
    0,
    1,
    1,
    1,
    1,
    1,
    1,
    1,
    1,
    1,
    1,
    1,
    1
  ],
  "y_pred": [
    0,
    0,
    0,
    0,
    0,
    0,
    0,
    0,
    0,
    0,
    0,
    0,
    0,
    0,
    0,
    0,
    0,
    0,
    0,
    0,
    0,
    0,
    0,
    0,
    0,
    0,
    0,
    0,
    0,
    0,
    0,
    0,
    0,
    0,
    0,
    0,
    0,
    0,
    0,
    0,
    0,
    0,
    0,
    0,
    0,
    0,
    0,
    0,
    0,
    0,
    0,
    0,
    0,
    0,
    0,
    0,
    0,
    0,
    0,
    0,
    0,
    0,
    0,
    1,
    0,
    1,
    1,
    1,
    0,
    0,
    0,
    0,
    0,
    0,
    0
  ],
  "y_prob": [
    0.0923386737704277,
    0.09570565819740295,
    0.3528531491756439,
    0.3825559914112091,
    0.3242065906524658,
    0.09247660636901855,
    0.09768318384885788,
    0.3528634011745453,
    0.10477417707443237,
    0.1093924269080162,
    0.09964308142662048,
    0.09576573222875595,
    0.2808911204338074,
    0.13310272991657257,
    0.09966684132814407,
    0.11007276922464371,
    0.1086425632238388,
    0.11858784407377243,
    0.11540410667657852,
    0.10133593529462814,
    0.10128474980592728,
    0.09039518237113953,
    0.1475629359483719,
    0.09747522324323654,
    0.09654548764228821,
    0.11390616744756699,
    0.12969569861888885,
    0.10440714657306671,
    0.09748221188783646,
    0.09584902226924896,
    0.10211911052465439,
    0.09481634944677353,
    0.09197856485843658,
    0.10598976165056229,
    0.13608379662036896,
    0.12114197760820389,
    0.1202397495508194,
    0.10587793588638306,
    0.21463142335414886,
    0.1051080971956253,
    0.09890852123498917,
    0.09896044433116913,
    0.10451141744852066,
    0.8438565731048584,
    0.1137923002243042,
    0.10251323878765106,
    0.1379440724849701,
    0.1111379861831665,
    0.11281442642211914,
    0.09761235862970352,
    0.14485277235507965,
    0.09684865176677704,
    0.09969232976436615,
    0.09778005629777908,
    0.0955587849020958,
    0.10011371225118637,
    0.10271787643432617,
    0.3222588002681732,
    0.10585395246744156,
    0.09793680161237717,
    0.0924861952662468,
    0.17260268330574036,
    0.193738654255867,
    0.9248470664024353,
    0.847160279750824,
    0.9222061038017273,
    0.9202744364738464,
    0.9258003234863281,
    0.10937779396772385,
    0.10293807089328766,
    0.4376978576183319,
    0.13363388180732727,
    0.10035651922225952,
    0.7226704359054565,
    0.8974003791809082
  ]
}