{
  "confusion_matrix": {
    "tn": 63,
    "fp": 0,
    "fn": 4,
    "tp": 8
  },
  "confusion_matrix_normalized": {
    "tn": 1.0,
    "fp": 0.0,
    "fn": 0.3333333333333333,
    "tp": 0.6666666666666666
  }
}