{
  "accuracy": 0.9466666666666667,
  "balanced_accuracy": 0.8333333333333333,
  "precision": 1.0,
  "recall": 0.6666666666666666,
  "f1": 0.8,
  "roc_auc": 0.9537037037037037,
  "pr_auc": 0.8767399267399268,
  "class_distribution": {
    "0": 63,
    "1": 12
  },
  "per_class_precision_recall": {
    "class_0": {
      "precision": 0.9402985074626866,
      "recall": 1.0
    },
    "class_1": {
      "precision": 1.0,
      "recall": 0.6666666666666666
    }
  },
  "confusion_matrix": {
    "tn": 63,
    "fp": 0,
    "fn": 4,
    "tp": 8
  },
  "confusion_matrix_normalized": {
    "tn": 1.0,
    "fp": 0.0,
    "fn": 0.3333333333333333,
    "tp": 0.6666666666666666
  },
  "threshold": 0.49999999999999994,
  "n_samples": 75,
  "mean_probability": 0.17160357534885406,
  "pr_curve": {
    "precision": [
      0.16,
      0.16216216216216217,
      0.1643835616438356,
      0.16666666666666666,
      0.16901408450704225,
      0.17142857142857143,
      0.17391304347826086,
      0.17647058823529413,
      0.1791044776119403,
      0.18181818181818182,
      0.18461538461538463,
      0.1875,
      0.19047619047619047,
      0.1935483870967742,
      0.19672131147540983,
      0.2,
      0.2033898305084746,
      0.20689655172413793,
      0.21052631578947367,
      0.21428571428571427,
      0.21818181818181817,
      0.2222222222222222,
      0.22641509433962265,
      0.23076923076923078,
      0.23529411764705882,
      0.24,
      0.24489795918367346,
      0.25,
      0.2553191489361702,
      0.2608695652173913,
      0.26666666666666666,
      0.2727272727272727,
      0.27906976744186046,
      0.2857142857142857,
      0.2926829268292683,
      0.3,
      0.3076923076923077,
      0.3157894736842105,
      0.32432432432432434,
      0.3333333333333333,
      0.34285714285714286,
      0.35294117647058826,
      0.36363636363636365,
      0.375,
      0.3870967741935484,
      0.4,
      0.41379310344827586,
      0.42857142857142855,
      0.4074074074074074,
      0.4230769230769231,
      0.4,
      0.4166666666666667,
      0.43478260869565216,
      0.45454545454545453,
      0.47619047619047616,
      0.5,
      0.5263157894736842,
      0.5555555555555556,
      0.5882352941176471,
      0.625,
      0.6666666666666666,
      0.7142857142857143,
      0.7692307692307693,
      0.75,
      0.8181818181818182,
      0.9,
      0.8888888888888888,
      1.0,
      1.0,
      1.0,
      1.0,
      1.0,
      1.0,
      1.0,
      1.0,
      1.0
    ],
    "recall": [
      1.0,
      1.0,
      1.0,
      1.0,
      1.0,
      1.0,
      1.0,
      1.0,
      1.0,
      1.0,
      1.0,
      1.0,
      1.0,
      1.0,
      1.0,
      1.0,
      1.0,
      1.0,
      1.0,
      1.0,
      1.0,
      1.0,
      1.0,
      1.0,
      1.0,
      1.0,
      1.0,
      1.0,
      1.0,
      1.0,
      1.0,
      1.0,
      1.0,
      1.0,
      1.0,
      1.0,
      1.0,
      1.0,
      1.0,
      1.0,
      1.0,
      1.0,
      1.0,
      1.0,
      1.0,
      1.0,
      1.0,
      1.0,
      0.9166666666666666,
      0.9166666666666666,
      0.8333333333333334,
      0.8333333333333334,
      0.8333333333333334,
      0.8333333333333334,
      0.8333333333333334,
      0.8333333333333334,
      0.8333333333333334,
      0.8333333333333334,
      0.8333333333333334,
      0.8333333333333334,
      0.8333333333333334,
      0.8333333333333334,
      0.8333333333333334,
      0.75,
      0.75,
      0.75,
      0.6666666666666666,
      0.6666666666666666,
      0.5833333333333334,
      0.5,
      0.4166666666666667,
      0.3333333333333333,
      0.25,
      0.16666666666666666,
      0.08333333333333333,
      0.0
    ],
    "thresholds": [
      0.004589609336107969,
      0.004609773401170969,
      0.00605620164424181,
      0.006367377005517483,
      0.006679360289126635,
      0.008719532750546932,
      0.00931673962622881,
      0.00969094317406416,
      0.01010846346616745,
      0.010153624229133129,
      0.010345576331019402,
      0.010771024040877819,
      0.012071953155100346,
      0.012581921182572842,
      0.013310110196471214,
      0.014481895603239536,
      0.014694013632833958,
      0.014724559150636196,
      0.017692016437649727,
      0.017962448298931122,
      0.018064506351947784,
      0.019431859254837036,
      0.02116612158715725,
      0.022004880011081696,
      0.023314904421567917,
      0.023692097514867783,
      0.02633708342909813,
      0.03154511749744415,
      0.031601738184690475,
      0.032366592437028885,
      0.035173751413822174,
      0.036480214446783066,
      0.03730575740337372,
      0.03913278877735138,
      0.03939376398921013,
      0.03957344964146614,
      0.03978346288204193,
      0.042924072593450546,
      0.04417339339852333,
      0.046190209686756134,
      0.04731510952115059,
      0.05124308541417122,
      0.05805717036128044,
      0.06312267482280731,
      0.06348107755184174,
      0.06442245095968246,
      0.06791560351848602,
      0.0754452720284462,
      0.09596362709999084,
      0.11827709525823593,
      0.12272923439741135,
      0.1259545236825943,
      0.1338110864162445,
      0.15258213877677917,
      0.15940819680690765,
      0.19325979053974152,
      0.1961778700351715,
      0.20503899455070496,
      0.2494540512561798,
      0.2596258819103241,
      0.2635244131088257,
      0.3162344992160797,
      0.31951361894607544,
      0.32135680317878723,
      0.394741415977478,
      0.41229352355003357,
      0.43063855171203613,
      0.5173357725143433,
      0.7691103219985962,
      0.8573591709136963,
      0.9322030544281006,
      0.9857629537582397,
      0.9867286086082458,
      0.9973504543304443,
      0.9982465505599976
    ]
  }
}