{
  "y_true": [
    0,
    0,
    0,
    0,
    0,
    0,
    0,
    0,
    0,
    0,
    0,
    0,
    0,
    0,
    0,
    0,
    0,
    0,
    0,
    0,
    0,
    0,
    0,
    0,
    0,
    0,
    0,
    0,
    0,
    0,
    0,
    0,
    0,
    0,
    0,
    0,
    0,
    0,
    0,
    0,
    0,
    0,
    0,
    0,
    0,
    0,
    0,
    0,
    0,
    0,
    0,
    0,
    0,
    0,
    0,
    0,
    0,
    0,
    0,
    0,
    0,
    0,
    0,
    1,
    1,
    1,
    1,
    1,
    1,
    1,
    1,
    1,
    1,
    1,
    1
  ],
  "y_pred": [
    0,
    0,
    0,
    0,
    0,
    0,
    0,
    0,
    0,
    0,
    0,
    0,
    0,
    0,
    0,
    0,
    0,
    0,
    0,
    0,
    0,
    0,
    0,
    0,
    0,
    0,
    0,
    0,
    0,
    0,
    0,
    0,
    0,
    0,
    0,
    0,
    0,
    0,
    0,
    0,
    0,
    0,
    0,
    0,
    0,
    0,
    0,
    0,
    0,
    0,
    0,
    0,
    0,
    0,
    0,
    0,
    0,
    0,
    0,
    0,
    0,
    0,
    0,
    1,
    1,
    1,
    1,
    1,
    0,
    0,
    0,
    1,
    0,
    1,
    1
  ],
  "y_prob": [
    0.12272923439741135,
    0.03978346288204193,
    0.43063855171203613,
    0.19325979053974152,
    0.394741415977478,
    0.014694013632833958,
    0.008719532750546932,
    0.032366592437028885,
    0.1259545236825943,
    0.03939376398921013,
    0.02633708342909813,
    0.046190209686756134,
    0.013310110196471214,
    0.00931673962622881,
    0.023314904421567917,
    0.018064506351947784,
    0.06791560351848602,
    0.2494540512561798,
    0.06348107755184174,
    0.04731510952115059,
    0.03957344964146614,
    0.012581921182572842,
    0.09596362709999084,
    0.010153624229133129,
    0.014481895603239536,
    0.031601738184690475,
    0.019431859254837036,
    0.05805717036128044,
    0.03154511749744415,
    0.017692016437649727,
    0.006367377005517483,
    0.017962448298931122,
    0.012071953155100346,
    0.1961778700351715,
    0.20503899455070496,
    0.15258213877677917,
    0.023692097514867783,
    0.2635244131088257,
    0.036480214446783066,
    0.04417339339852333,
    0.042924072593450546,
    0.022004880011081696,
    0.05124308541417122,
    0.32135680317878723,
    0.03730575740337372,
    0.06312267482280731,
    0.02116612158715725,
    0.00605620164424181,
    0.03913278877735138,
    0.010345576331019402,
    0.3162344992160797,
    0.004589609336107969,
    0.010771024040877819,
    0.035173751413822174,
    0.004609773401170969,
    0.00969094317406416,
    0.2596258819103241,
    0.15940819680690765,
    0.06442245095968246,
    0.01010846346616745,
    0.014724559150636196,
    0.006679360289126635,
    0.1338110864162445,
    0.9982465505599976,
    0.7691103219985962,
    0.9857629537582397,
    0.9867286086082458,
    0.9973504543304443,
    0.41229352355003357,
    0.11827709525823593,
    0.31951361894607544,
    0.5173357725143433,
    0.0754452720284462,
    0.8573591709136963,
    0.9322030544281006
  ]
}