{
  "accuracy": 0.84,
  "balanced_accuracy": 0.5674603174603174,
  "precision": 0.5,
  "recall": 0.16666666666666666,
  "f1": 0.25,
  "roc_auc": 0.7883597883597884,
  "pr_auc": 0.43319867968507386,
  "class_distribution": {
    "0": 63,
    "1": 12
  },
  "per_class_precision_recall": {
    "class_0": {
      "precision": 0.8591549295774648,
      "recall": 0.9682539682539683
    },
    "class_1": {
      "precision": 0.5,
      "recall": 0.16666666666666666
    }
  },
  "confusion_matrix": {
    "tn": 61,
    "fp": 2,
    "fn": 10,
    "tp": 2
  },
  "confusion_matrix_normalized": {
    "tn": 0.9682539682539683,
    "fp": 0.031746031746031744,
    "fn": 0.8333333333333334,
    "tp": 0.16666666666666666
  },
  "threshold": 0.5,
  "n_samples": 75,
  "mean_probability": 0.06691527366638184
}