{
  "confusion_matrix": {
    "tn": 59,
    "fp": 4,
    "fn": 3,
    "tp": 9
  },
  "confusion_matrix_normalized": {
    "tn": 0.9365079365079365,
    "fp": 0.06349206349206349,
    "fn": 0.25,
    "tp": 0.75
  }
}