{
  "accuracy": 0.9066666666666666,
  "balanced_accuracy": 0.7420634920634921,
  "precision": 0.8571428571428571,
  "recall": 0.5,
  "f1": 0.631578947368421,
  "roc_auc": 0.8227513227513228,
  "pr_auc": 0.6854840761090762,
  "class_distribution": {
    "0": 63,
    "1": 12
  },
  "per_class_precision_recall": {
    "class_0": {
      "precision": 0.9117647058823529,
      "recall": 0.9841269841269841
    },
    "class_1": {
      "precision": 0.8571428571428571,
      "recall": 0.5
    }
  },
  "confusion_matrix": {
    "tn": 62,
    "fp": 1,
    "fn": 6,
    "tp": 6
  },
  "confusion_matrix_normalized": {
    "tn": 0.9841269841269841,
    "fp": 0.015873015873015872,
    "fn": 0.5,
    "tp": 0.5
  },
  "threshold": 0.6,
  "n_samples": 75,
  "mean_probability": 0.25964033603668213,
  "pr_curve": {
    "precision": [
      0.16,
      0.16216216216216217,
      0.1643835616438356,
      0.16666666666666666,
      0.16901408450704225,
      0.17142857142857143,
      0.17391304347826086,
      0.17647058823529413,
      0.1791044776119403,
      0.18181818181818182,
      0.18461538461538463,
      0.1875,
      0.19047619047619047,
      0.1935483870967742,
      0.19672131147540983,
      0.2,
      0.2033898305084746,
      0.20689655172413793,
      0.21052631578947367,
      0.21428571428571427,
      0.21818181818181817,
      0.2222222222222222,
      0.22641509433962265,
      0.23076923076923078,
      0.21568627450980393,
      0.22,
      0.22448979591836735,
      0.22916666666666666,
      0.2127659574468085,
      0.21739130434782608,
      0.2222222222222222,
      0.22727272727272727,
      0.23255813953488372,
      0.23809523809523808,
      0.24390243902439024,
      0.25,
      0.2564102564102564,
      0.2631578947368421,
      0.2702702702702703,
      0.2777777777777778,
      0.2857142857142857,
      0.29411764705882354,
      0.30303030303030304,
      0.3125,
      0.3225806451612903,
      0.3333333333333333,
      0.3103448275862069,
      0.32142857142857145,
      0.2962962962962963,
      0.3076923076923077,
      0.32,
      0.3333333333333333,
      0.30434782608695654,
      0.3181818181818182,
      0.3333333333333333,
      0.35,
      0.3684210526315789,
      0.3888888888888889,
      0.4117647058823529,
      0.4375,
      0.4666666666666667,
      0.5,
      0.5384615384615384,
      0.5833333333333334,
      0.6363636363636364,
      0.7,
      0.7777777777777778,
      0.75,
      0.8571428571428571,
      1.0,
      1.0,
      1.0,
      1.0,
      1.0,
      1.0,
      1.0
    ],
    "recall": [
      1.0,
      1.0,
      1.0,
      1.0,
      1.0,
      1.0,
      1.0,
      1.0,
      1.0,
      1.0,
      1.0,
      1.0,
      1.0,
      1.0,
      1.0,
      1.0,
      1.0,
      1.0,
      1.0,
      1.0,
      1.0,
      1.0,
      1.0,
      1.0,
      0.9166666666666666,
      0.9166666666666666,
      0.9166666666666666,
      0.9166666666666666,
      0.8333333333333334,
      0.8333333333333334,
      0.8333333333333334,
      0.8333333333333334,
      0.8333333333333334,
      0.8333333333333334,
      0.8333333333333334,
      0.8333333333333334,
      0.8333333333333334,
      0.8333333333333334,
      0.8333333333333334,
      0.8333333333333334,
      0.8333333333333334,
      0.8333333333333334,
      0.8333333333333334,
      0.8333333333333334,
      0.8333333333333334,
      0.8333333333333334,
      0.75,
      0.75,
      0.6666666666666666,
      0.6666666666666666,
      0.6666666666666666,
      0.6666666666666666,
      0.5833333333333334,
      0.5833333333333334,
      0.5833333333333334,
      0.5833333333333334,
      0.5833333333333334,
      0.5833333333333334,
      0.5833333333333334,
      0.5833333333333334,
      0.5833333333333334,
      0.5833333333333334,
      0.5833333333333334,
      0.5833333333333334,
      0.5833333333333334,
      0.5833333333333334,
      0.5833333333333334,
      0.5,
      0.5,
      0.5,
      0.4166666666666667,
      0.3333333333333333,
      0.25,
      0.16666666666666666,
      0.08333333333333333,
      0.0
    ],
    "thresholds": [
      0.16960059106349945,
      0.16978883743286133,
      0.16995421051979065,
      0.17048655450344086,
      0.17120668292045593,
      0.17141187191009521,
      0.17294512689113617,
      0.17297902703285217,
      0.17308937013149261,
      0.17362841963768005,
      0.17393344640731812,
      0.1739981472492218,
      0.17406097054481506,
      0.17409178614616394,
      0.1742044985294342,
      0.17433185875415802,
      0.17443221807479858,
      0.17464880645275116,
      0.17490264773368835,
      0.17499101161956787,
      0.17499464750289917,
      0.17514576017856598,
      0.17517879605293274,
      0.1752748191356659,
      0.17532368004322052,
      0.175410196185112,
      0.17565041780471802,
      0.17572519183158875,
      0.176354318857193,
      0.17664548754692078,
      0.17666910588741302,
      0.17667846381664276,
      0.1767692118883133,
      0.17692537605762482,
      0.17708460986614227,
      0.17712371051311493,
      0.17722657322883606,
      0.17753343284130096,
      0.1775626242160797,
      0.1775711178779602,
      0.17784057557582855,
      0.17793649435043335,
      0.17809098958969116,
      0.178230419754982,
      0.1784820258617401,
      0.17876072227954865,
      0.179373636841774,
      0.1797555834054947,
      0.1800033152103424,
      0.18015989661216736,
      0.1805887669324875,
      0.1807469129562378,
      0.18114420771598816,
      0.18188008666038513,
      0.18210290372371674,
      0.1830243617296219,
      0.18333084881305695,
      0.18485970795154572,
      0.18879732489585876,
      0.19012390077114105,
      0.1995270848274231,
      0.2016489952802658,
      0.20212776958942413,
      0.20868512988090515,
      0.27772167325019836,
      0.4278387129306793,
      0.43744006752967834,
      0.5128324031829834,
      0.7644663453102112,
      0.9144353866577148,
      0.9326959848403931,
      0.9342978000640869,
      0.9466363787651062,
      0.9505554437637329,
      0.9513478875160217
    ]
  }
}