{
  "y_true": [
    0,
    0,
    0,
    0,
    0,
    0,
    0,
    0,
    0,
    0,
    0,
    0,
    0,
    0,
    0,
    0,
    0,
    0,
    0,
    0,
    0,
    0,
    0,
    0,
    0,
    0,
    0,
    0,
    0,
    0,
    0,
    0,
    0,
    0,
    0,
    0,
    0,
    0,
    0,
    0,
    0,
    0,
    0,
    0,
    0,
    0,
    0,
    0,
    0,
    0,
    0,
    0,
    0,
    0,
    0,
    0,
    0,
    0,
    0,
    0,
    0,
    0,
    0,
    1,
    1,
    1,
    1,
    1,
    1,
    1,
    1,
    1,
    1,
    1,
    1
  ],
  "y_pred": [
    0,
    0,
    0,
    0,
    0,
    0,
    0,
    0,
    0,
    0,
    0,
    0,
    0,
    0,
    0,
    0,
    0,
    0,
    0,
    0,
    0,
    0,
    0,
    0,
    0,
    0,
    0,
    0,
    0,
    0,
    0,
    0,
    0,
    0,
    0,
    0,
    0,
    0,
    0,
    0,
    0,
    0,
    0,
    1,
    0,
    0,
    0,
    0,
    0,
    0,
    0,
    0,
    0,
    0,
    0,
    0,
    0,
    0,
    0,
    0,
    0,
    0,
    0,
    1,
    1,
    1,
    1,
    1,
    0,
    0,
    0,
    0,
    0,
    0,
    1
  ],
  "y_prob": [
    0.17499101161956787,
    0.17464880645275116,
    0.1805887669324875,
    0.19012390077114105,
    0.4278387129306793,
    0.1775711178779602,
    0.17712371051311493,
    0.5128324031829834,
    0.17722657322883606,
    0.17708460986614227,
    0.17433185875415802,
    0.17409178614616394,
    0.27772167325019836,
    0.20212776958942413,
    0.17297902703285217,
    0.179373636841774,
    0.17664548754692078,
    0.1800033152103424,
    0.18210290372371674,
    0.16978883743286133,
    0.17667846381664276,
    0.17692537605762482,
    0.18879732489585876,
    0.1739981472492218,
    0.1742044985294342,
    0.17793649435043335,
    0.1830243617296219,
    0.17499464750289917,
    0.1775626242160797,
    0.17406097054481506,
    0.176354318857193,
    0.1784820258617401,
    0.17294512689113617,
    0.175410196185112,
    0.17809098958969116,
    0.18188008666038513,
    0.18015989661216736,
    0.17753343284130096,
    0.1995270848274231,
    0.17490264773368835,
    0.16960059106349945,
    0.17120668292045593,
    0.1767692118883133,
    0.7644663453102112,
    0.178230419754982,
    0.17666910588741302,
    0.2016489952802658,
    0.17514576017856598,
    0.18114420771598816,
    0.17393344640731812,
    0.17784057557582855,
    0.17443221807479858,
    0.17048655450344086,
    0.17532368004322052,
    0.17517879605293274,
    0.17362841963768005,
    0.17308937013149261,
    0.20868512988090515,
    0.17141187191009521,
    0.16995421051979065,
    0.17565041780471802,
    0.18333084881305695,
    0.18485970795154572,
    0.9505554437637329,
    0.9326959848403931,
    0.9466363787651062,
    0.9342978000640869,
    0.9513478875160217,
    0.1807469129562378,
    0.1752748191356659,
    0.17876072227954865,
    0.1797555834054947,
    0.17572519183158875,
    0.43744006752967834,
    0.9144353866577148
  ]
}