{
  "precision": [
    0.16,
    0.16216216216216217,
    0.1643835616438356,
    0.16666666666666666,
    0.16901408450704225,
    0.17142857142857143,
    0.17391304347826086,
    0.17647058823529413,
    0.1791044776119403,
    0.18181818181818182,
    0.18461538461538463,
    0.1875,
    0.19047619047619047,
    0.1935483870967742,
    0.19672131147540983,
    0.2,
    0.2033898305084746,
    0.20689655172413793,
    0.21052631578947367,
    0.21428571428571427,
    0.21818181818181817,
    0.2222222222222222,
    0.22641509433962265,
    0.23076923076923078,
    0.23529411764705882,
    0.24,
    0.24489795918367346,
    0.25,
    0.2553191489361702,
    0.2608695652173913,
    0.26666666666666666,
    0.2727272727272727,
    0.27906976744186046,
    0.2857142857142857,
    0.2926829268292683,
    0.3,
    0.3076923076923077,
    0.3157894736842105,
    0.32432432432432434,
    0.3333333333333333,
    0.34285714285714286,
    0.35294117647058826,
    0.36363636363636365,
    0.375,
    0.3870967741935484,
    0.4,
    0.41379310344827586,
    0.42857142857142855,
    0.4444444444444444,
    0.4230769230769231,
    0.44,
    0.4583333333333333,
    0.4782608695652174,
    0.45454545454545453,
    0.47619047619047616,
    0.5,
    0.5263157894736842,
    0.5555555555555556,
    0.5882352941176471,
    0.625,
    0.6666666666666666,
    0.7142857142857143,
    0.7692307692307693,
    0.8333333333333334,
    0.9090909090909091,
    0.9,
    0.8888888888888888,
    1.0,
    1.0,
    1.0,
    1.0,
    1.0,
    1.0,
    1.0,
    1.0,
    1.0
  ],
  "recall": [
    1.0,
    1.0,
    1.0,
    1.0,
    1.0,
    1.0,
    1.0,
    1.0,
    1.0,
    1.0,
    1.0,
    1.0,
    1.0,
    1.0,
    1.0,
    1.0,
    1.0,
    1.0,
    1.0,
    1.0,
    1.0,
    1.0,
    1.0,
    1.0,
    1.0,
    1.0,
    1.0,
    1.0,
    1.0,
    1.0,
    1.0,
    1.0,
    1.0,
    1.0,
    1.0,
    1.0,
    1.0,
    1.0,
    1.0,
    1.0,
    1.0,
    1.0,
    1.0,
    1.0,
    1.0,
    1.0,
    1.0,
    1.0,
    1.0,
    0.9166666666666666,
    0.9166666666666666,
    0.9166666666666666,
    0.9166666666666666,
    0.8333333333333334,
    0.8333333333333334,
    0.8333333333333334,
    0.8333333333333334,
    0.8333333333333334,
    0.8333333333333334,
    0.8333333333333334,
    0.8333333333333334,
    0.8333333333333334,
    0.8333333333333334,
    0.8333333333333334,
    0.8333333333333334,
    0.75,
    0.6666666666666666,
    0.6666666666666666,
    0.5833333333333334,
    0.5,
    0.4166666666666667,
    0.3333333333333333,
    0.25,
    0.16666666666666666,
    0.08333333333333333,
    0.0
  ],
  "thresholds": [
    0.004282571841031313,
    0.004737436771392822,
    0.005840038415044546,
    0.007104604039341211,
    0.008370173163712025,
    0.009102564305067062,
    0.010163625702261925,
    0.01047835685312748,
    0.010778703726828098,
    0.011566880159080029,
    0.013092583045363426,
    0.014919841662049294,
    0.01703006401658058,
    0.01804465614259243,
    0.018214086070656776,
    0.018283475190401077,
    0.01860235258936882,
    0.018678445369005203,
    0.018911339342594147,
    0.020370062440633774,
    0.020816408097743988,
    0.023869534954428673,
    0.025828812271356583,
    0.031960081309080124,
    0.032365426421165466,
    0.03594479337334633,
    0.03613725304603577,
    0.0362582765519619,
    0.039192136377096176,
    0.04594272002577782,
    0.0462220162153244,
    0.04829840362071991,
    0.04851579666137695,
    0.05073525756597519,
    0.05249539017677307,
    0.054409999400377274,
    0.05463172495365143,
    0.05541711300611496,
    0.05771063268184662,
    0.05932508036494255,
    0.06185692176222801,
    0.062248315662145615,
    0.06785043329000473,
    0.07040322571992874,
    0.07365366816520691,
    0.07745303213596344,
    0.08779380470514297,
    0.10035299509763718,
    0.10078592598438263,
    0.10141501575708389,
    0.11019892245531082,
    0.12700460851192474,
    0.17789098620414734,
    0.22028106451034546,
    0.22092914581298828,
    0.23150750994682312,
    0.2414904683828354,
    0.26579734683036804,
    0.29956209659576416,
    0.2997318208217621,
    0.3002662658691406,
    0.3282538652420044,
    0.35355138778686523,
    0.3646989166736603,
    0.42922914028167725,
    0.5168935656547546,
    0.6549983024597168,
    0.6667402386665344,
    0.9238150119781494,
    0.9518045783042908,
    0.9763251543045044,
    0.9869818091392517,
    0.9935263395309448,
    0.9979239702224731,
    0.998528242111206
  ]
}