{
  "y_true": [
    0,
    0,
    0,
    0,
    0,
    0,
    0,
    0,
    0,
    0,
    0,
    0,
    0,
    0,
    0,
    0,
    0,
    0,
    0,
    0,
    0,
    0,
    0,
    0,
    0,
    0,
    0,
    0,
    0,
    0,
    0,
    0,
    0,
    0,
    0,
    0,
    0,
    0,
    0,
    0,
    0,
    0,
    0,
    0,
    0,
    0,
    0,
    0,
    0,
    0,
    0,
    0,
    0,
    0,
    0,
    0,
    0,
    0,
    0,
    0,
    0,
    0,
    0,
    1,
    1,
    1,
    1,
    1,
    1,
    1,
    1,
    1,
    1,
    1,
    1
  ],
  "y_pred": [
    0,
    0,
    0,
    0,
    1,
    0,
    0,
    0,
    0,
    0,
    0,
    0,
    0,
    0,
    0,
    0,
    0,
    0,
    0,
    0,
    0,
    0,
    0,
    0,
    0,
    0,
    0,
    0,
    0,
    0,
    0,
    0,
    0,
    0,
    0,
    0,
    0,
    0,
    0,
    0,
    0,
    0,
    0,
    0,
    0,
    0,
    0,
    0,
    0,
    0,
    0,
    0,
    0,
    0,
    0,
    0,
    0,
    0,
    0,
    0,
    0,
    0,
    0,
    1,
    1,
    1,
    1,
    1,
    1,
    0,
    1,
    1,
    0,
    1,
    1
  ],
  "y_prob": [
    0.054409999400377274,
    0.05932508036494255,
    0.3002662658691406,
    0.3646989166736603,
    0.6549983024597168,
    0.018214086070656776,
    0.008370173163712025,
    0.05771063268184662,
    0.11019892245531082,
    0.062248315662145615,
    0.05249539017677307,
    0.05463172495365143,
    0.023869534954428673,
    0.011566880159080029,
    0.0362582765519619,
    0.01804465614259243,
    0.10141501575708389,
    0.35355138778686523,
    0.07745303213596344,
    0.04594272002577782,
    0.05073525756597519,
    0.020816408097743988,
    0.12700460851192474,
    0.010778703726828098,
    0.018678445369005203,
    0.04851579666137695,
    0.020370062440633774,
    0.07040322571992874,
    0.032365426421165466,
    0.018911339342594147,
    0.005840038415044546,
    0.01703006401658058,
    0.018283475190401077,
    0.3282538652420044,
    0.22028106451034546,
    0.26579734683036804,
    0.03594479337334633,
    0.2997318208217621,
    0.06185692176222801,
    0.06785043329000473,
    0.05541711300611496,
    0.025828812271356583,
    0.0462220162153244,
    0.2414904683828354,
    0.031960081309080124,
    0.08779380470514297,
    0.03613725304603577,
    0.009102564305067062,
    0.039192136377096176,
    0.01047835685312748,
    0.29956209659576416,
    0.004282571841031313,
    0.014919841662049294,
    0.04829840362071991,
    0.004737436771392822,
    0.010163625702261925,
    0.22092914581298828,
    0.10035299509763718,
    0.07365366816520691,
    0.013092583045363426,
    0.01860235258936882,
    0.007104604039341211,
    0.23150750994682312,
    0.9979239702224731,
    0.9238150119781494,
    0.9763251543045044,
    0.9935263395309448,
    0.998528242111206,
    0.5168935656547546,
    0.17789098620414734,
    0.42922914028167725,
    0.6667402386665344,
    0.10078592598438263,
    0.9518045783042908,
    0.9869818091392517
  ]
}