{
  "accuracy": 0.92,
  "balanced_accuracy": 0.75,
  "precision": 1.0,
  "recall": 0.5,
  "f1": 0.6666666666666666,
  "roc_auc": 0.9212962962962963,
  "pr_auc": 0.8000705678337257,
  "class_distribution": {
    "0": 63,
    "1": 12
  },
  "per_class_precision_recall": {
    "class_0": {
      "precision": 0.9130434782608695,
      "recall": 1.0
    },
    "class_1": {
      "precision": 1.0,
      "recall": 0.5
    }
  },
  "confusion_matrix": {
    "tn": 63,
    "fp": 0,
    "fn": 6,
    "tp": 6
  },
  "confusion_matrix_normalized": {
    "tn": 1.0,
    "fp": 0.0,
    "fn": 0.5,
    "tp": 0.5
  },
  "threshold": 0.35,
  "n_samples": 75,
  "mean_probability": 0.1122666671872139,
  "pr_curve": {
    "precision": [
      0.16,
      0.17647058823529413,
      0.20689655172413793,
      0.22641509433962265,
      0.23076923076923078,
      0.2727272727272727,
      0.2857142857142857,
      0.3055555555555556,
      0.3235294117647059,
      0.3333333333333333,
      0.34375,
      0.3548387096774194,
      0.39285714285714285,
      0.37037037037037035,
      0.38461538461538464,
      0.4,
      0.4166666666666667,
      0.43478260869565216,
      0.45454545454545453,
      0.47619047619047616,
      0.5,
      0.5263157894736842,
      0.5,
      0.5294117647058824,
      0.5625,
      0.6,
      0.6428571428571429,
      0.6923076923076923,
      0.75,
      0.8181818181818182,
      0.8,
      0.7777777777777778,
      0.75,
      0.8571428571428571,
      1.0,
      1.0,
      1.0,
      1.0,
      1.0,
      1.0,
      1.0
    ],
    "recall": [
      1.0,
      1.0,
      1.0,
      1.0,
      1.0,
      1.0,
      1.0,
      0.9166666666666666,
      0.9166666666666666,
      0.9166666666666666,
      0.9166666666666666,
      0.9166666666666666,
      0.9166666666666666,
      0.8333333333333334,
      0.8333333333333334,
      0.8333333333333334,
      0.8333333333333334,
      0.8333333333333334,
      0.8333333333333334,
      0.8333333333333334,
      0.8333333333333334,
      0.8333333333333334,
      0.75,
      0.75,
      0.75,
      0.75,
      0.75,
      0.75,
      0.75,
      0.75,
      0.6666666666666666,
      0.5833333333333334,
      0.5,
      0.5,
      0.5,
      0.4166666666666667,
      0.3333333333333333,
      0.25,
      0.16666666666666666,
      0.08333333333333333,
      0.0
    ],
    "thresholds": [
      0.0,
      0.004999999888241291,
      0.009999999776482582,
      0.014999999664723873,
      0.019999999552965164,
      0.02500000037252903,
      0.029999999329447746,
      0.03500000014901161,
      0.03999999910593033,
      0.04500000178813934,
      0.054999999701976776,
      0.06499999761581421,
      0.07999999821186066,
      0.10999999940395355,
      0.11500000208616257,
      0.125,
      0.14000000059604645,
      0.14499999582767487,
      0.15000000596046448,
      0.1550000011920929,
      0.1599999964237213,
      0.16500000655651093,
      0.17000000178813934,
      0.17499999701976776,
      0.18000000715255737,
      0.1899999976158142,
      0.19499999284744263,
      0.2150000035762787,
      0.23000000417232513,
      0.25999999046325684,
      0.26499998569488525,
      0.2750000059604645,
      0.2849999964237213,
      0.3199999928474426,
      0.42500001192092896,
      0.4350000023841858,
      0.46000000834465027,
      0.6000000238418579,
      0.6449999809265137,
      0.8399999737739563
    ]
  }
}