{
  "y_true": [
    0,
    0,
    0,
    0,
    0,
    0,
    0,
    0,
    0,
    0,
    0,
    0,
    0,
    0,
    0,
    0,
    0,
    0,
    0,
    0,
    0,
    0,
    0,
    0,
    0,
    0,
    0,
    0,
    0,
    0,
    0,
    0,
    0,
    0,
    0,
    0,
    0,
    0,
    0,
    0,
    0,
    0,
    0,
    0,
    0,
    0,
    0,
    0,
    0,
    0,
    0,
    0,
    0,
    0,
    0,
    0,
    0,
    0,
    0,
    0,
    0,
    0,
    0,
    1,
    1,
    1,
    1,
    1,
    1,
    1,
    1,
    1,
    1,
    1,
    1
  ],
  "y_pred": [
    0,
    0,
    0,
    0,
    0,
    0,
    0,
    0,
    0,
    0,
    0,
    0,
    0,
    0,
    0,
    0,
    0,
    0,
    0,
    0,
    0,
    0,
    0,
    0,
    0,
    0,
    0,
    0,
    0,
    0,
    0,
    0,
    0,
    0,
    0,
    0,
    0,
    0,
    0,
    0,
    0,
    0,
    0,
    0,
    0,
    0,
    0,
    0,
    0,
    0,
    0,
    0,
    0,
    0,
    0,
    0,
    0,
    0,
    0,
    0,
    0,
    0,
    0,
    1,
    0,
    1,
    1,
    1,
    0,
    0,
    0,
    1,
    0,
    0,
    1
  ],
  "y_prob": [
    0.3199999928474426,
    0.019999999552965164,
    0.2849999964237213,
    0.2150000035762787,
    0.23000000417232513,
    0.06499999761581421,
    0.029999999329447746,
    0.029999999329447746,
    0.1599999964237213,
    0.004999999888241291,
    0.02500000037252903,
    0.04500000178813934,
    0.019999999552965164,
    0.004999999888241291,
    0.03999999910593033,
    0.0,
    0.004999999888241291,
    0.18000000715255737,
    0.03500000014901161,
    0.06499999761581421,
    0.0,
    0.004999999888241291,
    0.14499999582767487,
    0.0,
    0.004999999888241291,
    0.019999999552965164,
    0.004999999888241291,
    0.019999999552965164,
    0.019999999552965164,
    0.009999999776482582,
    0.004999999888241291,
    0.02500000037252903,
    0.009999999776482582,
    0.15000000596046448,
    0.17499999701976776,
    0.17000000178813934,
    0.0,
    0.10999999940395355,
    0.014999999664723873,
    0.004999999888241291,
    0.029999999329447746,
    0.019999999552965164,
    0.06499999761581421,
    0.14000000059604645,
    0.009999999776482582,
    0.03500000014901161,
    0.019999999552965164,
    0.004999999888241291,
    0.009999999776482582,
    0.0,
    0.19499999284744263,
    0.004999999888241291,
    0.0,
    0.029999999329447746,
    0.019999999552965164,
    0.009999999776482582,
    0.125,
    0.1550000011920929,
    0.054999999701976776,
    0.0,
    0.11500000208616257,
    0.029999999329447746,
    0.1899999976158142,
    0.6000000238418579,
    0.25999999046325684,
    0.4350000023841858,
    0.8399999737739563,
    0.6449999809265137,
    0.26499998569488525,
    0.07999999821186066,
    0.16500000655651093,
    0.42500001192092896,
    0.029999999329447746,
    0.2750000059604645,
    0.46000000834465027
  ]
}