{
  "accuracy": 0.8933333333333333,
  "balanced_accuracy": 0.6666666666666666,
  "precision": 1.0,
  "recall": 0.3333333333333333,
  "f1": 0.5,
  "roc_auc": 0.7896825396825398,
  "pr_auc": 0.6812620250120252,
  "class_distribution": {
    "0": 63,
    "1": 12
  },
  "per_class_precision_recall": {
    "class_0": {
      "precision": 0.8873239436619719,
      "recall": 1.0
    },
    "class_1": {
      "precision": 1.0,
      "recall": 0.3333333333333333
    }
  },
  "confusion_matrix": {
    "tn": 63,
    "fp": 0,
    "fn": 8,
    "tp": 4
  },
  "confusion_matrix_normalized": {
    "tn": 1.0,
    "fp": 0.0,
    "fn": 0.6666666666666666,
    "tp": 0.3333333333333333
  },
  "threshold": 0.9,
  "n_samples": 75,
  "mean_probability": 0.17336085438728333,
  "pr_curve": {
    "precision": [
      0.16,
      0.16216216216216217,
      0.1643835616438356,
      0.16666666666666666,
      0.16901408450704225,
      0.17142857142857143,
      0.17391304347826086,
      0.17647058823529413,
      0.1791044776119403,
      0.18181818181818182,
      0.18461538461538463,
      0.1875,
      0.19047619047619047,
      0.1935483870967742,
      0.19672131147540983,
      0.2,
      0.2033898305084746,
      0.20689655172413793,
      0.21052631578947367,
      0.21428571428571427,
      0.2,
      0.18518518518518517,
      0.18867924528301888,
      0.19230769230769232,
      0.19607843137254902,
      0.2,
      0.20408163265306123,
      0.20833333333333334,
      0.2127659574468085,
      0.21739130434782608,
      0.2222222222222222,
      0.20454545454545456,
      0.20930232558139536,
      0.21428571428571427,
      0.21951219512195122,
      0.225,
      0.23076923076923078,
      0.23684210526315788,
      0.24324324324324326,
      0.25,
      0.2571428571428571,
      0.2647058823529412,
      0.2727272727272727,
      0.28125,
      0.2903225806451613,
      0.3,
      0.27586206896551724,
      0.2857142857142857,
      0.2962962962962963,
      0.3076923076923077,
      0.32,
      0.3333333333333333,
      0.34782608695652173,
      0.36363636363636365,
      0.3333333333333333,
      0.35,
      0.3684210526315789,
      0.3888888888888889,
      0.4117647058823529,
      0.4375,
      0.4666666666666667,
      0.5,
      0.5384615384615384,
      0.5833333333333334,
      0.6363636363636364,
      0.7,
      0.7777777777777778,
      0.875,
      0.8571428571428571,
      1.0,
      1.0,
      1.0,
      1.0,
      1.0,
      1.0,
      1.0
    ],
    "recall": [
      1.0,
      1.0,
      1.0,
      1.0,
      1.0,
      1.0,
      1.0,
      1.0,
      1.0,
      1.0,
      1.0,
      1.0,
      1.0,
      1.0,
      1.0,
      1.0,
      1.0,
      1.0,
      1.0,
      1.0,
      0.9166666666666666,
      0.8333333333333334,
      0.8333333333333334,
      0.8333333333333334,
      0.8333333333333334,
      0.8333333333333334,
      0.8333333333333334,
      0.8333333333333334,
      0.8333333333333334,
      0.8333333333333334,
      0.8333333333333334,
      0.75,
      0.75,
      0.75,
      0.75,
      0.75,
      0.75,
      0.75,
      0.75,
      0.75,
      0.75,
      0.75,
      0.75,
      0.75,
      0.75,
      0.75,
      0.6666666666666666,
      0.6666666666666666,
      0.6666666666666666,
      0.6666666666666666,
      0.6666666666666666,
      0.6666666666666666,
      0.6666666666666666,
      0.6666666666666666,
      0.5833333333333334,
      0.5833333333333334,
      0.5833333333333334,
      0.5833333333333334,
      0.5833333333333334,
      0.5833333333333334,
      0.5833333333333334,
      0.5833333333333334,
      0.5833333333333334,
      0.5833333333333334,
      0.5833333333333334,
      0.5833333333333334,
      0.5833333333333334,
      0.5833333333333334,
      0.5,
      0.5,
      0.4166666666666667,
      0.3333333333333333,
      0.25,
      0.16666666666666666,
      0.08333333333333333,
      0.0
    ],
    "thresholds": [
      0.08787083625793457,
      0.08890887349843979,
      0.08940763771533966,
      0.08955725282430649,
      0.09022790193557739,
      0.09048249572515488,
      0.09054465591907501,
      0.09082477539777756,
      0.09086151421070099,
      0.09103833138942719,
      0.09135302901268005,
      0.09137032926082611,
      0.09139612317085266,
      0.0914255678653717,
      0.09146253019571304,
      0.09150104224681854,
      0.09185542166233063,
      0.09190551191568375,
      0.09206727147102356,
      0.09224651753902435,
      0.09244463592767715,
      0.09254870563745499,
      0.0925716906785965,
      0.09268078207969666,
      0.09274459630250931,
      0.09281089901924133,
      0.09284674376249313,
      0.09299475699663162,
      0.09314911812543869,
      0.09349923580884933,
      0.09371227771043777,
      0.09378539770841599,
      0.09403623640537262,
      0.09420257806777954,
      0.09423759579658508,
      0.09476178139448166,
      0.09504760056734085,
      0.09508208185434341,
      0.09518370777368546,
      0.0954810231924057,
      0.095584936439991,
      0.09559740126132965,
      0.09568682312965393,
      0.09583040326833725,
      0.09587422013282776,
      0.09631913155317307,
      0.09642848372459412,
      0.09650623053312302,
      0.09710682183504105,
      0.09715322405099869,
      0.09738296270370483,
      0.09749343246221542,
      0.09758608788251877,
      0.09785035252571106,
      0.09956467151641846,
      0.09980687499046326,
      0.10385222733020782,
      0.10502468049526215,
      0.10645770281553268,
      0.10813885927200317,
      0.10926812887191772,
      0.11648639291524887,
      0.13059206306934357,
      0.14052699506282806,
      0.15868371725082397,
      0.1751946210861206,
      0.2160152792930603,
      0.27691441774368286,
      0.5815412402153015,
      0.8298215270042419,
      0.868908166885376,
      0.9098396897315979,
      0.9391184449195862,
      0.9413577318191528,
      0.9424199461936951
    ]
  }
}