{
  "y_true": [
    0,
    0,
    0,
    0,
    0,
    0,
    0,
    0,
    0,
    0,
    0,
    0,
    0,
    0,
    0,
    0,
    0,
    0,
    0,
    0,
    0,
    0,
    0,
    0,
    0,
    0,
    0,
    0,
    0,
    0,
    0,
    0,
    0,
    0,
    0,
    0,
    0,
    0,
    0,
    0,
    0,
    0,
    0,
    0,
    0,
    0,
    0,
    0,
    0,
    0,
    0,
    0,
    0,
    0,
    0,
    0,
    0,
    0,
    0,
    0,
    0,
    0,
    0,
    1,
    1,
    1,
    1,
    1,
    1,
    1,
    1,
    1,
    1,
    1,
    1
  ],
  "y_pred": [
    0,
    0,
    0,
    0,
    0,
    0,
    0,
    0,
    0,
    0,
    0,
    0,
    0,
    0,
    0,
    0,
    0,
    0,
    0,
    0,
    0,
    0,
    0,
    0,
    0,
    0,
    0,
    0,
    0,
    0,
    0,
    0,
    0,
    0,
    0,
    0,
    0,
    0,
    0,
    0,
    0,
    0,
    0,
    0,
    0,
    0,
    0,
    0,
    0,
    0,
    0,
    0,
    0,
    0,
    0,
    0,
    0,
    0,
    0,
    0,
    0,
    0,
    0,
    1,
    0,
    1,
    1,
    1,
    0,
    0,
    0,
    0,
    0,
    0,
    0
  ],
  "y_prob": [
    0.0925716906785965,
    0.09139612317085266,
    0.09710682183504105,
    0.15868371725082397,
    0.2160152792930603,
    0.09146253019571304,
    0.0914255678653717,
    0.1751946210861206,
    0.09758608788251877,
    0.09504760056734085,
    0.09299475699663162,
    0.09190551191568375,
    0.13059206306934357,
    0.10926812887191772,
    0.09137032926082611,
    0.09518370777368546,
    0.09568682312965393,
    0.10645770281553268,
    0.09268078207969666,
    0.09254870563745499,
    0.09476178139448166,
    0.09086151421070099,
    0.09403623640537262,
    0.09135302901268005,
    0.09284674376249313,
    0.095584936439991,
    0.09980687499046326,
    0.09508208185434341,
    0.09274459630250931,
    0.08787083625793457,
    0.09378539770841599,
    0.09150104224681854,
    0.08890887349843979,
    0.09587422013282776,
    0.09650623053312302,
    0.09749343246221542,
    0.09583040326833725,
    0.09420257806777954,
    0.14052699506282806,
    0.09642848372459412,
    0.08940763771533966,
    0.09185542166233063,
    0.09281089901924133,
    0.5815412402153015,
    0.0954810231924057,
    0.09715322405099869,
    0.11648639291524887,
    0.09314911812543869,
    0.09956467151641846,
    0.09054465591907501,
    0.09738296270370483,
    0.09022790193557739,
    0.09206727147102356,
    0.09349923580884933,
    0.09103833138942719,
    0.09082477539777756,
    0.09423759579658508,
    0.10502468049526215,
    0.09559740126132965,
    0.08955725282430649,
    0.09048249572515488,
    0.10813885927200317,
    0.10385222733020782,
    0.9424199461936951,
    0.868908166885376,
    0.9391184449195862,
    0.9098396897315979,
    0.9413577318191528,
    0.09631913155317307,
    0.09224651753902435,
    0.09785035252571106,
    0.09371227771043777,
    0.09244463592767715,
    0.27691441774368286,
    0.8298215270042419
  ]
}