{
  "metadata": {
    "approach": "Threshold sweep on validation set, applied to test set",
    "note": "Prevents data leakage: threshold and temperature selected on validation ONLY"
  },
  "data_hardening": {
    "n_original": 349,
    "n_augmented": 377,
    "class_counts_before": {
      "0": 297,
      "1": 52
    },
    "class_counts_after": {
      "0": 317,
      "1": 60
    },
    "label_flip_count": 10,
    "hard_sample_duplicates": 28,
    "gaussian_noise_sigma_frac": 0.1,
    "overlap_alpha_range": [
      0.6,
      0.9
    ],
    "feature_dropout_rate": 0.08
  },
  "best_validation": {
    "epoch": 8,
    "loss": 0.9802135873485256,
    "accuracy": 0.2702702702702703,
    "precision": 0.9999999980000001,
    "recall": 0.45454545413223135,
    "f1": 0.6249999949218751,
    "adjusted_f1": 0.618399994921875,
    "fallback_score": 0.642263633300607,
    "ece": 0.367768089714888,
    "brier": 0.2382880598306656
  },
  "test": {
    "threshold_used": 0.33,
    "loss": 0.7920758360392087,
    "accuracy": 0.935064935064935,
    "precision": 0.7692307686390532,
    "recall": 0.8333333326388889,
    "f1": 0.799999994368,
    "roc_auc": 0.9307692307692308,
    "pr_auc": 0.8704704886308662,
    "ece": 0.0872578327241656,
    "brier": 0.04793502017855644
  },
  "test_diagnostics": {
    "fraction_predicted_positive": 0.16883116883116883,
    "fraction_predicted_negative": 0.8311688311688312,
    "tp": 10,
    "tn": 62,
    "fp": 3,
    "fn": 2
  },
  "calibration": {
    "temperature": 1.5,
    "selection_source": "validation_3fold_platt",
    "ece_bins": 10
  }
}