model,split,accuracy,precision,recall,f1,roc_auc,pr_auc,ece,brier,tp,tn,fp,fn,threshold_used,C,RP,P,A,TI,trust_mean,class_imbalance_gt_5_to_1,duplicate_train_val,duplicate_train_test,duplicate_val_test
logistic_regression,train,0.9363395225464191,0.9999999997222222,0.5999999999,0.7499999951562499,1.0,1.0,0.18880127035528319,0.07141295819881734,36,317,0,24,0.30000000000000004,0.9363395225464191,0.5999999999,0.9999999997222222,0.7499999951562499,0.8441109390390814,0.8441109390390814,True,0,0,0
logistic_regression,val,0.9054054054054054,0.9999999975,0.3636363633057851,0.533333328711111,0.5497835497835498,0.4609584364308835,0.08792526944547957,0.10954386669166948,4,63,0,7,0.30000000000000004,0.9054054054054054,0.3636363633057851,0.9999999975,0.533333328711111,0.8496881485515946,0.8496881485515946,True,0,0,0
logistic_regression,test,0.8831168831168831,0.7142857132653061,0.41666666631944443,0.5263157842659281,0.8474358974358974,0.6924576653573873,0.07297563834211304,0.09831584091763317,5,63,2,7,0.30000000000000004,0.8831168831168831,0.41666666631944443,0.7142857132653061,0.5263157842659281,0.8285030135777204,0.8285030135777204,True,0,0,0
random_forest,train,1.0,0.9999999998333333,0.9999999998333333,0.9999999948333333,1.0,1.0,0.06756168820990048,0.004737223776298396,60,317,0,0,0.25000000000000006,1.0,0.9999999998333333,0.9999999998333333,0.9999999948333333,0.7936894187959049,0.7936894187959049,True,0,0,0
random_forest,val,0.8783783783783784,0.6666666655555555,0.3636363633057851,0.47058823017301044,0.5468975468975469,0.4394597652212161,0.110524710855149,0.10633584042392268,4,61,2,7,0.25000000000000006,0.8783783783783784,0.3636363633057851,0.6666666655555555,0.47058823017301044,0.849688168476949,0.849688168476949,True,0,0,0
random_forest,test,0.922077922077922,0.7999999992,0.666666666111111,0.7272727216528925,0.9083333333333333,0.812400918299285,0.09331012905469685,0.07692904854531454,8,63,2,4,0.25000000000000006,0.922077922077922,0.666666666111111,0.7999999992,0.7272727216528925,0.8282214920722821,0.8282214920722821,True,0,0,0
