{
  "accuracy": 0.9066666666666666,
  "balanced_accuracy": 0.7420634920634921,
  "precision": 0.8571428571428571,
  "recall": 0.5,
  "f1": 0.631578947368421,
  "roc_auc": 0.8796296296296295,
  "pr_auc": 0.7027789134640315,
  "class_distribution": {
    "0": 63,
    "1": 12
  },
  "per_class_precision_recall": {
    "class_0": {
      "precision": 0.9117647058823529,
      "recall": 0.9841269841269841
    },
    "class_1": {
      "precision": 0.8571428571428571,
      "recall": 0.5
    }
  },
  "confusion_matrix": {
    "tn": 62,
    "fp": 1,
    "fn": 6,
    "tp": 6
  },
  "confusion_matrix_normalized": {
    "tn": 0.9841269841269841,
    "fp": 0.015873015873015872,
    "fn": 0.5,
    "tp": 0.5
  },
  "threshold": 0.5,
  "n_samples": 75,
  "mean_probability": 0.19008450210094452
}