{
  "confusion_matrix": {
    "tn": 63,
    "fp": 0,
    "fn": 10,
    "tp": 2
  },
  "confusion_matrix_normalized": {
    "tn": 1.0,
    "fp": 0.0,
    "fn": 0.8333333333333334,
    "tp": 0.16666666666666666
  }
}