{
  "accuracy": 0.8666666666666667,
  "balanced_accuracy": 0.5833333333333334,
  "precision": 1.0,
  "recall": 0.16666666666666666,
  "f1": 0.2857142857142857,
  "roc_auc": 0.8637566137566138,
  "pr_auc": 0.5638133208255159,
  "class_distribution": {
    "0": 63,
    "1": 12
  },
  "per_class_precision_recall": {
    "class_0": {
      "precision": 0.863013698630137,
      "recall": 1.0
    },
    "class_1": {
      "precision": 1.0,
      "recall": 0.16666666666666666
    }
  },
  "confusion_matrix": {
    "tn": 63,
    "fp": 0,
    "fn": 10,
    "tp": 2
  },
  "confusion_matrix_normalized": {
    "tn": 1.0,
    "fp": 0.0,
    "fn": 0.8333333333333334,
    "tp": 0.16666666666666666
  },
  "threshold": 0.5,
  "n_samples": 75,
  "mean_probability": 0.1328531950712204
}