{
  "accuracy": 0.9333333333333333,
  "balanced_accuracy": 0.7916666666666667,
  "precision": 1.0,
  "recall": 0.5833333333333334,
  "f1": 0.7368421052631579,
  "roc_auc": 0.9603174603174603,
  "pr_auc": 0.8718041218041219,
  "class_distribution": {
    "0": 63,
    "1": 12
  },
  "per_class_precision_recall": {
    "class_0": {
      "precision": 0.9264705882352942,
      "recall": 1.0
    },
    "class_1": {
      "precision": 1.0,
      "recall": 0.5833333333333334
    }
  },
  "confusion_matrix": {
    "tn": 63,
    "fp": 0,
    "fn": 5,
    "tp": 7
  },
  "confusion_matrix_normalized": {
    "tn": 1.0,
    "fp": 0.0,
    "fn": 0.4166666666666667,
    "tp": 0.5833333333333334
  },
  "threshold": 0.49999999999999994,
  "n_samples": 75,
  "mean_probability": 0.16222015023231506,
  "pr_curve": {
    "precision": [
      0.16,
      0.16216216216216217,
      0.1643835616438356,
      0.16666666666666666,
      0.16901408450704225,
      0.17142857142857143,
      0.17391304347826086,
      0.17647058823529413,
      0.1791044776119403,
      0.18181818181818182,
      0.18461538461538463,
      0.1875,
      0.19047619047619047,
      0.1935483870967742,
      0.19672131147540983,
      0.2,
      0.2033898305084746,
      0.20689655172413793,
      0.21052631578947367,
      0.21428571428571427,
      0.21818181818181817,
      0.2222222222222222,
      0.22641509433962265,
      0.23076923076923078,
      0.23529411764705882,
      0.24,
      0.24489795918367346,
      0.25,
      0.2553191489361702,
      0.2608695652173913,
      0.26666666666666666,
      0.2727272727272727,
      0.27906976744186046,
      0.2857142857142857,
      0.2926829268292683,
      0.3,
      0.3076923076923077,
      0.3157894736842105,
      0.32432432432432434,
      0.3333333333333333,
      0.34285714285714286,
      0.35294117647058826,
      0.36363636363636365,
      0.375,
      0.3870967741935484,
      0.4,
      0.41379310344827586,
      0.42857142857142855,
      0.4444444444444444,
      0.46153846153846156,
      0.44,
      0.4583333333333333,
      0.4782608695652174,
      0.5,
      0.5238095238095238,
      0.5,
      0.5263157894736842,
      0.5555555555555556,
      0.5882352941176471,
      0.625,
      0.6666666666666666,
      0.7142857142857143,
      0.7692307692307693,
      0.75,
      0.8181818181818182,
      0.8,
      0.8888888888888888,
      0.875,
      1.0,
      1.0,
      1.0,
      1.0,
      1.0,
      1.0,
      1.0,
      1.0
    ],
    "recall": [
      1.0,
      1.0,
      1.0,
      1.0,
      1.0,
      1.0,
      1.0,
      1.0,
      1.0,
      1.0,
      1.0,
      1.0,
      1.0,
      1.0,
      1.0,
      1.0,
      1.0,
      1.0,
      1.0,
      1.0,
      1.0,
      1.0,
      1.0,
      1.0,
      1.0,
      1.0,
      1.0,
      1.0,
      1.0,
      1.0,
      1.0,
      1.0,
      1.0,
      1.0,
      1.0,
      1.0,
      1.0,
      1.0,
      1.0,
      1.0,
      1.0,
      1.0,
      1.0,
      1.0,
      1.0,
      1.0,
      1.0,
      1.0,
      1.0,
      1.0,
      0.9166666666666666,
      0.9166666666666666,
      0.9166666666666666,
      0.9166666666666666,
      0.9166666666666666,
      0.8333333333333334,
      0.8333333333333334,
      0.8333333333333334,
      0.8333333333333334,
      0.8333333333333334,
      0.8333333333333334,
      0.8333333333333334,
      0.8333333333333334,
      0.75,
      0.75,
      0.6666666666666666,
      0.6666666666666666,
      0.5833333333333334,
      0.5833333333333334,
      0.5,
      0.4166666666666667,
      0.3333333333333333,
      0.25,
      0.16666666666666666,
      0.08333333333333333,
      0.0
    ],
    "thresholds": [
      0.0017639700090512633,
      0.002103205770254135,
      0.002577400766313076,
      0.003917068708688021,
      0.004866080358624458,
      0.005263013299554586,
      0.006320039741694927,
      0.007159564644098282,
      0.007363525219261646,
      0.0074315969832241535,
      0.007556350436061621,
      0.007737104780972004,
      0.00852820836007595,
      0.009017313830554485,
      0.010434648022055626,
      0.010577068664133549,
      0.010848498903214931,
      0.011044715531170368,
      0.012653244659304619,
      0.013120153918862343,
      0.013297002762556076,
      0.014295445755124092,
      0.015694035217165947,
      0.01788419857621193,
      0.02161066047847271,
      0.02396795153617859,
      0.02507846988737583,
      0.02632841467857361,
      0.029362885281443596,
      0.029619010165333748,
      0.03130065277218819,
      0.032053034752607346,
      0.03576478362083435,
      0.035839881747961044,
      0.04054711014032364,
      0.041754111647605896,
      0.04295526444911957,
      0.043791670352220535,
      0.04384511709213257,
      0.05194377154111862,
      0.05198340490460396,
      0.05507797747850418,
      0.0612514466047287,
      0.0656144991517067,
      0.06966917216777802,
      0.07014845311641693,
      0.0802466943860054,
      0.08230028301477432,
      0.08468131721019745,
      0.0911657065153122,
      0.09240343421697617,
      0.09821778535842896,
      0.10983435809612274,
      0.16511978209018707,
      0.17629803717136383,
      0.18159973621368408,
      0.18329404294490814,
      0.19963742792606354,
      0.2312629371881485,
      0.23344451189041138,
      0.2518402338027954,
      0.2625994086265564,
      0.2718952000141144,
      0.28641700744628906,
      0.4290474057197571,
      0.44297805428504944,
      0.4627631604671478,
      0.48583269119262695,
      0.5840730667114258,
      0.7862128615379333,
      0.8122097849845886,
      0.9665756225585938,
      0.9861978888511658,
      0.9932570457458496,
      0.9941450953483582
    ]
  }
}