{
  "y_true": [
    0,
    0,
    0,
    0,
    0,
    0,
    0,
    0,
    0,
    0,
    0,
    0,
    0,
    0,
    0,
    0,
    0,
    0,
    0,
    0,
    0,
    0,
    0,
    0,
    0,
    0,
    0,
    0,
    0,
    0,
    0,
    0,
    0,
    0,
    0,
    0,
    0,
    0,
    0,
    0,
    0,
    0,
    0,
    0,
    0,
    0,
    0,
    0,
    0,
    0,
    0,
    0,
    0,
    0,
    0,
    0,
    0,
    0,
    0,
    0,
    0,
    0,
    0,
    1,
    1,
    1,
    1,
    1,
    1,
    1,
    1,
    1,
    1,
    1,
    1
  ],
  "y_pred": [
    0,
    0,
    0,
    0,
    0,
    0,
    0,
    0,
    0,
    0,
    0,
    0,
    0,
    0,
    0,
    0,
    0,
    0,
    0,
    0,
    0,
    0,
    0,
    0,
    0,
    0,
    0,
    0,
    0,
    0,
    0,
    0,
    0,
    0,
    0,
    0,
    0,
    0,
    0,
    0,
    0,
    0,
    0,
    0,
    0,
    0,
    0,
    0,
    0,
    0,
    0,
    0,
    0,
    0,
    0,
    0,
    0,
    0,
    0,
    0,
    0,
    0,
    0,
    1,
    1,
    1,
    1,
    1,
    0,
    0,
    0,
    0,
    0,
    1,
    1
  ],
  "y_prob": [
    0.08468131721019745,
    0.05198340490460396,
    0.44297805428504944,
    0.23344451189041138,
    0.48583269119262695,
    0.011044715531170368,
    0.002103205770254135,
    0.05194377154111862,
    0.07014845311641693,
    0.08230028301477432,
    0.015694035217165947,
    0.029362885281443596,
    0.013297002762556076,
    0.007737104780972004,
    0.01788419857621193,
    0.014295445755124092,
    0.06966917216777802,
    0.18329404294490814,
    0.0802466943860054,
    0.02632841467857361,
    0.04295526444911957,
    0.012653244659304619,
    0.10983435809612274,
    0.007363525219261646,
    0.013120153918862343,
    0.03576478362083435,
    0.010848498903214931,
    0.0612514466047287,
    0.010434648022055626,
    0.010577068664133549,
    0.003917068708688021,
    0.035839881747961044,
    0.009017313830554485,
    0.19963742792606354,
    0.2312629371881485,
    0.16511978209018707,
    0.02396795153617859,
    0.2518402338027954,
    0.0656144991517067,
    0.043791670352220535,
    0.041754111647605896,
    0.05507797747850418,
    0.02161066047847271,
    0.28641700744628906,
    0.02507846988737583,
    0.03130065277218819,
    0.029619010165333748,
    0.0074315969832241535,
    0.04054711014032364,
    0.006320039741694927,
    0.2625994086265564,
    0.002577400766313076,
    0.005263013299554586,
    0.04384511709213257,
    0.0017639700090512633,
    0.007159564644098282,
    0.18159973621368408,
    0.09240343421697617,
    0.032053034752607346,
    0.00852820836007595,
    0.007556350436061621,
    0.004866080358624458,
    0.09821778535842896,
    0.9941450953483582,
    0.5840730667114258,
    0.9665756225585938,
    0.9861978888511658,
    0.9932570457458496,
    0.4627631604671478,
    0.17629803717136383,
    0.2718952000141144,
    0.4290474057197571,
    0.0911657065153122,
    0.7862128615379333,
    0.8122097849845886
  ]
}