{
  "accuracy": 0.92,
  "balanced_accuracy": 0.8849206349206349,
  "precision": 0.7142857142857143,
  "recall": 0.8333333333333334,
  "f1": 0.7692307692307692,
  "roc_auc": 0.9113756613756614,
  "pr_auc": 0.8766869095816465,
  "class_distribution": {
    "0": 63,
    "1": 12
  },
  "per_class_precision_recall": {
    "class_0": {
      "precision": 0.9672131147540983,
      "recall": 0.9365079365079365
    },
    "class_1": {
      "precision": 0.7142857142857143,
      "recall": 0.8333333333333334
    }
  },
  "confusion_matrix": {
    "tn": 59,
    "fp": 4,
    "fn": 2,
    "tp": 10
  },
  "confusion_matrix_normalized": {
    "tn": 0.9365079365079365,
    "fp": 0.06349206349206349,
    "fn": 0.16666666666666666,
    "tp": 0.8333333333333334
  },
  "threshold": 0.25,
  "n_samples": 75,
  "mean_probability": 0.26420801877975464
}