{
  "metadata": {
    "approach": "Threshold sweep on validation set, applied to test set",
    "note": "Prevents data leakage: threshold selected on validation ONLY"
  },
  "best_validation": {
    "epoch": 2,
    "loss": 0.19665296738212173,
    "accuracy": 1.0,
    "precision": 0.999999999090909,
    "recall": 0.999999999090909,
    "ece": 0.24534619941904742,
    "brier": 0.06998901814222336
  },
  "test": {
    "threshold_used": 0.35,
    "loss": 0.2589955836921543,
    "accuracy": 1.0,
    "precision": 0.9999999991666666,
    "recall": 0.9999999991666666,
    "f1": 0.9999999941666666,
    "ece": 0.2563189670637056,
    "brier": 0.07292693108320236
  },
  "test_diagnostics": {
    "fraction_predicted_positive": 0.15584415584415584,
    "fraction_predicted_negative": 0.8441558441558441
  },
  "calibration": {
    "temperature": 1.5,
    "ece_bins": 10
  }
}