{
  "metadata": {
    "approach": "Threshold sweep on validation set, applied to test set",
    "note": "Prevents data leakage: threshold and temperature selected on validation ONLY"
  },
  "data_hardening": {
    "n_original": 349,
    "n_augmented": 377,
    "class_counts_before": {
      "0": 297,
      "1": 52
    },
    "class_counts_after": {
      "0": 323,
      "1": 54
    },
    "label_flip_count": 10,
    "hard_sample_duplicates": 28,
    "gaussian_noise_sigma_frac": 0.1,
    "overlap_alpha_range": [
      0.6,
      0.9
    ],
    "feature_dropout_rate": 0.08
  },
  "best_validation": {
    "epoch": 8,
    "loss": 0.5625160900322167,
    "accuracy": 0.33783783783783783,
    "precision": 0.9999999989999999,
    "recall": 0.9090909082644627,
    "f1": 0.9523809464852607,
    "adjusted_f1": 0.9493809464852607,
    "fallback_score": 0.9459177455219691,
    "ece": 0.36859233828412524,
    "brier": 0.17879028618335724
  },
  "test": {
    "threshold_used": 0.11000000000000001,
    "loss": 0.6693091996304401,
    "accuracy": 0.935064935064935,
    "precision": 0.8181818174380164,
    "recall": 0.749999999375,
    "f1": 0.7826086899810963,
    "roc_auc": 0.9256410256410257,
    "pr_auc": 0.8351130351130353,
    "ece": 0.040694171151557525,
    "brier": 0.05380896106362343
  },
  "test_diagnostics": {
    "fraction_predicted_positive": 0.14285714285714285,
    "fraction_predicted_negative": 0.8571428571428571,
    "tp": 9,
    "tn": 63,
    "fp": 2,
    "fn": 3
  },
  "calibration": {
    "temperature": 1.5,
    "selection_source": "validation_3fold_platt",
    "ece_bins": 10
  }
}