{
  "inference_latency_ms": 1.089654999987033,
  "inference_latency_mean_ms": 1.0937621999960356,
  "inference_latency_p95_ms": 1.1258689999237959,
  "peak_memory_mb": 0.00569915771484375,
  "num_samples": 50,
  "batch_size": 1,
  "seq_len": 64,
  "device": "cpu"
}