{
  "feature_mean": [
    0.2914634644985199,
    1.0344354450353421e-05,
    0.29144683480262756,
    0.09810545295476913,
    -0.010187077336013317,
    -0.0007266814936883748,
    0.157677561044693,
    -0.000305164692690596,
    0.15647445619106293,
    0.05813450738787651,
    -0.004432490561157465,
    -0.0002892187621910125,
    0.5724589228630066,
    -0.0005000570672564209,
    0.5727480053901672,
    0.08330211788415909,
    0.008526483550667763,
    -0.0014631880912929773,
    0.16422337293624878,
    -0.00028093482251279056,
    0.16304726898670197,
    0.059637267142534256,
    -0.0017355780582875013,
    -0.00029734685085713863,
    0.6292214393615723,
    -0.0017025342676788568,
    0.6298311352729797,
    0.08444739878177643,
    0.0062437462620437145,
    -0.0006916933925822377
  ],
  "feature_std": [
    0.2111799269914627,
    0.22244782745838165,
    0.1660906970500946,
    0.08605044335126877,
    0.9318295121192932,
    0.12078716605901718,
    0.14154796302318573,
    0.12157101184129715,
    0.11698400229215622,
    0.04663793742656708,
    0.9595797657966614,
    0.07373864203691483,
    0.3011443018913269,
    0.19311822950839996,
    0.27388912439346313,
    0.09282749146223068,
    0.9426473379135132,
    0.13036373257637024,
    0.14082840085029602,
    0.12293180078268051,
    0.1161806657910347,
    0.0477052703499794,
    0.9589551687240601,
    0.07546573877334595,
    0.3209931254386902,
    0.20577381551265717,
    0.2938609719276428,
    0.10149428993463516,
    0.9386798143386841,
    0.13749544322490692
  ]
}