{
  "accuracy": 0.9333333333333333,
  "balanced_accuracy": 0.8591269841269842,
  "precision": 0.8181818181818182,
  "recall": 0.75,
  "f1": 0.7826086956521738,
  "roc_auc": 0.9537037037037037,
  "pr_auc": 0.8646917896917898,
  "class_distribution": {
    "0": 63,
    "1": 12
  },
  "per_class_precision_recall": {
    "class_0": {
      "precision": 0.953125,
      "recall": 0.9682539682539683
    },
    "class_1": {
      "precision": 0.8181818181818182,
      "recall": 0.75
    }
  },
  "confusion_matrix": {
    "tn": 61,
    "fp": 2,
    "fn": 3,
    "tp": 9
  },
  "confusion_matrix_normalized": {
    "tn": 0.9682539682539683,
    "fp": 0.031746031746031744,
    "fn": 0.25,
    "tp": 0.75
  },
  "threshold": 0.35,
  "n_samples": 75,
  "mean_probability": 0.15630316734313965,
  "pr_curve": {
    "precision": [
      0.16,
      0.16216216216216217,
      0.1643835616438356,
      0.16666666666666666,
      0.16901408450704225,
      0.17142857142857143,
      0.17391304347826086,
      0.17647058823529413,
      0.1791044776119403,
      0.18181818181818182,
      0.18461538461538463,
      0.1875,
      0.19047619047619047,
      0.1935483870967742,
      0.19672131147540983,
      0.2,
      0.2033898305084746,
      0.20689655172413793,
      0.21052631578947367,
      0.21428571428571427,
      0.21818181818181817,
      0.2222222222222222,
      0.22641509433962265,
      0.23076923076923078,
      0.23529411764705882,
      0.24,
      0.24489795918367346,
      0.25,
      0.2553191489361702,
      0.2608695652173913,
      0.26666666666666666,
      0.2727272727272727,
      0.27906976744186046,
      0.2857142857142857,
      0.2926829268292683,
      0.3,
      0.3076923076923077,
      0.3157894736842105,
      0.32432432432432434,
      0.3333333333333333,
      0.34285714285714286,
      0.35294117647058826,
      0.36363636363636365,
      0.375,
      0.3870967741935484,
      0.4,
      0.3793103448275862,
      0.39285714285714285,
      0.4074074074074074,
      0.4230769230769231,
      0.44,
      0.4583333333333333,
      0.4782608695652174,
      0.5,
      0.47619047619047616,
      0.5,
      0.5263157894736842,
      0.5555555555555556,
      0.5882352941176471,
      0.625,
      0.6666666666666666,
      0.7142857142857143,
      0.7692307692307693,
      0.75,
      0.8181818181818182,
      0.8,
      0.8888888888888888,
      0.875,
      1.0,
      1.0,
      1.0,
      1.0,
      1.0,
      1.0,
      1.0,
      1.0
    ],
    "recall": [
      1.0,
      1.0,
      1.0,
      1.0,
      1.0,
      1.0,
      1.0,
      1.0,
      1.0,
      1.0,
      1.0,
      1.0,
      1.0,
      1.0,
      1.0,
      1.0,
      1.0,
      1.0,
      1.0,
      1.0,
      1.0,
      1.0,
      1.0,
      1.0,
      1.0,
      1.0,
      1.0,
      1.0,
      1.0,
      1.0,
      1.0,
      1.0,
      1.0,
      1.0,
      1.0,
      1.0,
      1.0,
      1.0,
      1.0,
      1.0,
      1.0,
      1.0,
      1.0,
      1.0,
      1.0,
      1.0,
      0.9166666666666666,
      0.9166666666666666,
      0.9166666666666666,
      0.9166666666666666,
      0.9166666666666666,
      0.9166666666666666,
      0.9166666666666666,
      0.9166666666666666,
      0.8333333333333334,
      0.8333333333333334,
      0.8333333333333334,
      0.8333333333333334,
      0.8333333333333334,
      0.8333333333333334,
      0.8333333333333334,
      0.8333333333333334,
      0.8333333333333334,
      0.75,
      0.75,
      0.6666666666666666,
      0.6666666666666666,
      0.5833333333333334,
      0.5833333333333334,
      0.5,
      0.4166666666666667,
      0.3333333333333333,
      0.25,
      0.16666666666666666,
      0.08333333333333333,
      0.0
    ],
    "thresholds": [
      0.0051282839849591255,
      0.005306723061949015,
      0.006842691916972399,
      0.007229245267808437,
      0.007246428169310093,
      0.008121469989418983,
      0.008275768719613552,
      0.00969355646520853,
      0.0097107645124197,
      0.010245414450764656,
      0.010413319803774357,
      0.012069705873727798,
      0.012821153737604618,
      0.013022352941334248,
      0.013924202881753445,
      0.014620897360146046,
      0.014897159300744534,
      0.015580392442643642,
      0.0157318077981472,
      0.01578589342534542,
      0.017476651817560196,
      0.01958567090332508,
      0.019659509882330894,
      0.019898904487490654,
      0.01997159607708454,
      0.02001032792031765,
      0.021059900522232056,
      0.022180819883942604,
      0.023083806037902832,
      0.023491961881518364,
      0.023929085582494736,
      0.024841289967298508,
      0.0248721893876791,
      0.02490769512951374,
      0.02523120492696762,
      0.025953451171517372,
      0.026889430359005928,
      0.028072668239474297,
      0.032786786556243896,
      0.03466527536511421,
      0.03561079874634743,
      0.03599630296230316,
      0.03736275061964989,
      0.038647472858428955,
      0.04174603149294853,
      0.049883417785167694,
      0.05205307900905609,
      0.05579223483800888,
      0.05760948359966278,
      0.05786104500293732,
      0.07592814415693283,
      0.08019357174634933,
      0.10535743832588196,
      0.1249442920088768,
      0.12841995060443878,
      0.13742442429065704,
      0.1389225423336029,
      0.150214284658432,
      0.17214012145996094,
      0.19003409147262573,
      0.1928502768278122,
      0.20118354260921478,
      0.2477603703737259,
      0.2574639320373535,
      0.36670100688934326,
      0.37526723742485046,
      0.3847481310367584,
      0.5074899196624756,
      0.8888910412788391,
      0.9003097414970398,
      0.9699075222015381,
      0.9735451340675354,
      0.9968321919441223,
      0.9991127848625183,
      0.9992967844009399
    ]
  }
}