{
  "y_true": [
    0,
    0,
    0,
    0,
    0,
    0,
    0,
    0,
    0,
    0,
    0,
    0,
    0,
    0,
    0,
    0,
    0,
    0,
    0,
    0,
    0,
    0,
    0,
    0,
    0,
    0,
    0,
    0,
    0,
    0,
    0,
    0,
    0,
    0,
    0,
    0,
    0,
    0,
    0,
    0,
    0,
    0,
    0,
    0,
    0,
    0,
    0,
    0,
    0,
    0,
    0,
    0,
    0,
    0,
    0,
    0,
    0,
    0,
    0,
    0,
    0,
    0,
    0,
    1,
    1,
    1,
    1,
    1,
    1,
    1,
    1,
    1,
    1,
    1,
    1
  ],
  "y_pred": [
    0,
    0,
    1,
    0,
    1,
    0,
    0,
    0,
    0,
    0,
    0,
    0,
    0,
    0,
    0,
    0,
    0,
    0,
    0,
    0,
    0,
    0,
    0,
    0,
    0,
    0,
    0,
    0,
    0,
    0,
    0,
    0,
    0,
    0,
    0,
    0,
    0,
    0,
    0,
    0,
    0,
    0,
    0,
    0,
    0,
    0,
    0,
    0,
    0,
    0,
    0,
    0,
    0,
    0,
    0,
    0,
    0,
    0,
    0,
    0,
    0,
    0,
    0,
    1,
    1,
    1,
    1,
    1,
    1,
    0,
    0,
    1,
    0,
    1,
    1
  ],
  "y_prob": [
    0.05786104500293732,
    0.026889430359005928,
    0.37526723742485046,
    0.12841995060443878,
    0.5074899196624756,
    0.0157318077981472,
    0.013924202881753445,
    0.022180819883942604,
    0.07592814415693283,
    0.03561079874634743,
    0.02523120492696762,
    0.025953451171517372,
    0.014620897360146046,
    0.0097107645124197,
    0.017476651817560196,
    0.01578589342534542,
    0.03466527536511421,
    0.17214012145996094,
    0.05579223483800888,
    0.023083806037902832,
    0.0248721893876791,
    0.010413319803774357,
    0.08019357174634933,
    0.008121469989418983,
    0.012821153737604618,
    0.01997159607708454,
    0.015580392442643642,
    0.04174603149294853,
    0.03599630296230316,
    0.023929085582494736,
    0.007246428169310093,
    0.013022352941334248,
    0.014897159300744534,
    0.19003409147262573,
    0.1389225423336029,
    0.13742442429065704,
    0.024841289967298508,
    0.1928502768278122,
    0.023491961881518364,
    0.032786786556243896,
    0.019898904487490654,
    0.02490769512951374,
    0.028072668239474297,
    0.20118354260921478,
    0.038647472858428955,
    0.03736275061964989,
    0.02001032792031765,
    0.006842691916972399,
    0.01958567090332508,
    0.00969355646520853,
    0.150214284658432,
    0.005306723061949015,
    0.012069705873727798,
    0.021059900522232056,
    0.0051282839849591255,
    0.008275768719613552,
    0.2574639320373535,
    0.05760948359966278,
    0.05205307900905609,
    0.010245414450764656,
    0.019659509882330894,
    0.007229245267808437,
    0.10535743832588196,
    0.9992967844009399,
    0.8888910412788391,
    0.9735451340675354,
    0.9968321919441223,
    0.9991127848625183,
    0.36670100688934326,
    0.1249442920088768,
    0.2477603703737259,
    0.3847481310367584,
    0.049883417785167694,
    0.9003097414970398,
    0.9699075222015381
  ]
}