{
  "accuracy": 0.96,
  "balanced_accuracy": 0.875,
  "precision": 1.0,
  "recall": 0.75,
  "f1": 0.8571428571428571,
  "roc_auc": 0.9814814814814814,
  "pr_auc": 0.9368908382066278,
  "class_distribution": {
    "0": 63,
    "1": 12
  },
  "per_class_precision_recall": {
    "class_0": {
      "precision": 0.9545454545454546,
      "recall": 1.0
    },
    "class_1": {
      "precision": 1.0,
      "recall": 0.75
    }
  },
  "confusion_matrix": {
    "tn": 63,
    "fp": 0,
    "fn": 3,
    "tp": 9
  },
  "confusion_matrix_normalized": {
    "tn": 1.0,
    "fp": 0.0,
    "fn": 0.25,
    "tp": 0.75
  },
  "threshold": 0.44999999999999996,
  "n_samples": 75,
  "mean_probability": 0.16799582540988922,
  "pr_curve": {
    "precision": [
      0.16,
      0.16216216216216217,
      0.1643835616438356,
      0.16666666666666666,
      0.16901408450704225,
      0.17142857142857143,
      0.17391304347826086,
      0.17647058823529413,
      0.1791044776119403,
      0.18181818181818182,
      0.18461538461538463,
      0.1875,
      0.19047619047619047,
      0.1935483870967742,
      0.19672131147540983,
      0.2,
      0.2033898305084746,
      0.20689655172413793,
      0.21052631578947367,
      0.21428571428571427,
      0.21818181818181817,
      0.2222222222222222,
      0.22641509433962265,
      0.23076923076923078,
      0.23529411764705882,
      0.24,
      0.24489795918367346,
      0.25,
      0.2553191489361702,
      0.2608695652173913,
      0.26666666666666666,
      0.2727272727272727,
      0.27906976744186046,
      0.2857142857142857,
      0.2926829268292683,
      0.3,
      0.3076923076923077,
      0.3157894736842105,
      0.32432432432432434,
      0.3333333333333333,
      0.34285714285714286,
      0.35294117647058826,
      0.36363636363636365,
      0.375,
      0.3870967741935484,
      0.4,
      0.41379310344827586,
      0.42857142857142855,
      0.4444444444444444,
      0.46153846153846156,
      0.48,
      0.5,
      0.5217391304347826,
      0.5454545454545454,
      0.5714285714285714,
      0.6,
      0.631578947368421,
      0.6111111111111112,
      0.5882352941176471,
      0.625,
      0.6666666666666666,
      0.7142857142857143,
      0.7692307692307693,
      0.8333333333333334,
      0.9090909090909091,
      1.0,
      1.0,
      1.0,
      1.0,
      1.0,
      1.0,
      1.0,
      1.0,
      1.0,
      1.0,
      1.0
    ],
    "recall": [
      1.0,
      1.0,
      1.0,
      1.0,
      1.0,
      1.0,
      1.0,
      1.0,
      1.0,
      1.0,
      1.0,
      1.0,
      1.0,
      1.0,
      1.0,
      1.0,
      1.0,
      1.0,
      1.0,
      1.0,
      1.0,
      1.0,
      1.0,
      1.0,
      1.0,
      1.0,
      1.0,
      1.0,
      1.0,
      1.0,
      1.0,
      1.0,
      1.0,
      1.0,
      1.0,
      1.0,
      1.0,
      1.0,
      1.0,
      1.0,
      1.0,
      1.0,
      1.0,
      1.0,
      1.0,
      1.0,
      1.0,
      1.0,
      1.0,
      1.0,
      1.0,
      1.0,
      1.0,
      1.0,
      1.0,
      1.0,
      1.0,
      0.9166666666666666,
      0.8333333333333334,
      0.8333333333333334,
      0.8333333333333334,
      0.8333333333333334,
      0.8333333333333334,
      0.8333333333333334,
      0.8333333333333334,
      0.8333333333333334,
      0.75,
      0.6666666666666666,
      0.5833333333333334,
      0.5,
      0.4166666666666667,
      0.3333333333333333,
      0.25,
      0.16666666666666666,
      0.08333333333333333,
      0.0
    ],
    "thresholds": [
      0.0038134288042783737,
      0.006357790436595678,
      0.0063781109638512135,
      0.006721654906868935,
      0.007073715329170227,
      0.008269595913589,
      0.008335107937455177,
      0.008472367189824581,
      0.009322423487901688,
      0.0094539113342762,
      0.009907867759466171,
      0.011401794850826263,
      0.01197579875588417,
      0.012399109080433846,
      0.012450703419744968,
      0.0135246142745018,
      0.013864508830010891,
      0.014052199199795723,
      0.014156338758766651,
      0.017377708107233047,
      0.020679259672760963,
      0.021977419033646584,
      0.023421892896294594,
      0.024124786257743835,
      0.024735713377594948,
      0.02651967667043209,
      0.028443951159715652,
      0.030181560665369034,
      0.030665410682559013,
      0.03115326352417469,
      0.03191491216421127,
      0.03489743173122406,
      0.03508453443646431,
      0.03692249208688736,
      0.03812066465616226,
      0.03824691101908684,
      0.03878689184784889,
      0.03992881253361702,
      0.04701076075434685,
      0.05027316138148308,
      0.05294381454586983,
      0.05454173684120178,
      0.0568472295999527,
      0.057326652109622955,
      0.07057514041662216,
      0.0706823393702507,
      0.07456301152706146,
      0.08127982169389725,
      0.0852992907166481,
      0.0933481901884079,
      0.0945734903216362,
      0.0953279584646225,
      0.09875637292861938,
      0.10676742345094681,
      0.14614997804164886,
      0.15889644622802734,
      0.15923799574375153,
      0.18563051521778107,
      0.23560331761837006,
      0.25079450011253357,
      0.2874737083911896,
      0.2947389781475067,
      0.3121788203716278,
      0.3198794722557068,
      0.3580552041530609,
      0.4242027997970581,
      0.4507610499858856,
      0.5110393166542053,
      0.7977319955825806,
      0.8750472664833069,
      0.9338670969009399,
      0.9629637002944946,
      0.9904524087905884,
      0.9967707395553589,
      0.9969801306724548
    ]
  }
}