{
  "y_true": [
    0,
    0,
    0,
    0,
    0,
    0,
    0,
    0,
    0,
    0,
    0,
    0,
    0,
    0,
    0,
    0,
    0,
    0,
    0,
    0,
    0,
    0,
    0,
    0,
    0,
    0,
    0,
    0,
    0,
    0,
    0,
    0,
    0,
    0,
    0,
    0,
    0,
    0,
    0,
    0,
    0,
    0,
    0,
    0,
    0,
    0,
    0,
    0,
    0,
    0,
    0,
    0,
    0,
    0,
    0,
    0,
    0,
    0,
    0,
    0,
    0,
    0,
    0,
    1,
    1,
    1,
    1,
    1,
    1,
    1,
    1,
    1,
    1,
    1,
    1
  ],
  "y_pred": [
    0,
    0,
    0,
    0,
    0,
    0,
    0,
    0,
    0,
    0,
    0,
    0,
    0,
    0,
    0,
    0,
    0,
    0,
    0,
    0,
    0,
    0,
    0,
    0,
    0,
    0,
    0,
    0,
    0,
    0,
    0,
    0,
    0,
    0,
    0,
    0,
    0,
    0,
    0,
    0,
    0,
    0,
    0,
    0,
    0,
    0,
    0,
    0,
    0,
    0,
    0,
    0,
    0,
    0,
    0,
    0,
    0,
    0,
    0,
    0,
    0,
    0,
    0,
    1,
    1,
    1,
    1,
    1,
    1,
    0,
    0,
    1,
    0,
    1,
    1
  ],
  "y_prob": [
    0.05027316138148308,
    0.07456301152706146,
    0.2874737083911896,
    0.08127982169389725,
    0.3580552041530609,
    0.0094539113342762,
    0.008335107937455177,
    0.024124786257743835,
    0.0852992907166481,
    0.07057514041662216,
    0.021977419033646584,
    0.03824691101908684,
    0.008269595913589,
    0.007073715329170227,
    0.03115326352417469,
    0.017377708107233047,
    0.03508453443646431,
    0.0945734903216362,
    0.0568472295999527,
    0.05454173684120178,
    0.057326652109622955,
    0.013864508830010891,
    0.0953279584646225,
    0.012450703419744968,
    0.009322423487901688,
    0.03191491216421127,
    0.020679259672760963,
    0.0933481901884079,
    0.02651967667043209,
    0.03878689184784889,
    0.008472367189824581,
    0.03992881253361702,
    0.009907867759466171,
    0.3198794722557068,
    0.10676742345094681,
    0.14614997804164886,
    0.028443951159715652,
    0.2947389781475067,
    0.03692249208688736,
    0.03489743173122406,
    0.030665410682559013,
    0.024735713377594948,
    0.030181560665369034,
    0.25079450011253357,
    0.023421892896294594,
    0.0706823393702507,
    0.012399109080433846,
    0.006357790436595678,
    0.04701076075434685,
    0.014052199199795723,
    0.3121788203716278,
    0.0063781109638512135,
    0.014156338758766651,
    0.03812066465616226,
    0.0038134288042783737,
    0.01197579875588417,
    0.23560331761837006,
    0.09875637292861938,
    0.05294381454586983,
    0.0135246142745018,
    0.011401794850826263,
    0.006721654906868935,
    0.15889644622802734,
    0.9969801306724548,
    0.8750472664833069,
    0.9629637002944946,
    0.9904524087905884,
    0.9967707395553589,
    0.5110393166542053,
    0.18563051521778107,
    0.4242027997970581,
    0.4507610499858856,
    0.15923799574375153,
    0.7977319955825806,
    0.9338670969009399
  ]
}