{
  "accuracy": 0.8933333333333333,
  "balanced_accuracy": 0.7341269841269842,
  "precision": 0.75,
  "recall": 0.5,
  "f1": 0.6,
  "roc_auc": 0.8624338624338626,
  "pr_auc": 0.711106835030795,
  "class_distribution": {
    "0": 63,
    "1": 12
  },
  "per_class_precision_recall": {
    "class_0": {
      "precision": 0.9104477611940298,
      "recall": 0.9682539682539683
    },
    "class_1": {
      "precision": 0.75,
      "recall": 0.5
    }
  },
  "confusion_matrix": {
    "tn": 61,
    "fp": 2,
    "fn": 6,
    "tp": 6
  },
  "confusion_matrix_normalized": {
    "tn": 0.9682539682539683,
    "fp": 0.031746031746031744,
    "fn": 0.5,
    "tp": 0.5
  },
  "threshold": 0.25,
  "n_samples": 75,
  "mean_probability": 0.16052131354808807,
  "pr_curve": {
    "precision": [
      0.16,
      0.16216216216216217,
      0.1643835616438356,
      0.16666666666666666,
      0.16901408450704225,
      0.17142857142857143,
      0.17391304347826086,
      0.17647058823529413,
      0.1791044776119403,
      0.18181818181818182,
      0.18461538461538463,
      0.1875,
      0.19047619047619047,
      0.1935483870967742,
      0.19672131147540983,
      0.2,
      0.2033898305084746,
      0.20689655172413793,
      0.21052631578947367,
      0.21428571428571427,
      0.21818181818181817,
      0.2222222222222222,
      0.22641509433962265,
      0.23076923076923078,
      0.23529411764705882,
      0.24,
      0.24489795918367346,
      0.25,
      0.2553191489361702,
      0.2608695652173913,
      0.26666666666666666,
      0.2727272727272727,
      0.27906976744186046,
      0.2857142857142857,
      0.2926829268292683,
      0.275,
      0.28205128205128205,
      0.2894736842105263,
      0.2972972972972973,
      0.2777777777777778,
      0.2857142857142857,
      0.29411764705882354,
      0.2727272727272727,
      0.28125,
      0.2903225806451613,
      0.3,
      0.3103448275862069,
      0.32142857142857145,
      0.3333333333333333,
      0.34615384615384615,
      0.32,
      0.3333333333333333,
      0.34782608695652173,
      0.36363636363636365,
      0.38095238095238093,
      0.4,
      0.42105263157894735,
      0.4444444444444444,
      0.47058823529411764,
      0.5,
      0.5333333333333333,
      0.5714285714285714,
      0.6153846153846154,
      0.6666666666666666,
      0.6363636363636364,
      0.6,
      0.6666666666666666,
      0.75,
      0.8571428571428571,
      1.0,
      1.0,
      1.0,
      1.0,
      1.0,
      1.0,
      1.0
    ],
    "recall": [
      1.0,
      1.0,
      1.0,
      1.0,
      1.0,
      1.0,
      1.0,
      1.0,
      1.0,
      1.0,
      1.0,
      1.0,
      1.0,
      1.0,
      1.0,
      1.0,
      1.0,
      1.0,
      1.0,
      1.0,
      1.0,
      1.0,
      1.0,
      1.0,
      1.0,
      1.0,
      1.0,
      1.0,
      1.0,
      1.0,
      1.0,
      1.0,
      1.0,
      1.0,
      1.0,
      0.9166666666666666,
      0.9166666666666666,
      0.9166666666666666,
      0.9166666666666666,
      0.8333333333333334,
      0.8333333333333334,
      0.8333333333333334,
      0.75,
      0.75,
      0.75,
      0.75,
      0.75,
      0.75,
      0.75,
      0.75,
      0.6666666666666666,
      0.6666666666666666,
      0.6666666666666666,
      0.6666666666666666,
      0.6666666666666666,
      0.6666666666666666,
      0.6666666666666666,
      0.6666666666666666,
      0.6666666666666666,
      0.6666666666666666,
      0.6666666666666666,
      0.6666666666666666,
      0.6666666666666666,
      0.6666666666666666,
      0.5833333333333334,
      0.5,
      0.5,
      0.5,
      0.5,
      0.5,
      0.4166666666666667,
      0.3333333333333333,
      0.25,
      0.16666666666666666,
      0.08333333333333333,
      0.0
    ],
    "thresholds": [
      0.06508370488882065,
      0.0658758133649826,
      0.06590131670236588,
      0.0661899745464325,
      0.06635934859514236,
      0.0665273517370224,
      0.06679282337427139,
      0.06679435819387436,
      0.06714121997356415,
      0.06775263696908951,
      0.06778267025947571,
      0.06780722737312317,
      0.06799625605344772,
      0.06803689897060394,
      0.0684758871793747,
      0.06861842423677444,
      0.06867515295743942,
      0.06867992877960205,
      0.06875273585319519,
      0.0692448541522026,
      0.06937967240810394,
      0.06956683099269867,
      0.06978067010641098,
      0.06981045752763748,
      0.0700497031211853,
      0.07076333463191986,
      0.07121002674102783,
      0.07130362838506699,
      0.07148699462413788,
      0.07166249305009842,
      0.07187192142009735,
      0.07199263572692871,
      0.07208380103111267,
      0.07231578975915909,
      0.0724499449133873,
      0.0727420374751091,
      0.07313346117734909,
      0.07329413294792175,
      0.07404135912656784,
      0.07404645532369614,
      0.07459957897663116,
      0.07461518794298172,
      0.07466224581003189,
      0.07475457340478897,
      0.07515096664428711,
      0.07556261867284775,
      0.07588383555412292,
      0.07694856077432632,
      0.07772994041442871,
      0.0780886560678482,
      0.07843899726867676,
      0.07855019718408585,
      0.08010761439800262,
      0.08057021349668503,
      0.08065038174390793,
      0.08152175694704056,
      0.08899317681789398,
      0.09032061696052551,
      0.09176693856716156,
      0.10330680757761002,
      0.10583453625440598,
      0.11211661249399185,
      0.11391522735357285,
      0.12375250458717346,
      0.1274489462375641,
      0.1558016985654831,
      0.24254898726940155,
      0.5952290892601013,
      0.723534882068634,
      0.8357739448547363,
      0.8703082799911499,
      0.9087989926338196,
      0.909407913684845,
      0.910092294216156,
      0.9108375310897827
    ]
  }
}