{
  "y_true": [
    0,
    0,
    0,
    0,
    0,
    0,
    0,
    0,
    0,
    0,
    0,
    0,
    0,
    0,
    0,
    0,
    0,
    0,
    0,
    0,
    0,
    0,
    0,
    0,
    0,
    0,
    0,
    0,
    0,
    0,
    0,
    0,
    0,
    0,
    0,
    0,
    0,
    0,
    0,
    0,
    0,
    0,
    0,
    0,
    0,
    0,
    0,
    0,
    0,
    0,
    0,
    0,
    0,
    0,
    0,
    0,
    0,
    0,
    0,
    0,
    0,
    0,
    0,
    1,
    1,
    1,
    1,
    1,
    1,
    1,
    1,
    1,
    1,
    1,
    1
  ],
  "y_pred": [
    0,
    0,
    0,
    1,
    0,
    0,
    0,
    0,
    0,
    0,
    0,
    0,
    0,
    0,
    0,
    0,
    0,
    0,
    0,
    0,
    0,
    0,
    0,
    0,
    0,
    0,
    0,
    0,
    0,
    0,
    0,
    0,
    0,
    0,
    0,
    0,
    0,
    0,
    0,
    0,
    0,
    0,
    0,
    1,
    0,
    0,
    0,
    0,
    0,
    0,
    0,
    0,
    0,
    0,
    0,
    0,
    0,
    0,
    0,
    0,
    0,
    0,
    0,
    1,
    1,
    1,
    1,
    1,
    0,
    0,
    0,
    0,
    0,
    0,
    1
  ],
  "y_prob": [
    0.06590131670236588,
    0.07588383555412292,
    0.06803689897060394,
    0.5952290892601013,
    0.1558016985654831,
    0.06875273585319519,
    0.07187192142009735,
    0.08899317681789398,
    0.08152175694704056,
    0.06679282337427139,
    0.06978067010641098,
    0.0661899745464325,
    0.09176693856716156,
    0.06778267025947571,
    0.08010761439800262,
    0.0700497031211853,
    0.10583453625440598,
    0.06956683099269867,
    0.06635934859514236,
    0.07515096664428711,
    0.07329413294792175,
    0.06867992877960205,
    0.10330680757761002,
    0.0692448541522026,
    0.0665273517370224,
    0.07843899726867676,
    0.07404645532369614,
    0.07130362838506699,
    0.06799625605344772,
    0.07466224581003189,
    0.07208380103111267,
    0.06981045752763748,
    0.06775263696908951,
    0.06714121997356415,
    0.11391522735357285,
    0.07694856077432632,
    0.07475457340478897,
    0.06780722737312317,
    0.11211661249399185,
    0.06861842423677444,
    0.07076333463191986,
    0.07166249305009842,
    0.07148699462413788,
    0.723534882068634,
    0.24254898726940155,
    0.06937967240810394,
    0.08057021349668503,
    0.0684758871793747,
    0.07459957897663116,
    0.07121002674102783,
    0.06679435819387436,
    0.06867515295743942,
    0.07772994041442871,
    0.07199263572692871,
    0.0658758133649826,
    0.07231578975915909,
    0.07855019718408585,
    0.09032061696052551,
    0.0727420374751091,
    0.07313346117734909,
    0.06508370488882065,
    0.07556261867284775,
    0.08065038174390793,
    0.9087989926338196,
    0.8703082799911499,
    0.910092294216156,
    0.909407913684845,
    0.9108375310897827,
    0.07404135912656784,
    0.0724499449133873,
    0.12375250458717346,
    0.0780886560678482,
    0.07461518794298172,
    0.1274489462375641,
    0.8357739448547363
  ]
}