{
  "accuracy": 0.9333333333333333,
  "balanced_accuracy": 0.8253968253968254,
  "precision": 0.8888888888888888,
  "recall": 0.6666666666666666,
  "f1": 0.761904761904762,
  "roc_auc": 0.9563492063492064,
  "pr_auc": 0.8633074795574797,
  "class_distribution": {
    "0": 63,
    "1": 12
  },
  "per_class_precision_recall": {
    "class_0": {
      "precision": 0.9393939393939394,
      "recall": 0.9841269841269841
    },
    "class_1": {
      "precision": 0.8888888888888888,
      "recall": 0.6666666666666666
    }
  },
  "confusion_matrix": {
    "tn": 62,
    "fp": 1,
    "fn": 4,
    "tp": 8
  },
  "confusion_matrix_normalized": {
    "tn": 0.9841269841269841,
    "fp": 0.015873015873015872,
    "fn": 0.3333333333333333,
    "tp": 0.6666666666666666
  },
  "threshold": 0.5499999999999999,
  "n_samples": 75,
  "mean_probability": 0.18726280331611633
}