{
  "accuracy": 0.9466666666666667,
  "balanced_accuracy": 0.8670634920634921,
  "precision": 0.9,
  "recall": 0.75,
  "f1": 0.8181818181818182,
  "roc_auc": 0.976190476190476,
  "pr_auc": 0.9127543551456596,
  "class_distribution": {
    "0": 63,
    "1": 12
  },
  "per_class_precision_recall": {
    "class_0": {
      "precision": 0.9538461538461539,
      "recall": 0.9841269841269841
    },
    "class_1": {
      "precision": 0.9,
      "recall": 0.75
    }
  },
  "confusion_matrix": {
    "tn": 62,
    "fp": 1,
    "fn": 3,
    "tp": 9
  },
  "confusion_matrix_normalized": {
    "tn": 0.9841269841269841,
    "fp": 0.015873015873015872,
    "fn": 0.25,
    "tp": 0.75
  },
  "threshold": 0.39999999999999997,
  "n_samples": 75,
  "mean_probability": 0.15481214225292206,
  "pr_curve": {
    "precision": [
      0.16,
      0.16216216216216217,
      0.1643835616438356,
      0.16666666666666666,
      0.16901408450704225,
      0.17142857142857143,
      0.17391304347826086,
      0.17647058823529413,
      0.1791044776119403,
      0.18181818181818182,
      0.18461538461538463,
      0.1875,
      0.19047619047619047,
      0.1935483870967742,
      0.19672131147540983,
      0.2,
      0.2033898305084746,
      0.20689655172413793,
      0.21052631578947367,
      0.21428571428571427,
      0.21818181818181817,
      0.2222222222222222,
      0.22641509433962265,
      0.23076923076923078,
      0.23529411764705882,
      0.24,
      0.24489795918367346,
      0.25,
      0.2553191489361702,
      0.2608695652173913,
      0.26666666666666666,
      0.2727272727272727,
      0.27906976744186046,
      0.2857142857142857,
      0.2926829268292683,
      0.3,
      0.3076923076923077,
      0.3157894736842105,
      0.32432432432432434,
      0.3333333333333333,
      0.34285714285714286,
      0.35294117647058826,
      0.36363636363636365,
      0.375,
      0.3870967741935484,
      0.4,
      0.41379310344827586,
      0.42857142857142855,
      0.4444444444444444,
      0.46153846153846156,
      0.48,
      0.5,
      0.5217391304347826,
      0.5,
      0.5238095238095238,
      0.55,
      0.5789473684210527,
      0.6111111111111112,
      0.6470588235294118,
      0.6875,
      0.7333333333333333,
      0.7142857142857143,
      0.7692307692307693,
      0.8333333333333334,
      0.9090909090909091,
      0.9,
      0.8888888888888888,
      0.875,
      1.0,
      1.0,
      1.0,
      1.0,
      1.0,
      1.0,
      1.0,
      1.0
    ],
    "recall": [
      1.0,
      1.0,
      1.0,
      1.0,
      1.0,
      1.0,
      1.0,
      1.0,
      1.0,
      1.0,
      1.0,
      1.0,
      1.0,
      1.0,
      1.0,
      1.0,
      1.0,
      1.0,
      1.0,
      1.0,
      1.0,
      1.0,
      1.0,
      1.0,
      1.0,
      1.0,
      1.0,
      1.0,
      1.0,
      1.0,
      1.0,
      1.0,
      1.0,
      1.0,
      1.0,
      1.0,
      1.0,
      1.0,
      1.0,
      1.0,
      1.0,
      1.0,
      1.0,
      1.0,
      1.0,
      1.0,
      1.0,
      1.0,
      1.0,
      1.0,
      1.0,
      1.0,
      1.0,
      0.9166666666666666,
      0.9166666666666666,
      0.9166666666666666,
      0.9166666666666666,
      0.9166666666666666,
      0.9166666666666666,
      0.9166666666666666,
      0.9166666666666666,
      0.8333333333333334,
      0.8333333333333334,
      0.8333333333333334,
      0.8333333333333334,
      0.75,
      0.6666666666666666,
      0.5833333333333334,
      0.5833333333333334,
      0.5,
      0.4166666666666667,
      0.3333333333333333,
      0.25,
      0.16666666666666666,
      0.08333333333333333,
      0.0
    ],
    "thresholds": [
      0.0019843499176204205,
      0.002853649202734232,
      0.0028864010237157345,
      0.0033054747618734837,
      0.0034945800434798002,
      0.006486950907856226,
      0.006797682959586382,
      0.007455158047378063,
      0.008035699836909771,
      0.0086379898712039,
      0.008787456899881363,
      0.009002416394650936,
      0.009370269253849983,
      0.009380325675010681,
      0.00948411412537098,
      0.009515270590782166,
      0.009708334691822529,
      0.010335104539990425,
      0.011324784718453884,
      0.011391855776309967,
      0.012221625074744225,
      0.013757490552961826,
      0.0165200624614954,
      0.01661095954477787,
      0.016617698594927788,
      0.01663271151483059,
      0.018649572506546974,
      0.019308678805828094,
      0.01959327794611454,
      0.02051337994635105,
      0.020621778443455696,
      0.020679311826825142,
      0.02100186049938202,
      0.023074984550476074,
      0.023919466882944107,
      0.025020943954586983,
      0.02558192051947117,
      0.027546724304556847,
      0.03099840134382248,
      0.035301465541124344,
      0.0397830531001091,
      0.04291043058037758,
      0.04338324815034866,
      0.04561735317111015,
      0.05095646530389786,
      0.05235031992197037,
      0.06687656044960022,
      0.07027553766965866,
      0.07536006718873978,
      0.07690047472715378,
      0.091934435069561,
      0.10123202204704285,
      0.10687603801488876,
      0.11828463524580002,
      0.12175103276968002,
      0.1426577866077423,
      0.1512475162744522,
      0.16478095948696136,
      0.16689050197601318,
      0.17269714176654816,
      0.18887735903263092,
      0.19096288084983826,
      0.2015625238418579,
      0.22469277679920197,
      0.2592986226081848,
      0.4110175669193268,
      0.5506779551506042,
      0.638430655002594,
      0.7566820383071899,
      0.8123397827148438,
      0.9612718224525452,
      0.967125654220581,
      0.9846398830413818,
      0.9899733066558838,
      0.9961812496185303
    ]
  }
}