{
  "y_true": [
    0,
    0,
    0,
    0,
    0,
    0,
    0,
    0,
    0,
    0,
    0,
    0,
    0,
    0,
    0,
    0,
    0,
    0,
    0,
    0,
    0,
    0,
    0,
    0,
    0,
    0,
    0,
    0,
    0,
    0,
    0,
    0,
    0,
    0,
    0,
    0,
    0,
    0,
    0,
    0,
    0,
    0,
    0,
    0,
    0,
    0,
    0,
    0,
    0,
    0,
    0,
    0,
    0,
    0,
    0,
    0,
    0,
    0,
    0,
    0,
    0,
    0,
    0,
    1,
    1,
    1,
    1,
    1,
    1,
    1,
    1,
    1,
    1,
    1,
    1
  ],
  "y_pred": [
    0,
    0,
    0,
    0,
    1,
    0,
    0,
    0,
    0,
    0,
    0,
    0,
    0,
    0,
    0,
    0,
    0,
    0,
    0,
    0,
    0,
    0,
    0,
    0,
    0,
    0,
    0,
    0,
    0,
    0,
    0,
    0,
    0,
    0,
    0,
    0,
    0,
    0,
    0,
    0,
    0,
    0,
    0,
    0,
    0,
    0,
    0,
    0,
    0,
    0,
    0,
    0,
    0,
    0,
    0,
    0,
    0,
    0,
    0,
    0,
    0,
    0,
    0,
    1,
    1,
    1,
    1,
    1,
    1,
    0,
    0,
    1,
    0,
    1,
    1
  ],
  "y_prob": [
    0.07690047472715378,
    0.035301465541124344,
    0.16478095948696136,
    0.091934435069561,
    0.638430655002594,
    0.009370269253849983,
    0.006486950907856226,
    0.023919466882944107,
    0.07536006718873978,
    0.04338324815034866,
    0.019308678805828094,
    0.01663271151483059,
    0.006797682959586382,
    0.0086379898712039,
    0.009708334691822529,
    0.009002416394650936,
    0.02558192051947117,
    0.16689050197601318,
    0.0397830531001091,
    0.0165200624614954,
    0.03099840134382248,
    0.011324784718453884,
    0.06687656044960022,
    0.008787456899881363,
    0.009515270590782166,
    0.025020943954586983,
    0.018649572506546974,
    0.05095646530389786,
    0.020679311826825142,
    0.013757490552961826,
    0.0034945800434798002,
    0.011391855776309967,
    0.00948411412537098,
    0.19096288084983826,
    0.11828463524580002,
    0.1512475162744522,
    0.01959327794611454,
    0.22469277679920197,
    0.05235031992197037,
    0.04291043058037758,
    0.02051337994635105,
    0.027546724304556847,
    0.02100186049938202,
    0.2015625238418579,
    0.016617698594927788,
    0.04561735317111015,
    0.01661095954477787,
    0.002853649202734232,
    0.023074984550476074,
    0.007455158047378063,
    0.1426577866077423,
    0.0028864010237157345,
    0.010335104539990425,
    0.020621778443455696,
    0.0019843499176204205,
    0.008035699836909771,
    0.17269714176654816,
    0.10123202204704285,
    0.07027553766965866,
    0.012221625074744225,
    0.009380325675010681,
    0.0033054747618734837,
    0.12175103276968002,
    0.9961812496185303,
    0.7566820383071899,
    0.967125654220581,
    0.9899733066558838,
    0.9846398830413818,
    0.5506779551506042,
    0.18887735903263092,
    0.2592986226081848,
    0.4110175669193268,
    0.10687603801488876,
    0.8123397827148438,
    0.9612718224525452
  ]
}