{
  "accuracy": 0.92,
  "balanced_accuracy": 0.8174603174603174,
  "precision": 0.8,
  "recall": 0.6666666666666666,
  "f1": 0.7272727272727272,
  "roc_auc": 0.9497354497354497,
  "pr_auc": 0.8472222222222222,
  "class_distribution": {
    "0": 63,
    "1": 12
  },
  "per_class_precision_recall": {
    "class_0": {
      "precision": 0.9384615384615385,
      "recall": 0.9682539682539683
    },
    "class_1": {
      "precision": 0.8,
      "recall": 0.6666666666666666
    }
  },
  "confusion_matrix": {
    "tn": 61,
    "fp": 2,
    "fn": 4,
    "tp": 8
  },
  "confusion_matrix_normalized": {
    "tn": 0.9682539682539683,
    "fp": 0.031746031746031744,
    "fn": 0.3333333333333333,
    "tp": 0.6666666666666666
  },
  "threshold": 0.44999999999999996,
  "n_samples": 75,
  "mean_probability": 0.1635565608739853,
  "pr_curve": {
    "precision": [
      0.16,
      0.16216216216216217,
      0.1643835616438356,
      0.16666666666666666,
      0.16901408450704225,
      0.17142857142857143,
      0.17391304347826086,
      0.17647058823529413,
      0.1791044776119403,
      0.18181818181818182,
      0.18461538461538463,
      0.1875,
      0.19047619047619047,
      0.1935483870967742,
      0.19672131147540983,
      0.2,
      0.2033898305084746,
      0.20689655172413793,
      0.21052631578947367,
      0.21428571428571427,
      0.21818181818181817,
      0.2222222222222222,
      0.22641509433962265,
      0.23076923076923078,
      0.23529411764705882,
      0.24,
      0.24489795918367346,
      0.25,
      0.2553191489361702,
      0.2608695652173913,
      0.26666666666666666,
      0.2727272727272727,
      0.27906976744186046,
      0.2857142857142857,
      0.2926829268292683,
      0.3,
      0.3076923076923077,
      0.3157894736842105,
      0.32432432432432434,
      0.3333333333333333,
      0.34285714285714286,
      0.35294117647058826,
      0.36363636363636365,
      0.375,
      0.3870967741935484,
      0.4,
      0.41379310344827586,
      0.42857142857142855,
      0.4444444444444444,
      0.4230769230769231,
      0.44,
      0.4583333333333333,
      0.43478260869565216,
      0.45454545454545453,
      0.47619047619047616,
      0.5,
      0.5263157894736842,
      0.5555555555555556,
      0.5882352941176471,
      0.625,
      0.6,
      0.6428571428571429,
      0.6923076923076923,
      0.75,
      0.7272727272727273,
      0.8,
      0.8888888888888888,
      0.875,
      1.0,
      1.0,
      1.0,
      1.0,
      1.0,
      1.0,
      1.0,
      1.0
    ],
    "recall": [
      1.0,
      1.0,
      1.0,
      1.0,
      1.0,
      1.0,
      1.0,
      1.0,
      1.0,
      1.0,
      1.0,
      1.0,
      1.0,
      1.0,
      1.0,
      1.0,
      1.0,
      1.0,
      1.0,
      1.0,
      1.0,
      1.0,
      1.0,
      1.0,
      1.0,
      1.0,
      1.0,
      1.0,
      1.0,
      1.0,
      1.0,
      1.0,
      1.0,
      1.0,
      1.0,
      1.0,
      1.0,
      1.0,
      1.0,
      1.0,
      1.0,
      1.0,
      1.0,
      1.0,
      1.0,
      1.0,
      1.0,
      1.0,
      1.0,
      0.9166666666666666,
      0.9166666666666666,
      0.9166666666666666,
      0.8333333333333334,
      0.8333333333333334,
      0.8333333333333334,
      0.8333333333333334,
      0.8333333333333334,
      0.8333333333333334,
      0.8333333333333334,
      0.8333333333333334,
      0.75,
      0.75,
      0.75,
      0.75,
      0.6666666666666666,
      0.6666666666666666,
      0.6666666666666666,
      0.5833333333333334,
      0.5833333333333334,
      0.5,
      0.4166666666666667,
      0.3333333333333333,
      0.25,
      0.16666666666666666,
      0.08333333333333333,
      0.0
    ],
    "thresholds": [
      0.002146386308595538,
      0.0021873980294913054,
      0.003962034825235605,
      0.00458581792190671,
      0.004809898789972067,
      0.005407646298408508,
      0.0054135737009346485,
      0.006629499141126871,
      0.006823312025517225,
      0.007131209596991539,
      0.0072486368007957935,
      0.00734267383813858,
      0.009420884773135185,
      0.009580912999808788,
      0.010580942034721375,
      0.011061467230319977,
      0.0115177808329463,
      0.011524287052452564,
      0.011973478831350803,
      0.014408830553293228,
      0.015222107991576195,
      0.015477598644793034,
      0.01602644845843315,
      0.017010638490319252,
      0.017513388767838478,
      0.018034305423498154,
      0.01835159957408905,
      0.020232630893588066,
      0.020421937108039856,
      0.021845504641532898,
      0.02352212183177471,
      0.02371755614876747,
      0.023967105895280838,
      0.0240964163094759,
      0.02432023175060749,
      0.028362274169921875,
      0.03232891857624054,
      0.032403916120529175,
      0.032450176775455475,
      0.03576279059052467,
      0.03580128028988838,
      0.0359966978430748,
      0.03792564198374748,
      0.03951948136091232,
      0.042442530393600464,
      0.053225863724946976,
      0.05344894155859947,
      0.059941522777080536,
      0.067720428109169,
      0.07222763448953629,
      0.0787716954946518,
      0.09948764741420746,
      0.10149350762367249,
      0.1414867639541626,
      0.14921888709068298,
      0.16912129521369934,
      0.17936450242996216,
      0.18168404698371887,
      0.1975216120481491,
      0.20624350011348724,
      0.24401462078094482,
      0.26012250781059265,
      0.2836633622646332,
      0.31591707468032837,
      0.3443387746810913,
      0.4642646312713623,
      0.5091817378997803,
      0.5250494480133057,
      0.7957899570465088,
      0.9590495824813843,
      0.9666919708251953,
      0.9903345704078674,
      0.9947577118873596,
      0.9978764057159424,
      0.9982221722602844
    ]
  }
}