{
  "y_true": [
    0,
    0,
    0,
    0,
    0,
    0,
    0,
    0,
    0,
    0,
    0,
    0,
    0,
    0,
    0,
    0,
    0,
    0,
    0,
    0,
    0,
    0,
    0,
    0,
    0,
    0,
    0,
    0,
    0,
    0,
    0,
    0,
    0,
    0,
    0,
    0,
    0,
    0,
    0,
    0,
    0,
    0,
    0,
    0,
    0,
    0,
    0,
    0,
    0,
    0,
    0,
    0,
    0,
    0,
    0,
    0,
    0,
    0,
    0,
    0,
    0,
    0,
    0,
    1,
    1,
    1,
    1,
    1,
    1,
    1,
    1,
    1,
    1,
    1,
    1
  ],
  "y_pred": [
    0,
    0,
    1,
    0,
    1,
    0,
    0,
    0,
    0,
    0,
    0,
    0,
    0,
    0,
    0,
    0,
    0,
    0,
    0,
    0,
    0,
    0,
    0,
    0,
    0,
    0,
    0,
    0,
    0,
    0,
    0,
    0,
    0,
    0,
    0,
    0,
    0,
    0,
    0,
    0,
    0,
    0,
    0,
    0,
    0,
    0,
    0,
    0,
    0,
    0,
    0,
    0,
    0,
    0,
    0,
    0,
    0,
    0,
    0,
    0,
    0,
    0,
    0,
    1,
    1,
    1,
    1,
    1,
    0,
    0,
    0,
    1,
    0,
    1,
    1
  ],
  "y_prob": [
    0.14921888709068298,
    0.032403916120529175,
    0.4642646312713623,
    0.16912129521369934,
    0.5250494480133057,
    0.00734267383813858,
    0.004809898789972067,
    0.02432023175060749,
    0.07222763448953629,
    0.03576279059052467,
    0.018034305423498154,
    0.01835159957408905,
    0.010580942034721375,
    0.007131209596991539,
    0.015477598644793034,
    0.009580912999808788,
    0.042442530393600464,
    0.2836633622646332,
    0.05344894155859947,
    0.020421937108039856,
    0.023967105895280838,
    0.011524287052452564,
    0.0787716954946518,
    0.006629499141126871,
    0.011061467230319977,
    0.020232630893588066,
    0.014408830553293228,
    0.03792564198374748,
    0.02352212183177471,
    0.015222107991576195,
    0.00458581792190671,
    0.009420884773135185,
    0.017513388767838478,
    0.18168404698371887,
    0.26012250781059265,
    0.1414867639541626,
    0.0240964163094759,
    0.1975216120481491,
    0.053225863724946976,
    0.03951948136091232,
    0.03232891857624054,
    0.0359966978430748,
    0.01602644845843315,
    0.24401462078094482,
    0.03580128028988838,
    0.032450176775455475,
    0.02371755614876747,
    0.0054135737009346485,
    0.021845504641532898,
    0.005407646298408508,
    0.17936450242996216,
    0.002146386308595538,
    0.006823312025517225,
    0.017010638490319252,
    0.0021873980294913054,
    0.0072486368007957935,
    0.3443387746810913,
    0.059941522777080536,
    0.028362274169921875,
    0.0115177808329463,
    0.011973478831350803,
    0.003962034825235605,
    0.10149350762367249,
    0.9982221722602844,
    0.7957899570465088,
    0.9903345704078674,
    0.9947577118873596,
    0.9978764057159424,
    0.31591707468032837,
    0.09948764741420746,
    0.20624350011348724,
    0.5091817378997803,
    0.067720428109169,
    0.9590495824813843,
    0.9666919708251953
  ]
}