{
  "accuracy": 0.92,
  "balanced_accuracy": 0.75,
  "precision": 1.0,
  "recall": 0.5,
  "f1": 0.6666666666666666,
  "roc_auc": 0.8201058201058201,
  "pr_auc": 0.7088516988100655,
  "class_distribution": {
    "0": 63,
    "1": 12
  },
  "per_class_precision_recall": {
    "class_0": {
      "precision": 0.9130434782608695,
      "recall": 1.0
    },
    "class_1": {
      "precision": 1.0,
      "recall": 0.5
    }
  },
  "confusion_matrix": {
    "tn": 63,
    "fp": 0,
    "fn": 6,
    "tp": 6
  },
  "confusion_matrix_normalized": {
    "tn": 1.0,
    "fp": 0.0,
    "fn": 0.5,
    "tp": 0.5
  },
  "threshold": 0.9,
  "n_samples": 75,
  "mean_probability": 0.19571180641651154,
  "pr_curve": {
    "precision": [
      0.16,
      0.16216216216216217,
      0.1643835616438356,
      0.16666666666666666,
      0.16901408450704225,
      0.17142857142857143,
      0.17391304347826086,
      0.17647058823529413,
      0.1791044776119403,
      0.18181818181818182,
      0.18461538461538463,
      0.1875,
      0.19047619047619047,
      0.1935483870967742,
      0.18032786885245902,
      0.18333333333333332,
      0.1864406779661017,
      0.1896551724137931,
      0.19298245614035087,
      0.17857142857142858,
      0.18181818181818182,
      0.18518518518518517,
      0.18867924528301888,
      0.19230769230769232,
      0.19607843137254902,
      0.2,
      0.20408163265306123,
      0.20833333333333334,
      0.2127659574468085,
      0.21739130434782608,
      0.2222222222222222,
      0.22727272727272727,
      0.23255813953488372,
      0.23809523809523808,
      0.24390243902439024,
      0.25,
      0.2564102564102564,
      0.2631578947368421,
      0.2702702702702703,
      0.2777777777777778,
      0.2857142857142857,
      0.29411764705882354,
      0.30303030303030304,
      0.3125,
      0.2903225806451613,
      0.3,
      0.3103448275862069,
      0.32142857142857145,
      0.3333333333333333,
      0.34615384615384615,
      0.36,
      0.375,
      0.391304347826087,
      0.4090909090909091,
      0.42857142857142855,
      0.45,
      0.47368421052631576,
      0.5,
      0.5294117647058824,
      0.5,
      0.4666666666666667,
      0.5,
      0.5384615384615384,
      0.5833333333333334,
      0.6363636363636364,
      0.7,
      0.7777777777777778,
      0.75,
      0.8571428571428571,
      1.0,
      1.0,
      1.0,
      1.0,
      1.0,
      1.0,
      1.0
    ],
    "recall": [
      1.0,
      1.0,
      1.0,
      1.0,
      1.0,
      1.0,
      1.0,
      1.0,
      1.0,
      1.0,
      1.0,
      1.0,
      1.0,
      1.0,
      0.9166666666666666,
      0.9166666666666666,
      0.9166666666666666,
      0.9166666666666666,
      0.9166666666666666,
      0.8333333333333334,
      0.8333333333333334,
      0.8333333333333334,
      0.8333333333333334,
      0.8333333333333334,
      0.8333333333333334,
      0.8333333333333334,
      0.8333333333333334,
      0.8333333333333334,
      0.8333333333333334,
      0.8333333333333334,
      0.8333333333333334,
      0.8333333333333334,
      0.8333333333333334,
      0.8333333333333334,
      0.8333333333333334,
      0.8333333333333334,
      0.8333333333333334,
      0.8333333333333334,
      0.8333333333333334,
      0.8333333333333334,
      0.8333333333333334,
      0.8333333333333334,
      0.8333333333333334,
      0.8333333333333334,
      0.75,
      0.75,
      0.75,
      0.75,
      0.75,
      0.75,
      0.75,
      0.75,
      0.75,
      0.75,
      0.75,
      0.75,
      0.75,
      0.75,
      0.75,
      0.6666666666666666,
      0.5833333333333334,
      0.5833333333333334,
      0.5833333333333334,
      0.5833333333333334,
      0.5833333333333334,
      0.5833333333333334,
      0.5833333333333334,
      0.5,
      0.5,
      0.5,
      0.4166666666666667,
      0.3333333333333333,
      0.25,
      0.16666666666666666,
      0.08333333333333333,
      0.0
    ],
    "thresholds": [
      0.08866822719573975,
      0.08932558447122574,
      0.09181509166955948,
      0.09269750118255615,
      0.09370128065347672,
      0.09394783526659012,
      0.09399624913930893,
      0.09418146312236786,
      0.0945575088262558,
      0.09476789832115173,
      0.09500675648450851,
      0.09525112062692642,
      0.0955965593457222,
      0.09617103636264801,
      0.09647594392299652,
      0.09648105502128601,
      0.09660553932189941,
      0.09684636443853378,
      0.09687201678752899,
      0.09696545451879501,
      0.09700749069452286,
      0.09710456430912018,
      0.09714224189519882,
      0.09756016731262207,
      0.0977235734462738,
      0.09837201982736588,
      0.09854425489902496,
      0.09867950528860092,
      0.09899178147315979,
      0.09988178312778473,
      0.1002330556511879,
      0.10024634003639221,
      0.10036343336105347,
      0.10074617713689804,
      0.10077202320098877,
      0.10079587250947952,
      0.10106891393661499,
      0.10164564847946167,
      0.10194440931081772,
      0.10212232172489166,
      0.10230834037065506,
      0.10255178809165955,
      0.10281424969434738,
      0.10305040329694748,
      0.10355737805366516,
      0.1043652892112732,
      0.10693138092756271,
      0.10697014629840851,
      0.10918209701776505,
      0.11065862327814102,
      0.11095122992992401,
      0.11354728043079376,
      0.11585944890975952,
      0.11599665135145187,
      0.11950983852148056,
      0.12020512670278549,
      0.12044809758663177,
      0.12061864882707596,
      0.12270766496658325,
      0.12972289323806763,
      0.13485825061798096,
      0.1352459043264389,
      0.1409684121608734,
      0.1487841010093689,
      0.1547459214925766,
      0.18581058084964752,
      0.5244696140289307,
      0.5544902682304382,
      0.8837379813194275,
      0.9137725830078125,
      0.937305212020874,
      0.9571927189826965,
      0.9603677988052368,
      0.9616975784301758,
      0.9621059894561768
    ]
  }
}