{
  "y_true": [
    0,
    0,
    0,
    0,
    0,
    0,
    0,
    0,
    0,
    0,
    0,
    0,
    0,
    0,
    0,
    0,
    0,
    0,
    0,
    0,
    0,
    0,
    0,
    0,
    0,
    0,
    0,
    0,
    0,
    0,
    0,
    0,
    0,
    0,
    0,
    0,
    0,
    0,
    0,
    0,
    0,
    0,
    0,
    0,
    0,
    0,
    0,
    0,
    0,
    0,
    0,
    0,
    0,
    0,
    0,
    0,
    0,
    0,
    0,
    0,
    0,
    0,
    0,
    1,
    1,
    1,
    1,
    1,
    1,
    1,
    1,
    1,
    1,
    1,
    1
  ],
  "y_pred": [
    0,
    0,
    0,
    0,
    0,
    0,
    0,
    0,
    0,
    0,
    0,
    0,
    0,
    0,
    0,
    0,
    0,
    0,
    0,
    0,
    0,
    0,
    0,
    0,
    0,
    0,
    0,
    0,
    0,
    0,
    0,
    0,
    0,
    0,
    0,
    0,
    0,
    0,
    0,
    0,
    0,
    0,
    0,
    0,
    0,
    0,
    0,
    0,
    0,
    0,
    0,
    0,
    0,
    0,
    0,
    0,
    0,
    0,
    0,
    0,
    0,
    0,
    0,
    1,
    1,
    1,
    1,
    1,
    0,
    0,
    0,
    0,
    0,
    0,
    1
  ],
  "y_prob": [
    0.10281424969434738,
    0.10212232172489166,
    0.09714224189519882,
    0.5544902682304382,
    0.1547459214925766,
    0.10230834037065506,
    0.09837201982736588,
    0.18581058084964752,
    0.1043652892112732,
    0.08932558447122574,
    0.09660553932189941,
    0.10194440931081772,
    0.11065862327814102,
    0.12020512670278549,
    0.10024634003639221,
    0.09710456430912018,
    0.13485825061798096,
    0.1487841010093689,
    0.09988178312778473,
    0.09867950528860092,
    0.0977235734462738,
    0.10077202320098877,
    0.11950983852148056,
    0.09418146312236786,
    0.09700749069452286,
    0.12044809758663177,
    0.09181509166955948,
    0.09500675648450851,
    0.10164564847946167,
    0.0945575088262558,
    0.09756016731262207,
    0.1002330556511879,
    0.09854425489902496,
    0.09696545451879501,
    0.11354728043079376,
    0.11585944890975952,
    0.10697014629840851,
    0.10355737805366516,
    0.10255178809165955,
    0.12061864882707596,
    0.09648105502128601,
    0.0955965593457222,
    0.11599665135145187,
    0.8837379813194275,
    0.1409684121608734,
    0.10036343336105347,
    0.10918209701776505,
    0.08866822719573975,
    0.10106891393661499,
    0.09476789832115173,
    0.11095122992992401,
    0.09647594392299652,
    0.09394783526659012,
    0.10079587250947952,
    0.09399624913930893,
    0.09684636443853378,
    0.10074617713689804,
    0.10693138092756271,
    0.09370128065347672,
    0.09269750118255615,
    0.09899178147315979,
    0.09525112062692642,
    0.1352459043264389,
    0.9616975784301758,
    0.937305212020874,
    0.9603677988052368,
    0.9571927189826965,
    0.9621059894561768,
    0.10305040329694748,
    0.09687201678752899,
    0.12270766496658325,
    0.12972289323806763,
    0.09617103636264801,
    0.5244696140289307,
    0.9137725830078125
  ]
}