{
  "accuracy": 0.8666666666666667,
  "balanced_accuracy": 0.8194444444444444,
  "precision": 0.5625,
  "recall": 0.75,
  "f1": 0.6428571428571429,
  "roc_auc": 0.9126984126984127,
  "pr_auc": 0.7802723300460915,
  "class_distribution": {
    "0": 63,
    "1": 12
  },
  "per_class_precision_recall": {
    "class_0": {
      "precision": 0.9491525423728814,
      "recall": 0.8888888888888888
    },
    "class_1": {
      "precision": 0.5625,
      "recall": 0.75
    }
  },
  "confusion_matrix": {
    "tn": 56,
    "fp": 7,
    "fn": 3,
    "tp": 9
  },
  "confusion_matrix_normalized": {
    "tn": 0.8888888888888888,
    "fp": 0.1111111111111111,
    "fn": 0.25,
    "tp": 0.75
  },
  "threshold": 0.15,
  "n_samples": 75,
  "mean_probability": 0.15864714980125427
}