{
  "precision": [
    0.16,
    0.17391304347826086,
    0.19672131147540983,
    0.2033898305084746,
    0.23529411764705882,
    0.24444444444444444,
    0.2682926829268293,
    0.2894736842105263,
    0.2972972972972973,
    0.3142857142857143,
    0.3333333333333333,
    0.34375,
    0.3548387096774194,
    0.37037037037037035,
    0.38461538461538464,
    0.4,
    0.4166666666666667,
    0.43478260869565216,
    0.42857142857142855,
    0.45,
    0.47368421052631576,
    0.5,
    0.5625,
    0.6,
    0.6428571428571429,
    0.6923076923076923,
    0.75,
    0.8181818181818182,
    0.8,
    0.8888888888888888,
    0.875,
    1.0,
    1.0,
    1.0,
    1.0,
    1.0,
    1.0,
    1.0,
    1.0
  ],
  "recall": [
    1.0,
    1.0,
    1.0,
    1.0,
    1.0,
    0.9166666666666666,
    0.9166666666666666,
    0.9166666666666666,
    0.9166666666666666,
    0.9166666666666666,
    0.9166666666666666,
    0.9166666666666666,
    0.9166666666666666,
    0.8333333333333334,
    0.8333333333333334,
    0.8333333333333334,
    0.8333333333333334,
    0.8333333333333334,
    0.75,
    0.75,
    0.75,
    0.75,
    0.75,
    0.75,
    0.75,
    0.75,
    0.75,
    0.75,
    0.6666666666666666,
    0.6666666666666666,
    0.5833333333333334,
    0.5833333333333334,
    0.5,
    0.4166666666666667,
    0.3333333333333333,
    0.25,
    0.16666666666666666,
    0.08333333333333333,
    0.0
  ],
  "thresholds": [
    0.0,
    0.004999999888241291,
    0.009999999776482582,
    0.014999999664723873,
    0.019999999552965164,
    0.02500000037252903,
    0.029999999329447746,
    0.03500000014901161,
    0.03999999910593033,
    0.04500000178813934,
    0.05000000074505806,
    0.07000000029802322,
    0.07999999821186066,
    0.10000000149011612,
    0.10499999672174454,
    0.11999999731779099,
    0.15000000596046448,
    0.1550000011920929,
    0.1599999964237213,
    0.17000000178813934,
    0.17499999701976776,
    0.18000000715255737,
    0.1850000023841858,
    0.19499999284744263,
    0.20000000298023224,
    0.20999999344348907,
    0.2150000035762787,
    0.2199999988079071,
    0.24500000476837158,
    0.25999999046325684,
    0.27000001072883606,
    0.32499998807907104,
    0.33000001311302185,
    0.39500001072883606,
    0.5299999713897705,
    0.5400000214576721,
    0.5550000071525574,
    0.8949999809265137
  ]
}