{
  "y_true": [
    0,
    0,
    0,
    0,
    0,
    0,
    0,
    0,
    0,
    0,
    0,
    0,
    0,
    0,
    0,
    0,
    0,
    0,
    0,
    0,
    0,
    0,
    0,
    0,
    0,
    0,
    0,
    0,
    0,
    0,
    0,
    0,
    0,
    0,
    0,
    0,
    0,
    0,
    0,
    0,
    0,
    0,
    0,
    0,
    0,
    0,
    0,
    0,
    0,
    0,
    0,
    0,
    0,
    0,
    0,
    0,
    0,
    0,
    0,
    0,
    0,
    0,
    0,
    1,
    1,
    1,
    1,
    1,
    1,
    1,
    1,
    1,
    1,
    1,
    1
  ],
  "y_pred": [
    0,
    0,
    0,
    0,
    0,
    0,
    0,
    0,
    0,
    0,
    0,
    0,
    0,
    0,
    0,
    0,
    0,
    0,
    0,
    0,
    0,
    0,
    0,
    0,
    0,
    0,
    0,
    0,
    0,
    0,
    0,
    0,
    0,
    0,
    0,
    0,
    0,
    0,
    0,
    0,
    0,
    0,
    0,
    0,
    0,
    0,
    0,
    0,
    0,
    0,
    0,
    0,
    0,
    0,
    0,
    0,
    0,
    0,
    0,
    0,
    0,
    0,
    0,
    1,
    0,
    1,
    1,
    1,
    0,
    0,
    0,
    1,
    0,
    1,
    1
  ],
  "y_prob": [
    0.24500000476837158,
    0.014999999664723873,
    0.27000001072883606,
    0.18000000715255737,
    0.1599999964237213,
    0.03999999910593033,
    0.02500000037252903,
    0.014999999664723873,
    0.11999999731779099,
    0.0,
    0.019999999552965164,
    0.10499999672174454,
    0.07999999821186066,
    0.004999999888241291,
    0.03999999910593033,
    0.004999999888241291,
    0.009999999776482582,
    0.20000000298023224,
    0.014999999664723873,
    0.07999999821186066,
    0.004999999888241291,
    0.029999999329447746,
    0.18000000715255737,
    0.014999999664723873,
    0.004999999888241291,
    0.03500000014901161,
    0.02500000037252903,
    0.019999999552965164,
    0.019999999552965164,
    0.014999999664723873,
    0.0,
    0.02500000037252903,
    0.0,
    0.20999999344348907,
    0.17499999701976776,
    0.15000000596046448,
    0.0,
    0.07999999821186066,
    0.02500000037252903,
    0.029999999329447746,
    0.04500000178813934,
    0.004999999888241291,
    0.07000000029802322,
    0.17000000178813934,
    0.019999999552965164,
    0.04500000178813934,
    0.019999999552965164,
    0.0,
    0.014999999664723873,
    0.009999999776482582,
    0.1550000011920929,
    0.004999999888241291,
    0.004999999888241291,
    0.05000000074505806,
    0.014999999664723873,
    0.0,
    0.19499999284744263,
    0.1850000023841858,
    0.014999999664723873,
    0.004999999888241291,
    0.10000000149011612,
    0.029999999329447746,
    0.2150000035762787,
    0.5550000071525574,
    0.25999999046325684,
    0.39500001072883606,
    0.8949999809265137,
    0.5400000214576721,
    0.2199999988079071,
    0.07999999821186066,
    0.1550000011920929,
    0.33000001311302185,
    0.019999999552965164,
    0.32499998807907104,
    0.5299999713897705
  ]
}