{
  "accuracy": 0.92,
  "balanced_accuracy": 0.7837301587301587,
  "precision": 0.875,
  "recall": 0.5833333333333334,
  "f1": 0.7000000000000001,
  "roc_auc": 0.8518518518518519,
  "pr_auc": 0.7522666128598333,
  "class_distribution": {
    "0": 63,
    "1": 12
  },
  "per_class_precision_recall": {
    "class_0": {
      "precision": 0.9253731343283582,
      "recall": 0.9841269841269841
    },
    "class_1": {
      "precision": 0.875,
      "recall": 0.5833333333333334
    }
  },
  "confusion_matrix": {
    "tn": 62,
    "fp": 1,
    "fn": 5,
    "tp": 7
  },
  "confusion_matrix_normalized": {
    "tn": 0.9841269841269841,
    "fp": 0.015873015873015872,
    "fn": 0.4166666666666667,
    "tp": 0.5833333333333334
  },
  "threshold": 0.75,
  "n_samples": 75,
  "mean_probability": 0.15233340859413147,
  "pr_curve": {
    "precision": [
      0.16,
      0.16216216216216217,
      0.1643835616438356,
      0.16666666666666666,
      0.16901408450704225,
      0.17142857142857143,
      0.17391304347826086,
      0.17647058823529413,
      0.1791044776119403,
      0.18181818181818182,
      0.18461538461538463,
      0.1875,
      0.19047619047619047,
      0.1935483870967742,
      0.19672131147540983,
      0.2,
      0.2033898305084746,
      0.1896551724137931,
      0.19298245614035087,
      0.19642857142857142,
      0.2,
      0.2037037037037037,
      0.20754716981132076,
      0.21153846153846154,
      0.21568627450980393,
      0.22,
      0.22448979591836735,
      0.22916666666666666,
      0.23404255319148937,
      0.2391304347826087,
      0.24444444444444444,
      0.25,
      0.2558139534883721,
      0.2619047619047619,
      0.24390243902439024,
      0.25,
      0.2564102564102564,
      0.2631578947368421,
      0.2702702702702703,
      0.2777777777777778,
      0.2857142857142857,
      0.29411764705882354,
      0.30303030303030304,
      0.3125,
      0.3225806451612903,
      0.3333333333333333,
      0.3103448275862069,
      0.32142857142857145,
      0.3333333333333333,
      0.34615384615384615,
      0.36,
      0.375,
      0.391304347826087,
      0.4090909090909091,
      0.42857142857142855,
      0.4,
      0.42105263157894735,
      0.4444444444444444,
      0.47058823529411764,
      0.5,
      0.5333333333333333,
      0.5714285714285714,
      0.6153846153846154,
      0.6666666666666666,
      0.7272727272727273,
      0.8,
      0.7777777777777778,
      0.875,
      1.0,
      1.0,
      1.0,
      1.0,
      1.0,
      1.0,
      1.0,
      1.0
    ],
    "recall": [
      1.0,
      1.0,
      1.0,
      1.0,
      1.0,
      1.0,
      1.0,
      1.0,
      1.0,
      1.0,
      1.0,
      1.0,
      1.0,
      1.0,
      1.0,
      1.0,
      1.0,
      0.9166666666666666,
      0.9166666666666666,
      0.9166666666666666,
      0.9166666666666666,
      0.9166666666666666,
      0.9166666666666666,
      0.9166666666666666,
      0.9166666666666666,
      0.9166666666666666,
      0.9166666666666666,
      0.9166666666666666,
      0.9166666666666666,
      0.9166666666666666,
      0.9166666666666666,
      0.9166666666666666,
      0.9166666666666666,
      0.9166666666666666,
      0.8333333333333334,
      0.8333333333333334,
      0.8333333333333334,
      0.8333333333333334,
      0.8333333333333334,
      0.8333333333333334,
      0.8333333333333334,
      0.8333333333333334,
      0.8333333333333334,
      0.8333333333333334,
      0.8333333333333334,
      0.8333333333333334,
      0.75,
      0.75,
      0.75,
      0.75,
      0.75,
      0.75,
      0.75,
      0.75,
      0.75,
      0.6666666666666666,
      0.6666666666666666,
      0.6666666666666666,
      0.6666666666666666,
      0.6666666666666666,
      0.6666666666666666,
      0.6666666666666666,
      0.6666666666666666,
      0.6666666666666666,
      0.6666666666666666,
      0.6666666666666666,
      0.5833333333333334,
      0.5833333333333334,
      0.5833333333333334,
      0.5,
      0.4166666666666667,
      0.3333333333333333,
      0.25,
      0.16666666666666666,
      0.08333333333333333,
      0.0
    ],
    "thresholds": [
      0.029231321066617966,
      0.029487915337085724,
      0.0295040775090456,
      0.02958560176193714,
      0.029852405190467834,
      0.030158797279000282,
      0.03029935248196125,
      0.030426837503910065,
      0.030436743050813675,
      0.030558252707123756,
      0.030795233324170113,
      0.031177658587694168,
      0.03120170533657074,
      0.03147226944565773,
      0.031496740877628326,
      0.03157366067171097,
      0.031576577574014664,
      0.03169189393520355,
      0.03181249275803566,
      0.03184241056442261,
      0.031860098242759705,
      0.03202638775110245,
      0.03210453689098358,
      0.03211154416203499,
      0.03244159370660782,
      0.032502129673957825,
      0.03259459137916565,
      0.03268158808350563,
      0.03274071216583252,
      0.03308799862861633,
      0.03329866752028465,
      0.03337506204843521,
      0.033484816551208496,
      0.033991143107414246,
      0.034612592309713364,
      0.0349046029150486,
      0.0352577306330204,
      0.035992931574583054,
      0.03621821478009224,
      0.036398258060216904,
      0.036613643169403076,
      0.036667436361312866,
      0.03740723431110382,
      0.03773390129208565,
      0.0388227142393589,
      0.03898147493600845,
      0.039702437818050385,
      0.03995588421821594,
      0.04021187871694565,
      0.041315123438835144,
      0.041723739355802536,
      0.04414128139615059,
      0.04429689422249794,
      0.05251571908593178,
      0.05278697609901428,
      0.05351827293634415,
      0.05406329035758972,
      0.05865039303898811,
      0.06235058605670929,
      0.07954498380422592,
      0.09014606475830078,
      0.10843319445848465,
      0.11705078184604645,
      0.18347378075122833,
      0.2791679799556732,
      0.36847907304763794,
      0.613616406917572,
      0.8405713438987732,
      0.899911642074585,
      0.9448060393333435,
      0.9511231780052185,
      0.9518789052963257,
      0.9530584812164307,
      0.9531658887863159,
      0.9532525539398193
    ]
  }
}