{
  "precision": [
    0.16,
    0.16216216216216217,
    0.1643835616438356,
    0.16666666666666666,
    0.16901408450704225,
    0.17142857142857143,
    0.17391304347826086,
    0.17647058823529413,
    0.1791044776119403,
    0.18181818181818182,
    0.18461538461538463,
    0.1875,
    0.19047619047619047,
    0.1935483870967742,
    0.19672131147540983,
    0.2,
    0.2033898305084746,
    0.20689655172413793,
    0.21052631578947367,
    0.21428571428571427,
    0.21818181818181817,
    0.2222222222222222,
    0.22641509433962265,
    0.21153846153846154,
    0.21568627450980393,
    0.22,
    0.22448979591836735,
    0.20833333333333334,
    0.2127659574468085,
    0.21739130434782608,
    0.2222222222222222,
    0.22727272727272727,
    0.23255813953488372,
    0.23809523809523808,
    0.24390243902439024,
    0.25,
    0.2564102564102564,
    0.2631578947368421,
    0.2702702702702703,
    0.2777777777777778,
    0.2857142857142857,
    0.29411764705882354,
    0.2727272727272727,
    0.28125,
    0.2903225806451613,
    0.3,
    0.27586206896551724,
    0.25,
    0.25925925925925924,
    0.2692307692307692,
    0.28,
    0.2916666666666667,
    0.30434782608695654,
    0.3181818181818182,
    0.3333333333333333,
    0.35,
    0.3684210526315789,
    0.3888888888888889,
    0.4117647058823529,
    0.4375,
    0.4666666666666667,
    0.5,
    0.5384615384615384,
    0.5833333333333334,
    0.6363636363636364,
    0.7,
    0.7777777777777778,
    0.875,
    1.0,
    1.0,
    1.0,
    1.0,
    1.0,
    1.0,
    1.0,
    1.0
  ],
  "recall": [
    1.0,
    1.0,
    1.0,
    1.0,
    1.0,
    1.0,
    1.0,
    1.0,
    1.0,
    1.0,
    1.0,
    1.0,
    1.0,
    1.0,
    1.0,
    1.0,
    1.0,
    1.0,
    1.0,
    1.0,
    1.0,
    1.0,
    1.0,
    0.9166666666666666,
    0.9166666666666666,
    0.9166666666666666,
    0.9166666666666666,
    0.8333333333333334,
    0.8333333333333334,
    0.8333333333333334,
    0.8333333333333334,
    0.8333333333333334,
    0.8333333333333334,
    0.8333333333333334,
    0.8333333333333334,
    0.8333333333333334,
    0.8333333333333334,
    0.8333333333333334,
    0.8333333333333334,
    0.8333333333333334,
    0.8333333333333334,
    0.8333333333333334,
    0.75,
    0.75,
    0.75,
    0.75,
    0.6666666666666666,
    0.5833333333333334,
    0.5833333333333334,
    0.5833333333333334,
    0.5833333333333334,
    0.5833333333333334,
    0.5833333333333334,
    0.5833333333333334,
    0.5833333333333334,
    0.5833333333333334,
    0.5833333333333334,
    0.5833333333333334,
    0.5833333333333334,
    0.5833333333333334,
    0.5833333333333334,
    0.5833333333333334,
    0.5833333333333334,
    0.5833333333333334,
    0.5833333333333334,
    0.5833333333333334,
    0.5833333333333334,
    0.5833333333333334,
    0.5833333333333334,
    0.5,
    0.4166666666666667,
    0.3333333333333333,
    0.25,
    0.16666666666666666,
    0.08333333333333333,
    0.0
  ],
  "thresholds": [
    0.1189102753996849,
    0.11927452683448792,
    0.12011262029409409,
    0.12030941992998123,
    0.12038461863994598,
    0.12038757652044296,
    0.12071103602647781,
    0.12105768173933029,
    0.12152302265167236,
    0.12157358974218369,
    0.12173394113779068,
    0.12174604088068008,
    0.12177086621522903,
    0.12190623581409454,
    0.12197072803974152,
    0.12203246355056763,
    0.12233942747116089,
    0.12239136546850204,
    0.12251584231853485,
    0.12261227518320084,
    0.1226654052734375,
    0.12267137318849564,
    0.12268051505088806,
    0.12282141298055649,
    0.12286115437746048,
    0.12295237928628922,
    0.12299694120883942,
    0.12309524416923523,
    0.12316208332777023,
    0.12325266748666763,
    0.1234956681728363,
    0.12351259589195251,
    0.12354424595832825,
    0.12356071174144745,
    0.12384685128927231,
    0.12397211790084839,
    0.12451115250587463,
    0.12470605224370956,
    0.1247699037194252,
    0.12477964162826538,
    0.12552501261234283,
    0.12559697031974792,
    0.12567424774169922,
    0.12582485377788544,
    0.12599782645702362,
    0.12609221041202545,
    0.1261315792798996,
    0.1261967122554779,
    0.12637123465538025,
    0.12699691951274872,
    0.1275402456521988,
    0.12846334278583527,
    0.12884174287319183,
    0.12930701673030853,
    0.1295909434556961,
    0.13090194761753082,
    0.1311519891023636,
    0.13323788344860077,
    0.13387131690979004,
    0.13722842931747437,
    0.13874578475952148,
    0.13906584680080414,
    0.14020533859729767,
    0.14560218155384064,
    0.1502423882484436,
    0.16394393146038055,
    0.1836177259683609,
    0.39626604318618774,
    0.4007178246974945,
    0.857215404510498,
    0.9414335489273071,
    0.9437750577926636,
    0.9589123129844666,
    0.9612134695053101,
    0.9616844654083252
  ]
}