{
  "y_true": [
    0,
    0,
    0,
    0,
    0,
    0,
    0,
    0,
    0,
    0,
    0,
    0,
    0,
    0,
    0,
    0,
    0,
    0,
    0,
    0,
    0,
    0,
    0,
    0,
    0,
    0,
    0,
    0,
    0,
    0,
    0,
    0,
    0,
    0,
    0,
    0,
    0,
    0,
    0,
    0,
    0,
    0,
    0,
    0,
    0,
    0,
    0,
    0,
    0,
    0,
    0,
    0,
    0,
    0,
    0,
    0,
    0,
    0,
    0,
    0,
    0,
    0,
    0,
    1,
    1,
    1,
    1,
    1,
    1,
    1,
    1,
    1,
    1,
    1,
    1
  ],
  "y_pred": [
    0,
    0,
    0,
    0,
    0,
    0,
    0,
    0,
    0,
    0,
    0,
    0,
    0,
    0,
    0,
    0,
    0,
    0,
    0,
    0,
    0,
    0,
    0,
    0,
    0,
    0,
    0,
    0,
    0,
    0,
    0,
    0,
    0,
    0,
    0,
    0,
    0,
    0,
    0,
    0,
    0,
    0,
    0,
    1,
    0,
    0,
    0,
    0,
    0,
    0,
    0,
    0,
    0,
    0,
    0,
    0,
    0,
    0,
    0,
    0,
    0,
    0,
    0,
    1,
    1,
    1,
    1,
    1,
    0,
    0,
    0,
    0,
    0,
    1,
    1
  ],
  "y_prob": [
    0.12267137318849564,
    0.12233942747116089,
    0.12884174287319183,
    0.14020533859729767,
    0.1836177259683609,
    0.1234956681728363,
    0.12354424595832825,
    0.16394393146038055,
    0.12470605224370956,
    0.1247699037194252,
    0.12239136546850204,
    0.12203246355056763,
    0.1502423882484436,
    0.13906584680080414,
    0.12197072803974152,
    0.1275402456521988,
    0.12397211790084839,
    0.12552501261234283,
    0.1311519891023636,
    0.12038461863994598,
    0.1226654052734375,
    0.12251584231853485,
    0.13387131690979004,
    0.12152302265167236,
    0.12173394113779068,
    0.12599782645702362,
    0.13090194761753082,
    0.12309524416923523,
    0.12567424774169922,
    0.12177086621522903,
    0.12356071174144745,
    0.12451115250587463,
    0.12071103602647781,
    0.12325266748666763,
    0.12637123465538025,
    0.12846334278583527,
    0.12699691951274872,
    0.12582485377788544,
    0.13722842931747437,
    0.12295237928628922,
    0.1189102753996849,
    0.12011262029409409,
    0.12286115437746048,
    0.39626604318618774,
    0.12477964162826538,
    0.12261227518320084,
    0.13874578475952148,
    0.12384685128927231,
    0.1295909434556961,
    0.12105768173933029,
    0.1261967122554779,
    0.12174604088068008,
    0.12038757652044296,
    0.12351259589195251,
    0.12190623581409454,
    0.12157358974218369,
    0.12316208332777023,
    0.14560218155384064,
    0.12030941992998123,
    0.11927452683448792,
    0.12282141298055649,
    0.13323788344860077,
    0.12930701673030853,
    0.9612134695053101,
    0.9437750577926636,
    0.9589123129844666,
    0.9414335489273071,
    0.9616844654083252,
    0.1261315792798996,
    0.12299694120883942,
    0.12609221041202545,
    0.12559697031974792,
    0.12268051505088806,
    0.4007178246974945,
    0.857215404510498
  ]
}