{
  "y_true": [
    0,
    0,
    0,
    0,
    0,
    0,
    0,
    0,
    0,
    0,
    0,
    0,
    0,
    0,
    0,
    0,
    0,
    0,
    0,
    0,
    0,
    0,
    0,
    0,
    0,
    0,
    0,
    0,
    0,
    0,
    0,
    0,
    0,
    0,
    0,
    0,
    0,
    0,
    0,
    0,
    0,
    0,
    0,
    0,
    0,
    0,
    0,
    0,
    0,
    0,
    0,
    0,
    0,
    0,
    0,
    0,
    0,
    0,
    0,
    0,
    0,
    0,
    0,
    1,
    1,
    1,
    1,
    1,
    1,
    1,
    1,
    1,
    1,
    1,
    1
  ],
  "y_pred": [
    0,
    0,
    0,
    0,
    0,
    0,
    0,
    0,
    0,
    0,
    0,
    0,
    0,
    0,
    0,
    0,
    0,
    0,
    0,
    0,
    0,
    0,
    0,
    0,
    0,
    0,
    0,
    0,
    0,
    0,
    0,
    0,
    0,
    0,
    0,
    0,
    0,
    0,
    0,
    0,
    0,
    0,
    0,
    1,
    0,
    0,
    0,
    0,
    0,
    0,
    0,
    0,
    0,
    0,
    0,
    0,
    0,
    0,
    0,
    0,
    0,
    0,
    0,
    1,
    1,
    1,
    1,
    1,
    0,
    0,
    0,
    0,
    0,
    1,
    1
  ],
  "y_prob": [
    0.031177658587694168,
    0.036667436361312866,
    0.05351827293634415,
    0.10843319445848465,
    0.613616406917572,
    0.029852405190467834,
    0.03029935248196125,
    0.2791679799556732,
    0.03621821478009224,
    0.030436743050813675,
    0.031860098242759705,
    0.03244159370660782,
    0.11705078184604645,
    0.05406329035758972,
    0.035992931574583054,
    0.0349046029150486,
    0.03181249275803566,
    0.05251571908593178,
    0.036398258060216904,
    0.034612592309713364,
    0.03157366067171097,
    0.029231321066617966,
    0.05865039303898811,
    0.0295040775090456,
    0.03120170533657074,
    0.03995588421821594,
    0.041315123438835144,
    0.031496740877628326,
    0.03268158808350563,
    0.03308799862861633,
    0.03329866752028465,
    0.03169189393520355,
    0.030426837503910065,
    0.0388227142393589,
    0.04414128139615059,
    0.036613643169403076,
    0.04429689422249794,
    0.03337506204843521,
    0.07954498380422592,
    0.03773390129208565,
    0.032502129673957825,
    0.030558252707123756,
    0.03210453689098358,
    0.8405713438987732,
    0.0352577306330204,
    0.030158797279000282,
    0.06235058605670929,
    0.03147226944565773,
    0.03740723431110382,
    0.029487915337085724,
    0.039702437818050385,
    0.03202638775110245,
    0.03274071216583252,
    0.033484816551208496,
    0.02958560176193714,
    0.03259459137916565,
    0.04021187871694565,
    0.18347378075122833,
    0.03184241056442261,
    0.03211154416203499,
    0.030795233324170113,
    0.041723739355802536,
    0.09014606475830078,
    0.9531658887863159,
    0.9511231780052185,
    0.9518789052963257,
    0.9530584812164307,
    0.9532525539398193,
    0.03898147493600845,
    0.033991143107414246,
    0.36847907304763794,
    0.05278697609901428,
    0.031576577574014664,
    0.899911642074585,
    0.9448060393333435
  ]
}