{
  "accuracy": 0.92,
  "balanced_accuracy": 0.7837301587301587,
  "precision": 0.875,
  "recall": 0.5833333333333334,
  "f1": 0.7000000000000001,
  "roc_auc": 0.9470899470899471,
  "pr_auc": 0.8413319088319089,
  "class_distribution": {
    "0": 63,
    "1": 12
  },
  "per_class_precision_recall": {
    "class_0": {
      "precision": 0.9253731343283582,
      "recall": 0.9841269841269841
    },
    "class_1": {
      "precision": 0.875,
      "recall": 0.5833333333333334
    }
  },
  "confusion_matrix": {
    "tn": 62,
    "fp": 1,
    "fn": 5,
    "tp": 7
  },
  "confusion_matrix_normalized": {
    "tn": 0.9841269841269841,
    "fp": 0.015873015873015872,
    "fn": 0.4166666666666667,
    "tp": 0.5833333333333334
  },
  "threshold": 0.5499999999999999,
  "n_samples": 75,
  "mean_probability": 0.16381052136421204,
  "pr_curve": {
    "precision": [
      0.16,
      0.16216216216216217,
      0.1643835616438356,
      0.16666666666666666,
      0.16901408450704225,
      0.17142857142857143,
      0.17391304347826086,
      0.17647058823529413,
      0.1791044776119403,
      0.18181818181818182,
      0.18461538461538463,
      0.1875,
      0.19047619047619047,
      0.1935483870967742,
      0.19672131147540983,
      0.2,
      0.2033898305084746,
      0.20689655172413793,
      0.21052631578947367,
      0.21428571428571427,
      0.21818181818181817,
      0.2222222222222222,
      0.22641509433962265,
      0.23076923076923078,
      0.23529411764705882,
      0.24,
      0.24489795918367346,
      0.25,
      0.2553191489361702,
      0.2608695652173913,
      0.26666666666666666,
      0.2727272727272727,
      0.27906976744186046,
      0.2857142857142857,
      0.2926829268292683,
      0.3,
      0.3076923076923077,
      0.3157894736842105,
      0.32432432432432434,
      0.3333333333333333,
      0.34285714285714286,
      0.35294117647058826,
      0.36363636363636365,
      0.375,
      0.3870967741935484,
      0.4,
      0.41379310344827586,
      0.42857142857142855,
      0.4444444444444444,
      0.46153846153846156,
      0.44,
      0.4166666666666667,
      0.43478260869565216,
      0.45454545454545453,
      0.47619047619047616,
      0.5,
      0.5263157894736842,
      0.5555555555555556,
      0.5294117647058824,
      0.5625,
      0.6,
      0.6428571428571429,
      0.6923076923076923,
      0.75,
      0.7272727272727273,
      0.8,
      0.8888888888888888,
      0.875,
      1.0,
      1.0,
      1.0,
      1.0,
      1.0,
      1.0,
      1.0,
      1.0
    ],
    "recall": [
      1.0,
      1.0,
      1.0,
      1.0,
      1.0,
      1.0,
      1.0,
      1.0,
      1.0,
      1.0,
      1.0,
      1.0,
      1.0,
      1.0,
      1.0,
      1.0,
      1.0,
      1.0,
      1.0,
      1.0,
      1.0,
      1.0,
      1.0,
      1.0,
      1.0,
      1.0,
      1.0,
      1.0,
      1.0,
      1.0,
      1.0,
      1.0,
      1.0,
      1.0,
      1.0,
      1.0,
      1.0,
      1.0,
      1.0,
      1.0,
      1.0,
      1.0,
      1.0,
      1.0,
      1.0,
      1.0,
      1.0,
      1.0,
      1.0,
      1.0,
      0.9166666666666666,
      0.8333333333333334,
      0.8333333333333334,
      0.8333333333333334,
      0.8333333333333334,
      0.8333333333333334,
      0.8333333333333334,
      0.8333333333333334,
      0.75,
      0.75,
      0.75,
      0.75,
      0.75,
      0.75,
      0.6666666666666666,
      0.6666666666666666,
      0.6666666666666666,
      0.5833333333333334,
      0.5833333333333334,
      0.5,
      0.4166666666666667,
      0.3333333333333333,
      0.25,
      0.16666666666666666,
      0.08333333333333333,
      0.0
    ],
    "thresholds": [
      0.00565808080136776,
      0.005952527280896902,
      0.006884865928441286,
      0.0075569478794932365,
      0.009039326570928097,
      0.010392320342361927,
      0.01089468877762556,
      0.011521403677761555,
      0.011671395041048527,
      0.012585299089550972,
      0.014628401957452297,
      0.015294709242880344,
      0.015401800163090229,
      0.015639493241906166,
      0.01598459482192993,
      0.01674000918865204,
      0.017455007880926132,
      0.01776712015271187,
      0.018209276720881462,
      0.018324876204133034,
      0.018668552860617638,
      0.020369134843349457,
      0.022978385910391808,
      0.02622380666434765,
      0.02622794732451439,
      0.028950780630111694,
      0.029987670481204987,
      0.03231431171298027,
      0.03362264484167099,
      0.03367376700043678,
      0.03489037603139877,
      0.03583458438515663,
      0.035969894379377365,
      0.036607757210731506,
      0.0369240939617157,
      0.037256766110658646,
      0.03782268986105919,
      0.038683995604515076,
      0.04019429534673691,
      0.04054075852036476,
      0.041817668825387955,
      0.0427887849509716,
      0.044185053557157516,
      0.048782479017972946,
      0.05114471912384033,
      0.059043463319540024,
      0.05926690995693207,
      0.06015907973051071,
      0.0626576766371727,
      0.08004508912563324,
      0.08558272570371628,
      0.08666391670703888,
      0.0924244374036789,
      0.0994357243180275,
      0.10904431343078613,
      0.12857475876808167,
      0.13645291328430176,
      0.15806640684604645,
      0.18908172845840454,
      0.19454023241996765,
      0.20506538450717926,
      0.2134057581424713,
      0.24593032896518707,
      0.25900134444236755,
      0.2692754864692688,
      0.3118838667869568,
      0.4803667962551117,
      0.699674129486084,
      0.9440400004386902,
      0.9604912400245667,
      0.9764140248298645,
      0.9943549633026123,
      0.9952757358551025,
      0.9976256489753723,
      0.9978825449943542
    ]
  }
}