{
  "y_true": [
    0,
    0,
    0,
    0,
    0,
    0,
    0,
    0,
    0,
    0,
    0,
    0,
    0,
    0,
    0,
    0,
    0,
    0,
    0,
    0,
    0,
    0,
    0,
    0,
    0,
    0,
    0,
    0,
    0,
    0,
    0,
    0,
    0,
    0,
    0,
    0,
    0,
    0,
    0,
    0,
    0,
    0,
    0,
    0,
    0,
    0,
    0,
    0,
    0,
    0,
    0,
    0,
    0,
    0,
    0,
    0,
    0,
    0,
    0,
    0,
    0,
    0,
    0,
    1,
    1,
    1,
    1,
    1,
    1,
    1,
    1,
    1,
    1,
    1,
    1
  ],
  "y_pred": [
    0,
    0,
    0,
    0,
    1,
    0,
    0,
    0,
    0,
    0,
    0,
    0,
    0,
    0,
    0,
    0,
    0,
    0,
    0,
    0,
    0,
    0,
    0,
    0,
    0,
    0,
    0,
    0,
    0,
    0,
    0,
    0,
    0,
    0,
    0,
    0,
    0,
    0,
    0,
    0,
    0,
    0,
    0,
    0,
    0,
    0,
    0,
    0,
    0,
    0,
    0,
    0,
    0,
    0,
    0,
    0,
    0,
    0,
    0,
    0,
    0,
    0,
    0,
    1,
    1,
    1,
    1,
    1,
    0,
    0,
    0,
    0,
    0,
    1,
    1
  ],
  "y_prob": [
    0.10904431343078613,
    0.048782479017972946,
    0.3118838667869568,
    0.19454023241996765,
    0.699674129486084,
    0.01674000918865204,
    0.015639493241906166,
    0.0369240939617157,
    0.06015907973051071,
    0.03367376700043678,
    0.02622380666434765,
    0.03782268986105919,
    0.015294709242880344,
    0.01089468877762556,
    0.01776712015271187,
    0.011521403677761555,
    0.041817668825387955,
    0.2692754864692688,
    0.059043463319540024,
    0.038683995604515076,
    0.03583458438515663,
    0.01598459482192993,
    0.0626576766371727,
    0.009039326570928097,
    0.014628401957452297,
    0.03489037603139877,
    0.03362264484167099,
    0.04054075852036476,
    0.036607757210731506,
    0.020369134843349457,
    0.010392320342361927,
    0.017455007880926132,
    0.018324876204133034,
    0.24593032896518707,
    0.13645291328430176,
    0.0924244374036789,
    0.022978385910391808,
    0.2134057581424713,
    0.05926690995693207,
    0.04019429534673691,
    0.0427887849509716,
    0.037256766110658646,
    0.03231431171298027,
    0.18908172845840454,
    0.044185053557157516,
    0.035969894379377365,
    0.029987670481204987,
    0.0075569478794932365,
    0.02622794732451439,
    0.011671395041048527,
    0.12857475876808167,
    0.00565808080136776,
    0.015401800163090229,
    0.028950780630111694,
    0.006884865928441286,
    0.012585299089550972,
    0.20506538450717926,
    0.08666391670703888,
    0.05114471912384033,
    0.018668552860617638,
    0.018209276720881462,
    0.005952527280896902,
    0.0994357243180275,
    0.9976256489753723,
    0.9440400004386902,
    0.9764140248298645,
    0.9952757358551025,
    0.9978825449943542,
    0.25900134444236755,
    0.08558272570371628,
    0.15806640684604645,
    0.4803667962551117,
    0.08004508912563324,
    0.9604912400245667,
    0.9943549633026123
  ]
}