{
  "model": "moving_average",
  "seed": 43,
  "train": {
    "mode": "baseline",
    "results_dir": "results\\multi_seed_iteration5_transformer\\moving_average\\seed_43",
    "params": 0,
    "runtime_seconds": 0.048895835876464844
  },
  "eval": {
    "accuracy": 0.18666666666666668,
    "balanced_accuracy": 0.4821428571428571,
    "precision": 0.15492957746478872,
    "recall": 0.9166666666666666,
    "f1": 0.26506024096385544,
    "roc_auc": 0.33333333333333337,
    "pr_auc": 0.13076782423149375,
    "class_distribution": {
      "0": 63,
      "1": 12
    },
    "per_class_precision_recall": {
      "class_0": {
        "precision": 0.75,
        "recall": 0.047619047619047616
      },
      "class_1": {
        "precision": 0.15492957746478872,
        "recall": 0.9166666666666666
      }
    },
    "confusion_matrix": {
      "tn": 3,
      "fp": 60,
      "fn": 1,
      "tp": 11
    },
    "confusion_matrix_normalized": {
      "tn": 0.047619047619047616,
      "fp": 0.9523809523809523,
      "fn": 0.08333333333333333,
      "tp": 0.9166666666666666
    },
    "threshold": 0.39999999999999997,
    "n_samples": 75,
    "mean_probability": 0.5115612745285034
  },
  "metadata": {
    "input_dim": 30,
    "split_strategy": "group",
    "n_train": 350,
    "n_val": 75,
    "n_test": 75,
    "train_sensor_ids": [
      "231",
      "349",
      "405",
      "125",
      "131",
      "179",
      "319",
      "313",
      "232",
      "380",
      "98",
      "215",
      "123",
      "280",
      "49",
      "242",
      "189",
      "312",
      "12",
      "40",
      "211",
      "163",
      "165",
      "89",
      "161",
      "311",
      "256",
      "272",
      "327",
      "233",
      "82",
      "325",
      "402",
      "259",
      "337",
      "37",
      "101",
      "244",
      "191",
      "186",
      "93",
      "25",
      "53",
      "210",
      "251",
      "237",
      "321",
      "192",
      "187",
      "110",
      "302",
      "372",
      "354",
      "181",
      "32",
      "38",
      "183",
      "104",
      "246",
      "116",
      "293",
      "359",
      "134",
      "418",
      "8",
      "415",
      "332",
      "102",
      "422",
      "58",
      "107",
      "0",
      "214",
      "289",
      "45",
      "47",
      "216",
      "76",
      "305",
      "292",
      "356",
      "19",
      "389",
      "85",
      "63",
      "375",
      "295",
      "384",
      "274",
      "262",
      "300",
      "387",
      "162",
      "97",
      "315",
      "149",
      "190",
      "213",
      "261",
      "254",
      "240",
      "178",
      "286",
      "5",
      "220",
      "206",
      "318",
      "381",
      "366",
      "39",
      "355",
      "243",
      "371",
      "22",
      "420",
      "226",
      "296",
      "342",
      "409",
      "324",
      "6",
      "340",
      "159",
      "202",
      "378",
      "382",
      "348",
      "314",
      "88",
      "139",
      "290",
      "267",
      "396",
      "128",
      "225",
      "227",
      "91",
      "336",
      "424",
      "153",
      "66",
      "168",
      "36",
      "14",
      "248",
      "306",
      "399",
      "79",
      "173",
      "200",
      "48",
      "413",
      "61",
      "417",
      "358",
      "7",
      "317",
      "13",
      "50",
      "303",
      "77",
      "203",
      "177",
      "112",
      "282",
      "195",
      "204",
      "35",
      "137",
      "395",
      "111",
      "90",
      "273",
      "143",
      "43",
      "151",
      "367",
      "118",
      "264",
      "320",
      "3",
      "103",
      "238",
      "51",
      "288",
      "388",
      "391",
      "383",
      "83",
      "94",
      "46",
      "199",
      "400",
      "197",
      "239",
      "65",
      "21",
      "52",
      "270",
      "60",
      "393",
      "283",
      "297",
      "401",
      "167",
      "353",
      "252",
      "229",
      "95",
      "31",
      "414",
      "207",
      "146",
      "266",
      "10",
      "338",
      "171",
      "92",
      "176",
      "260",
      "209",
      "114",
      "392",
      "247",
      "291",
      "160",
      "26",
      "208",
      "16",
      "119",
      "108",
      "86",
      "323",
      "154",
      "361",
      "132",
      "230",
      "222",
      "129",
      "411",
      "69",
      "170",
      "54",
      "75",
      "322",
      "412",
      "34",
      "122",
      "196",
      "351",
      "144",
      "194",
      "241",
      "228",
      "344",
      "84",
      "390",
      "100",
      "212",
      "17",
      "279",
      "304",
      "158",
      "2",
      "219",
      "406",
      "15",
      "330",
      "33",
      "333",
      "109",
      "11",
      "70",
      "347",
      "329",
      "423",
      "44",
      "201",
      "278",
      "275",
      "198",
      "357",
      "257",
      "20",
      "236",
      "205",
      "360",
      "185",
      "180",
      "346",
      "41",
      "121",
      "258",
      "281",
      "249",
      "287",
      "218",
      "284",
      "428",
      "461",
      "491",
      "470",
      "441",
      "456",
      "462",
      "482",
      "459",
      "487",
      "472",
      "435",
      "449",
      "451",
      "471",
      "439",
      "436",
      "490",
      "499",
      "442",
      "446",
      "481",
      "497",
      "483",
      "464",
      "479",
      "444",
      "480",
      "473",
      "455",
      "476",
      "453",
      "478",
      "465",
      "443",
      "485",
      "486",
      "447",
      "493",
      "494",
      "474",
      "469",
      "460",
      "498",
      "467",
      "437",
      "477",
      "468",
      "495",
      "452",
      "432",
      "466"
    ],
    "val_sensor_ids": [
      "62",
      "188",
      "285",
      "193",
      "140",
      "113",
      "394",
      "276",
      "255",
      "308",
      "217",
      "87",
      "343",
      "152",
      "253",
      "105",
      "416",
      "73",
      "74",
      "1",
      "166",
      "99",
      "369",
      "301",
      "294",
      "345",
      "148",
      "24",
      "362",
      "71",
      "138",
      "67",
      "263",
      "136",
      "376",
      "29",
      "316",
      "117",
      "78",
      "265",
      "96",
      "235",
      "150",
      "403",
      "352",
      "130",
      "377",
      "408",
      "56",
      "268",
      "221",
      "370",
      "59",
      "245",
      "135",
      "156",
      "175",
      "30",
      "404",
      "341",
      "421",
      "250",
      "397",
      "309",
      "429",
      "463",
      "458",
      "425",
      "433",
      "430",
      "450",
      "431",
      "448",
      "445",
      "496"
    ],
    "test_sensor_ids": [
      "385",
      "141",
      "55",
      "410",
      "398",
      "4",
      "368",
      "145",
      "80",
      "339",
      "133",
      "224",
      "234",
      "174",
      "57",
      "184",
      "126",
      "365",
      "120",
      "127",
      "72",
      "182",
      "363",
      "223",
      "331",
      "373",
      "277",
      "157",
      "326",
      "334",
      "172",
      "9",
      "169",
      "271",
      "155",
      "147",
      "124",
      "18",
      "28",
      "299",
      "64",
      "350",
      "386",
      "27",
      "364",
      "298",
      "335",
      "106",
      "379",
      "328",
      "374",
      "307",
      "142",
      "81",
      "42",
      "407",
      "269",
      "310",
      "164",
      "68",
      "419",
      "23",
      "115",
      "426",
      "488",
      "454",
      "475",
      "492",
      "489",
      "457",
      "427",
      "440",
      "438",
      "484",
      "434"
    ],
    "dataset_statistics": {
      "n_samples": 500,
      "sequence_length": {
        "min": 64,
        "max": 64,
        "mean": 64.0,
        "std": 0.0
      },