{
  "confusion_matrix": {
    "tn": 61,
    "fp": 2,
    "fn": 3,
    "tp": 9
  },
  "confusion_matrix_normalized": {
    "tn": 0.9682539682539683,
    "fp": 0.031746031746031744,
    "fn": 0.25,
    "tp": 0.75
  }
}