{
  "accuracy": 0.9333333333333333,
  "balanced_accuracy": 0.8591269841269842,
  "precision": 0.8181818181818182,
  "recall": 0.75,
  "f1": 0.7826086956521738,
  "roc_auc": 0.9166666666666666,
  "pr_auc": 0.7887239328771588,
  "class_distribution": {
    "0": 63,
    "1": 12
  },
  "per_class_precision_recall": {
    "class_0": {
      "precision": 0.953125,
      "recall": 0.9682539682539683
    },
    "class_1": {
      "precision": 0.8181818181818182,
      "recall": 0.75
    }
  },
  "confusion_matrix": {
    "tn": 61,
    "fp": 2,
    "fn": 3,
    "tp": 9
  },
  "confusion_matrix_normalized": {
    "tn": 0.9682539682539683,
    "fp": 0.031746031746031744,
    "fn": 0.25,
    "tp": 0.75
  },
  "threshold": 0.7,
  "n_samples": 75,
  "mean_probability": 0.16109918057918549
}