{
  "accuracy": 0.9066666666666666,
  "balanced_accuracy": 0.7420634920634921,
  "precision": 0.8571428571428571,
  "recall": 0.5,
  "f1": 0.631578947368421,
  "roc_auc": 0.7447089947089948,
  "pr_auc": 0.6563241878056637,
  "class_distribution": {
    "0": 63,
    "1": 12
  },
  "per_class_precision_recall": {
    "class_0": {
      "precision": 0.9117647058823529,
      "recall": 0.9841269841269841
    },
    "class_1": {
      "precision": 0.8571428571428571,
      "recall": 0.5
    }
  },
  "confusion_matrix": {
    "tn": 62,
    "fp": 1,
    "fn": 6,
    "tp": 6
  },
  "confusion_matrix_normalized": {
    "tn": 0.9841269841269841,
    "fp": 0.015873015873015872,
    "fn": 0.5,
    "tp": 0.5
  },
  "threshold": 0.44999999999999996,
  "n_samples": 75,
  "mean_probability": 0.2268722504377365,
  "pr_curve": {
    "precision": [
      0.16,
      0.16216216216216217,
      0.1643835616438356,
      0.16666666666666666,
      0.16901408450704225,
      0.17142857142857143,
      0.17391304347826086,
      0.17647058823529413,
      0.1791044776119403,
      0.18181818181818182,
      0.18461538461538463,
      0.1875,
      0.19047619047619047,
      0.1935483870967742,
      0.18032786885245902,
      0.18333333333333332,
      0.1864406779661017,
      0.1896551724137931,
      0.19298245614035087,
      0.17857142857142858,
      0.18181818181818182,
      0.18518518518518517,
      0.18867924528301888,
      0.19230769230769232,
      0.19607843137254902,
      0.2,
      0.20408163265306123,
      0.1875,
      0.1702127659574468,
      0.17391304347826086,
      0.17777777777777778,
      0.18181818181818182,
      0.18604651162790697,
      0.19047619047619047,
      0.1951219512195122,
      0.2,
      0.20512820512820512,
      0.21052631578947367,
      0.21621621621621623,
      0.2222222222222222,
      0.22857142857142856,
      0.23529411764705882,
      0.24242424242424243,
      0.25,
      0.25806451612903225,
      0.26666666666666666,
      0.27586206896551724,
      0.2857142857142857,
      0.2962962962962963,
      0.3076923076923077,
      0.32,
      0.2916666666666667,
      0.30434782608695654,
      0.3181818181818182,
      0.3333333333333333,
      0.35,
      0.3684210526315789,
      0.3888888888888889,
      0.4117647058823529,
      0.4375,
      0.4666666666666667,
      0.5,
      0.5384615384615384,
      0.5833333333333334,
      0.6363636363636364,
      0.7,
      0.7777777777777778,
      0.75,
      0.8571428571428571,
      1.0,
      1.0,
      1.0,
      1.0,
      1.0,
      1.0,
      1.0
    ],
    "recall": [
      1.0,
      1.0,
      1.0,
      1.0,
      1.0,
      1.0,
      1.0,
      1.0,
      1.0,
      1.0,
      1.0,
      1.0,
      1.0,
      1.0,
      0.9166666666666666,
      0.9166666666666666,
      0.9166666666666666,
      0.9166666666666666,
      0.9166666666666666,
      0.8333333333333334,
      0.8333333333333334,
      0.8333333333333334,
      0.8333333333333334,
      0.8333333333333334,
      0.8333333333333334,
      0.8333333333333334,
      0.8333333333333334,
      0.75,
      0.6666666666666666,
      0.6666666666666666,
      0.6666666666666666,
      0.6666666666666666,
      0.6666666666666666,
      0.6666666666666666,
      0.6666666666666666,
      0.6666666666666666,
      0.6666666666666666,
      0.6666666666666666,
      0.6666666666666666,
      0.6666666666666666,
      0.6666666666666666,
      0.6666666666666666,
      0.6666666666666666,
      0.6666666666666666,
      0.6666666666666666,
      0.6666666666666666,
      0.6666666666666666,
      0.6666666666666666,
      0.6666666666666666,
      0.6666666666666666,
      0.6666666666666666,
      0.5833333333333334,
      0.5833333333333334,
      0.5833333333333334,
      0.5833333333333334,
      0.5833333333333334,
      0.5833333333333334,
      0.5833333333333334,
      0.5833333333333334,
      0.5833333333333334,
      0.5833333333333334,
      0.5833333333333334,
      0.5833333333333334,
      0.5833333333333334,
      0.5833333333333334,
      0.5833333333333334,
      0.5833333333333334,
      0.5,
      0.5,
      0.5,
      0.4166666666666667,
      0.3333333333333333,
      0.25,
      0.16666666666666666,
      0.08333333333333333,
      0.0
    ],
    "thresholds": [
      0.14520813524723053,
      0.14582175016403198,
      0.1462181657552719,
      0.14762547612190247,
      0.14766789972782135,
      0.14771486818790436,
      0.14786285161972046,
      0.14796003699302673,
      0.1480441689491272,
      0.14818701148033142,
      0.14830458164215088,
      0.14866800606250763,
      0.14889682829380035,
      0.14915409684181213,
      0.14921671152114868,
      0.14930637180805206,
      0.14946651458740234,
      0.14958858489990234,
      0.14962969720363617,
      0.14969104528427124,
      0.14976730942726135,
      0.1502988338470459,
      0.15035538375377655,
      0.1504133641719818,
      0.15045477449893951,
      0.15065829455852509,
      0.15074290335178375,
      0.1507652997970581,
      0.15077516436576843,
      0.15092897415161133,
      0.15100929141044617,
      0.15105116367340088,
      0.15106068551540375,
      0.15124934911727905,
      0.15126067399978638,
      0.15130405128002167,
      0.15165819227695465,
      0.1516881138086319,
      0.15178188681602478,
      0.1520930379629135,
      0.15235960483551025,
      0.15248507261276245,
      0.15254683792591095,
      0.15256543457508087,
      0.15261010825634003,
      0.15262803435325623,
      0.1527109295129776,
      0.15277542173862457,
      0.1535111367702484,
      0.15356165170669556,
      0.15381234884262085,
      0.1540924310684204,
      0.15476354956626892,
      0.15570753812789917,
      0.15609635412693024,
      0.1575564444065094,
      0.1580948531627655,
      0.16344575583934784,
      0.16462485492229462,
      0.1646704226732254,
      0.1700882762670517,
      0.1843552589416504,
      0.1914430558681488,
      0.21202833950519562,
      0.22351104021072388,
      0.2875104546546936,
      0.36769697070121765,
      0.4108687937259674,
      0.4635499119758606,
      0.8756221532821655,
      0.8841451406478882,
      0.9116955399513245,
      0.9117469191551208,
      0.9126624464988708,
      0.9143255949020386
    ]
  }
}