{
  "y_true": [
    0,
    0,
    0,
    0,
    0,
    0,
    0,
    0,
    0,
    0,
    0,
    0,
    0,
    0,
    0,
    0,
    0,
    0,
    0,
    0,
    0,
    0,
    0,
    0,
    0,
    0,
    0,
    0,
    0,
    0,
    0,
    0,
    0,
    0,
    0,
    0,
    0,
    0,
    0,
    0,
    0,
    0,
    0,
    0,
    0,
    0,
    0,
    0,
    0,
    0,
    0,
    0,
    0,
    0,
    0,
    0,
    0,
    0,
    0,
    0,
    0,
    0,
    0,
    1,
    1,
    1,
    1,
    1,
    1,
    1,
    1,
    1,
    1,
    1,
    1
  ],
  "y_pred": [
    0,
    0,
    0,
    0,
    0,
    0,
    0,
    0,
    0,
    0,
    0,
    0,
    0,
    0,
    0,
    0,
    0,
    0,
    0,
    0,
    0,
    0,
    0,
    0,
    0,
    0,
    0,
    0,
    0,
    0,
    0,
    0,
    0,
    0,
    0,
    0,
    0,
    0,
    0,
    0,
    0,
    0,
    0,
    1,
    0,
    0,
    0,
    0,
    0,
    0,
    0,
    0,
    0,
    0,
    0,
    0,
    0,
    0,
    0,
    0,
    0,
    0,
    0,
    1,
    1,
    1,
    1,
    1,
    0,
    0,
    0,
    0,
    0,
    0,
    1
  ],
  "y_prob": [
    0.14921671152114868,
    0.1480441689491272,
    0.15356165170669556,
    0.4108687937259674,
    0.2875104546546936,
    0.14771486818790436,
    0.14958858489990234,
    0.22351104021072388,
    0.1504133641719818,
    0.15178188681602478,
    0.15077516436576843,
    0.15130405128002167,
    0.1914430558681488,
    0.16344575583934784,
    0.1516881138086319,
    0.15476354956626892,
    0.1502988338470459,
    0.15256543457508087,
    0.15248507261276245,
    0.1520930379629135,
    0.15165819227695465,
    0.14762547612190247,
    0.16462485492229462,
    0.14818701148033142,
    0.15126067399978638,
    0.14520813524723053,
    0.1575564444065094,
    0.15065829455852509,
    0.15124934911727905,
    0.14946651458740234,
    0.15105116367340088,
    0.14796003699302673,
    0.14969104528427124,
    0.14889682829380035,
    0.15261010825634003,
    0.14976730942726135,
    0.15570753812789917,
    0.14866800606250763,
    0.1843552589416504,
    0.15262803435325623,
    0.1527109295129776,
    0.15092897415161133,
    0.14582175016403198,
    0.4635499119758606,
    0.21202833950519562,
    0.1535111367702484,
    0.1700882762670517,
    0.14786285161972046,
    0.15609635412693024,
    0.14766789972782135,
    0.1540924310684204,
    0.15100929141044617,
    0.15254683792591095,
    0.14930637180805206,
    0.14830458164215088,
    0.15035538375377655,
    0.15045477449893951,
    0.1646704226732254,
    0.15277542173862457,
    0.15106068551540375,
    0.1462181657552719,
    0.1580948531627655,
    0.15235960483551025,
    0.9117469191551208,
    0.8756221532821655,
    0.9126624464988708,
    0.9116955399513245,
    0.9143255949020386,
    0.15074290335178375,
    0.14915409684181213,
    0.15381234884262085,
    0.1507652997970581,
    0.14962969720363617,
    0.36769697070121765,
    0.8841451406478882
  ]
}