model,seed,accuracy,balanced_accuracy,precision,recall,f1,roc_auc,pr_auc,params,runtime_seconds
majority,42,0.84,0.5,0.0,0.0,0.0,0.5,0.16,0,0.02294921875
majority,43,0.84,0.5,0.0,0.0,0.0,0.5,0.16,0,0.02344989776611328
majority,44,0.84,0.5,0.0,0.0,0.0,0.5,0.16,0,0.025096893310546875
majority,45,0.84,0.5,0.0,0.0,0.0,0.5,0.16,0,0.02225041389465332
majority,46,0.84,0.5,0.0,0.0,0.0,0.5,0.16,0,0.024364948272705078
