{
  "accuracy": 0.92,
  "balanced_accuracy": 0.7837301587301587,
  "precision": 0.875,
  "recall": 0.5833333333333334,
  "f1": 0.7000000000000001,
  "roc_auc": 0.8148148148148148,
  "pr_auc": 0.7129673831053274,
  "class_distribution": {
    "0": 63,
    "1": 12
  },
  "per_class_precision_recall": {
    "class_0": {
      "precision": 0.9253731343283582,
      "recall": 0.9841269841269841
    },
    "class_1": {
      "precision": 0.875,
      "recall": 0.5833333333333334
    }
  },
  "confusion_matrix": {
    "tn": 62,
    "fp": 1,
    "fn": 5,
    "tp": 7
  },
  "confusion_matrix_normalized": {
    "tn": 0.9841269841269841,
    "fp": 0.015873015873015872,
    "fn": 0.4166666666666667,
    "tp": 0.5833333333333334
  },
  "threshold": 0.39999999999999997,
  "n_samples": 75,
  "mean_probability": 0.17618604004383087,
  "pr_curve": {
    "precision": [
      0.16,
      0.16216216216216217,
      0.1643835616438356,
      0.16666666666666666,
      0.16901408450704225,
      0.17142857142857143,
      0.17391304347826086,
      0.16176470588235295,
      0.16417910447761194,
      0.16666666666666666,
      0.16923076923076924,
      0.171875,
      0.1746031746031746,
      0.1774193548387097,
      0.18032786885245902,
      0.18333333333333332,
      0.1864406779661017,
      0.1896551724137931,
      0.19298245614035087,
      0.19642857142857142,
      0.2,
      0.2037037037037037,
      0.20754716981132076,
      0.21153846153846154,
      0.21568627450980393,
      0.22,
      0.22448979591836735,
      0.22916666666666666,
      0.23404255319148937,
      0.21739130434782608,
      0.2222222222222222,
      0.22727272727272727,
      0.23255813953488372,
      0.23809523809523808,
      0.24390243902439024,
      0.25,
      0.2564102564102564,
      0.2631578947368421,
      0.2702702702702703,
      0.2777777777777778,
      0.2857142857142857,
      0.29411764705882354,
      0.2727272727272727,
      0.28125,
      0.2903225806451613,
      0.3,
      0.3103448275862069,
      0.32142857142857145,
      0.3333333333333333,
      0.34615384615384615,
      0.36,
      0.375,
      0.391304347826087,
      0.4090909090909091,
      0.38095238095238093,
      0.4,
      0.42105263157894735,
      0.4444444444444444,
      0.4117647058823529,
      0.4375,
      0.4666666666666667,
      0.5,
      0.5384615384615384,
      0.5833333333333334,
      0.6363636363636364,
      0.7,
      0.7777777777777778,
      0.875,
      1.0,
      1.0,
      1.0,
      1.0,
      1.0,
      1.0,
      1.0,
      1.0
    ],
    "recall": [
      1.0,
      1.0,
      1.0,
      1.0,
      1.0,
      1.0,
      1.0,
      0.9166666666666666,
      0.9166666666666666,
      0.9166666666666666,
      0.9166666666666666,
      0.9166666666666666,
      0.9166666666666666,
      0.9166666666666666,
      0.9166666666666666,
      0.9166666666666666,
      0.9166666666666666,
      0.9166666666666666,
      0.9166666666666666,
      0.9166666666666666,
      0.9166666666666666,
      0.9166666666666666,
      0.9166666666666666,
      0.9166666666666666,
      0.9166666666666666,
      0.9166666666666666,
      0.9166666666666666,
      0.9166666666666666,
      0.9166666666666666,
      0.8333333333333334,
      0.8333333333333334,
      0.8333333333333334,
      0.8333333333333334,
      0.8333333333333334,
      0.8333333333333334,
      0.8333333333333334,
      0.8333333333333334,
      0.8333333333333334,
      0.8333333333333334,
      0.8333333333333334,
      0.8333333333333334,
      0.8333333333333334,
      0.75,
      0.75,
      0.75,
      0.75,
      0.75,
      0.75,
      0.75,
      0.75,
      0.75,
      0.75,
      0.75,
      0.75,
      0.6666666666666666,
      0.6666666666666666,
      0.6666666666666666,
      0.6666666666666666,
      0.5833333333333334,
      0.5833333333333334,
      0.5833333333333334,
      0.5833333333333334,
      0.5833333333333334,
      0.5833333333333334,
      0.5833333333333334,
      0.5833333333333334,
      0.5833333333333334,
      0.5833333333333334,
      0.5833333333333334,
      0.5,
      0.4166666666666667,
      0.3333333333333333,
      0.25,
      0.16666666666666666,
      0.08333333333333333,
      0.0
    ],
    "thresholds": [
      0.08313153684139252,
      0.08345311880111694,
      0.08356063067913055,
      0.08417542278766632,
      0.0841967985033989,
      0.08494434505701065,
      0.08495542407035828,
      0.08505716174840927,
      0.0853918269276619,
      0.08541765064001083,
      0.08545742928981781,
      0.08568503707647324,
      0.08570247888565063,
      0.08575931191444397,
      0.0861121416091919,
      0.08624567836523056,
      0.08657107502222061,
      0.08657324314117432,
      0.08658193796873093,
      0.08678305149078369,
      0.08680558204650879,
      0.08688835799694061,
      0.08694262057542801,
      0.08709816634654999,
      0.08715881407260895,
      0.0871996283531189,
      0.08724542707204819,
      0.08732321113348007,
      0.08735639601945877,
      0.08735749125480652,
      0.08739804476499557,
      0.08751097321510315,
      0.08765549212694168,
      0.08772122859954834,
      0.08801168203353882,
      0.08868978917598724,
      0.08874017745256424,
      0.08892799913883209,
      0.08893449604511261,
      0.08894934505224228,
      0.0890045240521431,
      0.08919055759906769,
      0.08969202637672424,
      0.09019652009010315,
      0.0903870016336441,
      0.09052356332540512,
      0.09095938503742218,
      0.09139036387205124,
      0.09149397164583206,
      0.09196743369102478,
      0.0926588922739029,
      0.0928349569439888,
      0.09298820793628693,
      0.09418382495641708,
      0.09482365846633911,
      0.09737379848957062,
      0.10031061619520187,
      0.10041956603527069,
      0.10430136322975159,
      0.10588475316762924,
      0.10813718289136887,
      0.11136385798454285,
      0.1141316369175911,
      0.11477003246545792,
      0.13028930127620697,
      0.17998234927654266,
      0.22721271216869354,
      0.7140560150146484,
      0.738347053527832,
      0.860795259475708,
      0.8838598728179932,
      0.894975483417511,
      0.9314143061637878,
      0.9317625761032104,
      0.9325999617576599
    ]
  }
}