{
  "y_true": [
    0,
    0,
    0,
    0,
    0,
    0,
    0,
    0,
    0,
    0,
    0,
    0,
    0,
    0,
    0,
    0,
    0,
    0,
    0,
    0,
    0,
    0,
    0,
    0,
    0,
    0,
    0,
    0,
    0,
    0,
    0,
    0,
    0,
    0,
    0,
    0,
    0,
    0,
    0,
    0,
    0,
    0,
    0,
    0,
    0,
    0,
    0,
    0,
    0,
    0,
    0,
    0,
    0,
    0,
    0,
    0,
    0,
    0,
    0,
    0,
    0,
    0,
    0,
    1,
    1,
    1,
    1,
    1,
    1,
    1,
    1,
    1,
    1,
    1,
    1
  ],
  "y_pred": [
    0,
    0,
    0,
    0,
    0,
    0,
    0,
    0,
    0,
    0,
    0,
    0,
    0,
    0,
    0,
    0,
    0,
    0,
    0,
    0,
    0,
    0,
    0,
    0,
    0,
    0,
    0,
    0,
    0,
    0,
    0,
    0,
    0,
    0,
    0,
    0,
    0,
    0,
    0,
    0,
    0,
    0,
    0,
    1,
    0,
    0,
    0,
    0,
    0,
    0,
    0,
    0,
    0,
    0,
    0,
    0,
    0,
    0,
    0,
    0,
    0,
    0,
    0,
    1,
    1,
    1,
    1,
    1,
    0,
    0,
    0,
    0,
    0,
    1,
    1
  ],
  "y_prob": [
    0.0853918269276619,
    0.08658193796873093,
    0.0928349569439888,
    0.09482365846633911,
    0.17998234927654266,
    0.08417542278766632,
    0.08688835799694061,
    0.22721271216869354,
    0.08575931191444397,
    0.09139036387205124,
    0.08739804476499557,
    0.0890045240521431,
    0.11477003246545792,
    0.09149397164583206,
    0.08732321113348007,
    0.08893449604511261,
    0.08345311880111694,
    0.09052356332540512,
    0.09298820793628693,
    0.08657324314117432,
    0.08709816634654999,
    0.08313153684139252,
    0.10430136322975159,
    0.08678305149078369,
    0.08868978917598724,
    0.08751097321510315,
    0.09737379848957062,
    0.08894934505224228,
    0.0903870016336441,
    0.08724542707204819,
    0.09019652009010315,
    0.08735749125480652,
    0.0861121416091919,
    0.09095938503742218,
    0.0871996283531189,
    0.08624567836523056,
    0.08801168203353882,
    0.08657107502222061,
    0.11136385798454285,
    0.10031061619520187,
    0.08505716174840927,
    0.08568503707647324,
    0.08356063067913055,
    0.7140560150146484,
    0.08874017745256424,
    0.08570247888565063,
    0.1141316369175911,
    0.08772122859954834,
    0.09196743369102478,
    0.08494434505701065,
    0.08969202637672424,
    0.08892799913883209,
    0.08694262057542801,
    0.08765549212694168,
    0.08541765064001083,
    0.08715881407260895,
    0.0926588922739029,
    0.13028930127620697,
    0.08680558204650879,
    0.08545742928981781,
    0.0841967985033989,
    0.10588475316762924,
    0.10813718289136887,
    0.9325999617576599,
    0.894975483417511,
    0.9317625761032104,
    0.8838598728179932,
    0.9314143061637878,
    0.08495542407035828,
    0.08919055759906769,
    0.10041956603527069,
    0.09418382495641708,
    0.08735639601945877,
    0.738347053527832,
    0.860795259475708
  ]
}