{
  "precision": [
    0.16,
    0.16216216216216217,
    0.1643835616438356,
    0.16666666666666666,
    0.16901408450704225,
    0.17142857142857143,
    0.17391304347826086,
    0.17647058823529413,
    0.1791044776119403,
    0.18181818181818182,
    0.18461538461538463,
    0.1875,
    0.19047619047619047,
    0.1935483870967742,
    0.19672131147540983,
    0.2,
    0.2033898305084746,
    0.20689655172413793,
    0.21052631578947367,
    0.21428571428571427,
    0.21818181818181817,
    0.2222222222222222,
    0.22641509433962265,
    0.23076923076923078,
    0.23529411764705882,
    0.24,
    0.24489795918367346,
    0.25,
    0.2553191489361702,
    0.2608695652173913,
    0.26666666666666666,
    0.2727272727272727,
    0.27906976744186046,
    0.2857142857142857,
    0.2926829268292683,
    0.3,
    0.3076923076923077,
    0.3157894736842105,
    0.32432432432432434,
    0.3333333333333333,
    0.34285714285714286,
    0.35294117647058826,
    0.36363636363636365,
    0.375,
    0.3870967741935484,
    0.4,
    0.41379310344827586,
    0.39285714285714285,
    0.4074074074074074,
    0.4230769230769231,
    0.44,
    0.4583333333333333,
    0.4782608695652174,
    0.5,
    0.5238095238095238,
    0.55,
    0.5263157894736842,
    0.5555555555555556,
    0.5882352941176471,
    0.625,
    0.6666666666666666,
    0.7142857142857143,
    0.7692307692307693,
    0.8333333333333334,
    0.9090909090909091,
    0.9,
    0.8888888888888888,
    0.875,
    1.0,
    1.0,
    1.0,
    1.0,
    1.0,
    1.0,
    1.0,
    1.0
  ],
  "recall": [
    1.0,
    1.0,
    1.0,
    1.0,
    1.0,
    1.0,
    1.0,
    1.0,
    1.0,
    1.0,
    1.0,
    1.0,
    1.0,
    1.0,
    1.0,
    1.0,
    1.0,
    1.0,
    1.0,
    1.0,
    1.0,
    1.0,
    1.0,
    1.0,
    1.0,
    1.0,
    1.0,
    1.0,
    1.0,
    1.0,
    1.0,
    1.0,
    1.0,
    1.0,
    1.0,
    1.0,
    1.0,
    1.0,
    1.0,
    1.0,
    1.0,
    1.0,
    1.0,
    1.0,
    1.0,
    1.0,
    1.0,
    0.9166666666666666,
    0.9166666666666666,
    0.9166666666666666,
    0.9166666666666666,
    0.9166666666666666,
    0.9166666666666666,
    0.9166666666666666,
    0.9166666666666666,
    0.9166666666666666,
    0.8333333333333334,
    0.8333333333333334,
    0.8333333333333334,
    0.8333333333333334,
    0.8333333333333334,
    0.8333333333333334,
    0.8333333333333334,
    0.8333333333333334,
    0.8333333333333334,
    0.75,
    0.6666666666666666,
    0.5833333333333334,
    0.5833333333333334,
    0.5,
    0.4166666666666667,
    0.3333333333333333,
    0.25,
    0.16666666666666666,
    0.08333333333333333,
    0.0
  ],
  "thresholds": [
    0.0034634775947779417,
    0.003507997840642929,
    0.0036868774332106113,
    0.004707043059170246,
    0.005020475946366787,
    0.005648565478622913,
    0.0057497150264680386,
    0.006238308269530535,
    0.006418236996978521,
    0.006626667454838753,
    0.0069877333007752895,
    0.008355126716196537,
    0.008645407855510712,
    0.009779179468750954,
    0.010119992308318615,
    0.010157756507396698,
    0.010384858585894108,
    0.010828056372702122,
    0.010834877379238605,
    0.011466678231954575,
    0.01153000257909298,
    0.012560127303004265,
    0.013309741392731667,
    0.01527341641485691,
    0.015344831161201,
    0.015379957854747772,
    0.016522590070962906,
    0.018339911475777626,
    0.01876361109316349,
    0.01944817043840885,
    0.02021385356783867,
    0.02026151865720749,
    0.02029609866440296,
    0.020896729081869125,
    0.021772582083940506,
    0.022959062829613686,
    0.023256706073880196,
    0.024723488837480545,
    0.02604019083082676,
    0.026221469044685364,
    0.02682618796825409,
    0.029501156881451607,
    0.03126548230648041,
    0.031398117542266846,
    0.03223485127091408,
    0.04550842568278313,
    0.04589415341615677,
    0.05133725330233574,
    0.057994939386844635,
    0.06392714381217957,
    0.06419966369867325,
    0.08046156913042068,
    0.09747815877199173,
    0.1040290892124176,
    0.11150399595499039,
    0.14949390292167664,
    0.15381479263305664,
    0.1563653200864792,
    0.15788178145885468,
    0.15874096751213074,
    0.19109931588172913,
    0.19867464900016785,
    0.2241898626089096,
    0.226802796125412,
    0.2937961220741272,
    0.4854300022125244,
    0.49985161423683167,
    0.5347008109092712,
    0.6343479156494141,
    0.798321008682251,
    0.8854952454566956,
    0.9822435975074768,
    0.9877567291259766,
    0.9892114400863647,
    0.9983364939689636
  ]
}