{
  "y_true": [
    0,
    0,
    0,
    0,
    0,
    0,
    0,
    0,
    0,
    0,
    0,
    0,
    0,
    0,
    0,
    0,
    0,
    0,
    0,
    0,
    0,
    0,
    0,
    0,
    0,
    0,
    0,
    0,
    0,
    0,
    0,
    0,
    0,
    0,
    0,
    0,
    0,
    0,
    0,
    0,
    0,
    0,
    0,
    0,
    0,
    0,
    0,
    0,
    0,
    0,
    0,
    0,
    0,
    0,
    0,
    0,
    0,
    0,
    0,
    0,
    0,
    0,
    0,
    1,
    1,
    1,
    1,
    1,
    1,
    1,
    1,
    1,
    1,
    1,
    1
  ],
  "y_pred": [
    0,
    0,
    0,
    0,
    1,
    0,
    0,
    0,
    0,
    0,
    0,
    0,
    0,
    0,
    0,
    0,
    0,
    0,
    0,
    0,
    0,
    0,
    0,
    0,
    0,
    0,
    0,
    0,
    0,
    0,
    0,
    0,
    0,
    0,
    0,
    0,
    0,
    0,
    0,
    0,
    0,
    0,
    0,
    0,
    0,
    0,
    0,
    0,
    0,
    0,
    0,
    0,
    0,
    0,
    0,
    0,
    0,
    0,
    0,
    0,
    0,
    0,
    0,
    1,
    1,
    1,
    1,
    1,
    1,
    0,
    0,
    1,
    0,
    1,
    1
  ],
  "y_prob": [
    0.057994939386844635,
    0.023256706073880196,
    0.19867464900016785,
    0.09747815877199173,
    0.5347008109092712,
    0.011466678231954575,
    0.008645407855510712,
    0.022959062829613686,
    0.06392714381217957,
    0.024723488837480545,
    0.02029609866440296,
    0.020896729081869125,
    0.010157756507396698,
    0.006418236996978521,
    0.01153000257909298,
    0.010119992308318615,
    0.04550842568278313,
    0.1563653200864792,
    0.05133725330233574,
    0.01527341641485691,
    0.021772582083940506,
    0.008355126716196537,
    0.06419966369867325,
    0.006238308269530535,
    0.009779179468750954,
    0.012560127303004265,
    0.010384858585894108,
    0.03223485127091408,
    0.02021385356783867,
    0.013309741392731667,
    0.005020475946366787,
    0.010828056372702122,
    0.010834877379238605,
    0.11150399595499039,
    0.15381479263305664,
    0.15788178145885468,
    0.01876361109316349,
    0.226802796125412,
    0.026221469044685364,
    0.02604019083082676,
    0.018339911475777626,
    0.015344831161201,
    0.029501156881451607,
    0.19109931588172913,
    0.02682618796825409,
    0.03126548230648041,
    0.01944817043840885,
    0.0036868774332106113,
    0.016522590070962906,
    0.0069877333007752895,
    0.15874096751213074,
    0.0034634775947779417,
    0.005648565478622913,
    0.02026151865720749,
    0.003507997840642929,
    0.0057497150264680386,
    0.2241898626089096,
    0.08046156913042068,
    0.031398117542266846,
    0.004707043059170246,
    0.015379957854747772,
    0.006626667454838753,
    0.1040290892124176,
    0.9983364939689636,
    0.6343479156494141,
    0.9822435975074768,
    0.9877567291259766,
    0.9892114400863647,
    0.4854300022125244,
    0.14949390292167664,
    0.2937961220741272,
    0.49985161423683167,
    0.04589415341615677,
    0.798321008682251,
    0.8854952454566956
  ]
}