{
  "accuracy": 0.9466666666666667,
  "balanced_accuracy": 0.9007936507936508,
  "precision": 0.8333333333333334,
  "recall": 0.8333333333333334,
  "f1": 0.8333333333333334,
  "roc_auc": 0.9708994708994709,
  "pr_auc": 0.9068643162393163,
  "class_distribution": {
    "0": 63,
    "1": 12
  },
  "per_class_precision_recall": {
    "class_0": {
      "precision": 0.9682539682539683,
      "recall": 0.9682539682539683
    },
    "class_1": {
      "precision": 0.8333333333333334,
      "recall": 0.8333333333333334
    }
  },
  "confusion_matrix": {
    "tn": 61,
    "fp": 2,
    "fn": 2,
    "tp": 10
  },
  "confusion_matrix_normalized": {
    "tn": 0.9682539682539683,
    "fp": 0.031746031746031744,
    "fn": 0.16666666666666666,
    "tp": 0.8333333333333334
  },
  "threshold": 0.3,
  "n_samples": 75,
  "mean_probability": 0.16637930274009705,
  "pr_curve": {
    "precision": [
      0.16,
      0.16216216216216217,
      0.1643835616438356,
      0.16666666666666666,
      0.16901408450704225,
      0.17142857142857143,
      0.17391304347826086,
      0.17647058823529413,
      0.1791044776119403,
      0.18181818181818182,
      0.18461538461538463,
      0.1875,
      0.19047619047619047,
      0.1935483870967742,
      0.19672131147540983,
      0.2,
      0.2033898305084746,
      0.20689655172413793,
      0.21052631578947367,
      0.21428571428571427,
      0.21818181818181817,
      0.2222222222222222,
      0.22641509433962265,
      0.23076923076923078,
      0.23529411764705882,
      0.24,
      0.24489795918367346,
      0.25,
      0.2553191489361702,
      0.2608695652173913,
      0.26666666666666666,
      0.2727272727272727,
      0.27906976744186046,
      0.2857142857142857,
      0.2926829268292683,
      0.3,
      0.3076923076923077,
      0.3157894736842105,
      0.32432432432432434,
      0.3333333333333333,
      0.34285714285714286,
      0.35294117647058826,
      0.36363636363636365,
      0.375,
      0.3870967741935484,
      0.4,
      0.41379310344827586,
      0.42857142857142855,
      0.4444444444444444,
      0.46153846153846156,
      0.44,
      0.4583333333333333,
      0.4782608695652174,
      0.5,
      0.5238095238095238,
      0.55,
      0.5789473684210527,
      0.6111111111111112,
      0.6470588235294118,
      0.6875,
      0.6666666666666666,
      0.7142857142857143,
      0.7692307692307693,
      0.8333333333333334,
      0.8181818181818182,
      0.9,
      0.8888888888888888,
      1.0,
      1.0,
      1.0,
      1.0,
      1.0,
      1.0,
      1.0,
      1.0,
      1.0
    ],
    "recall": [
      1.0,
      1.0,
      1.0,
      1.0,
      1.0,
      1.0,
      1.0,
      1.0,
      1.0,
      1.0,
      1.0,
      1.0,
      1.0,
      1.0,
      1.0,
      1.0,
      1.0,
      1.0,
      1.0,
      1.0,
      1.0,
      1.0,
      1.0,
      1.0,
      1.0,
      1.0,
      1.0,
      1.0,
      1.0,
      1.0,
      1.0,
      1.0,
      1.0,
      1.0,
      1.0,
      1.0,
      1.0,
      1.0,
      1.0,
      1.0,
      1.0,
      1.0,
      1.0,
      1.0,
      1.0,
      1.0,
      1.0,
      1.0,
      1.0,
      1.0,
      0.9166666666666666,
      0.9166666666666666,
      0.9166666666666666,
      0.9166666666666666,
      0.9166666666666666,
      0.9166666666666666,
      0.9166666666666666,
      0.9166666666666666,
      0.9166666666666666,
      0.9166666666666666,
      0.8333333333333334,
      0.8333333333333334,
      0.8333333333333334,
      0.8333333333333334,
      0.75,
      0.75,
      0.6666666666666666,
      0.6666666666666666,
      0.5833333333333334,
      0.5,
      0.4166666666666667,
      0.3333333333333333,
      0.25,
      0.16666666666666666,
      0.08333333333333333,
      0.0
    ],
    "thresholds": [
      0.005692923441529274,
      0.006352339871227741,
      0.008078282698988914,
      0.008641902357339859,
      0.009194801561534405,
      0.009788603521883488,
      0.010627553798258305,
      0.010891688987612724,
      0.011103824712336063,
      0.011820375919342041,
      0.012691236101090908,
      0.013197740539908409,
      0.014500260353088379,
      0.015051809139549732,
      0.015424458310008049,
      0.016921091824769974,
      0.017645670101046562,
      0.019153447821736336,
      0.020898407325148582,
      0.021380603313446045,
      0.022031981498003006,
      0.026092231273651123,
      0.02609962411224842,
      0.027019260451197624,
      0.027448119595646858,
      0.02901444397866726,
      0.02953387051820755,
      0.029582154005765915,
      0.030573038384318352,
      0.03228643909096718,
      0.032323207706213,
      0.03266867250204086,
      0.034971412271261215,
      0.03577074408531189,
      0.03798563405871391,
      0.04178090766072273,
      0.0447530671954155,
      0.04721579700708389,
      0.05149514228105545,
      0.05529651418328285,
      0.059209734201431274,
      0.06852909177541733,
      0.06870137155056,
      0.076194629073143,
      0.07776466012001038,
      0.07895903289318085,
      0.08609962463378906,
      0.09349672496318817,
      0.09462194889783859,
      0.11067575961351395,
      0.11266111582517624,
      0.11525042355060577,
      0.13812358677387238,
      0.16388650238513947,
      0.171075701713562,
      0.17319682240486145,
      0.18701009452342987,
      0.1887616515159607,
      0.22138620913028717,
      0.2320588231086731,
      0.2552277743816376,
      0.2662469744682312,
      0.2663763761520386,
      0.30524829030036926,
      0.36979517340660095,
      0.39739230275154114,
      0.4170255661010742,
      0.4251972734928131,
      0.737537145614624,
      0.7716324329376221,
      0.9001378417015076,
      0.9308614730834961,
      0.9857116341590881,
      0.9867174625396729,
      0.9926773309707642
    ]
  }
}