{
  "y_true": [
    0,
    0,
    0,
    0,
    0,
    0,
    0,
    0,
    0,
    0,
    0,
    0,
    0,
    0,
    0,
    0,
    0,
    0,
    0,
    0,
    0,
    0,
    0,
    0,
    0,
    0,
    0,
    0,
    0,
    0,
    0,
    0,
    0,
    0,
    0,
    0,
    0,
    0,
    0,
    0,
    0,
    0,
    0,
    0,
    0,
    0,
    0,
    0,
    0,
    0,
    0,
    0,
    0,
    0,
    0,
    0,
    0,
    0,
    0,
    0,
    0,
    0,
    0,
    1,
    1,
    1,
    1,
    1,
    1,
    1,
    1,
    1,
    1,
    1,
    1
  ],
  "y_pred": [
    0,
    0,
    0,
    0,
    1,
    0,
    0,
    0,
    0,
    0,
    0,
    0,
    0,
    0,
    0,
    0,
    0,
    0,
    0,
    0,
    0,
    0,
    0,
    0,
    0,
    0,
    0,
    0,
    0,
    0,
    0,
    0,
    0,
    0,
    0,
    0,
    0,
    0,
    0,
    0,
    0,
    0,
    0,
    1,
    0,
    0,
    0,
    0,
    0,
    0,
    0,
    0,
    0,
    0,
    0,
    0,
    0,
    0,
    0,
    0,
    0,
    0,
    0,
    1,
    1,
    1,
    1,
    1,
    1,
    0,
    1,
    1,
    0,
    1,
    1
  ],
  "y_prob": [
    0.11525042355060577,
    0.06870137155056,
    0.18701009452342987,
    0.16388650238513947,
    0.4170255661010742,
    0.011103824712336063,
    0.010627553798258305,
    0.02953387051820755,
    0.07895903289318085,
    0.076194629073143,
    0.034971412271261215,
    0.02901444397866726,
    0.014500260353088379,
    0.008641902357339859,
    0.02609962411224842,
    0.015424458310008049,
    0.05529651418328285,
    0.1887616515159607,
    0.09349672496318817,
    0.04721579700708389,
    0.04178090766072273,
    0.019153447821736336,
    0.07776466012001038,
    0.011820375919342041,
    0.012691236101090908,
    0.03228643909096718,
    0.0447530671954155,
    0.08609962463378906,
    0.030573038384318352,
    0.03577074408531189,
    0.009788603521883488,
    0.029582154005765915,
    0.016921091824769974,
    0.2663763761520386,
    0.171075701713562,
    0.17319682240486145,
    0.03266867250204086,
    0.22138620913028717,
    0.09462194889783859,
    0.05149514228105545,
    0.027448119595646858,
    0.022031981498003006,
    0.026092231273651123,
    0.36979517340660095,
    0.032323207706213,
    0.059209734201431274,
    0.017645670101046562,
    0.006352339871227741,
    0.03798563405871391,
    0.010891688987612724,
    0.2552277743816376,
    0.008078282698988914,
    0.021380603313446045,
    0.027019260451197624,
    0.005692923441529274,
    0.015051809139549732,
    0.2662469744682312,
    0.11266111582517624,
    0.06852909177541733,
    0.013197740539908409,
    0.020898407325148582,
    0.009194801561534405,
    0.13812358677387238,
    0.9926773309707642,
    0.7716324329376221,
    0.9001378417015076,
    0.9867174625396729,
    0.9857116341590881,
    0.4251972734928131,
    0.2320588231086731,
    0.30524829030036926,
    0.39739230275154114,
    0.11067575961351395,
    0.737537145614624,
    0.9308614730834961
  ]
}