{
  "metadata": {
    "approach": "Threshold sweep on validation set, applied to test set",
    "note": "Prevents data leakage: threshold and temperature selected on validation ONLY"
  },
  "data_hardening": {
    "n_original": 349,
    "n_augmented": 377,
    "class_counts_before": {
      "0": 297,
      "1": 52
    },
    "class_counts_after": {
      "0": 323,
      "1": 54
    },
    "label_flip_count": 10,
    "hard_sample_duplicates": 28,
    "gaussian_noise_sigma_frac": 0.1,
    "overlap_alpha_range": [
      0.6,
      0.9
    ],
    "feature_dropout_rate": 0.08
  },
  "best_validation": {
    "epoch": 1,
    "loss": 1.1010787277608305,
    "accuracy": 0.16216216216216217,
    "precision": 0.9999999988888888,
    "recall": 0.8181818174380164,
    "f1": 0.8999999941499999,
    "recall_weighted_f1": 0.8727272718732781,
    "ece": 0.5028144775612935,
    "brier": 0.33205345273017883
  },
  "test": {
    "threshold_used": 0.8500000000000001,
    "loss": 1.1278780064025482,
    "accuracy": 0.935064935064935,
    "precision": 0.8181818174380164,
    "recall": 0.749999999375,
    "f1": 0.7826086899810963,
    "roc_auc": 0.8653846153846154,
    "pr_auc": 0.8097002635046114,
    "ece": 0.5055420566592124,
    "brier": 0.3352373242378235
  },
  "test_diagnostics": {
    "fraction_predicted_positive": 0.14285714285714285,
    "fraction_predicted_negative": 0.8571428571428571,
    "tp": 9,
    "tn": 63,
    "fp": 2,
    "fn": 3
  },
  "calibration": {
    "temperature": 1.5,
    "selection_source": "uncalibrated_validation_selection",
    "ece_bins": 10
  }
}