{
  "confusion_matrix": {
    "tn": 57,
    "fp": 6,
    "fn": 2,
    "tp": 10
  },
  "confusion_matrix_normalized": {
    "tn": 0.9047619047619048,
    "fp": 0.09523809523809523,
    "fn": 0.16666666666666666,
    "tp": 0.8333333333333334
  }
}