{
  "accuracy": 0.8933333333333333,
  "balanced_accuracy": 0.8690476190476191,
  "precision": 0.625,
  "recall": 0.8333333333333334,
  "f1": 0.7142857142857143,
  "roc_auc": 0.9735449735449736,
  "pr_auc": 0.9242424242424243,
  "class_distribution": {
    "0": 63,
    "1": 12
  },
  "per_class_precision_recall": {
    "class_0": {
      "precision": 0.9661016949152542,
      "recall": 0.9047619047619048
    },
    "class_1": {
      "precision": 0.625,
      "recall": 0.8333333333333334
    }
  },
  "confusion_matrix": {
    "tn": 57,
    "fp": 6,
    "fn": 2,
    "tp": 10
  },
  "confusion_matrix_normalized": {
    "tn": 0.9047619047619048,
    "fp": 0.09523809523809523,
    "fn": 0.16666666666666666,
    "tp": 0.8333333333333334
  },
  "threshold": 0.2,
  "n_samples": 75,
  "mean_probability": 0.15346667170524597
}