{
  "precision": [
    0.16,
    0.136986301369863,
    0.15625,
    0.1,
    0.1016949152542373,
    0.10344827586206896,
    0.10526315789473684,
    0.10714285714285714,
    0.10909090909090909,
    0.1111111111111111,
    0.11320754716981132,
    0.11538461538461539,
    0.11764705882352941,
    0.12,
    0.12244897959183673,
    0.125,
    0.1276595744680851,
    0.13043478260869565,
    0.13333333333333333,
    0.13636363636363635,
    0.13953488372093023,
    0.14285714285714285,
    0.14634146341463414,
    0.15,
    0.15384615384615385,
    0.15789473684210525,
    0.16216216216216217,
    0.16666666666666666,
    0.17142857142857143,
    0.17647058823529413,
    0.18181818181818182,
    0.1875,
    0.1935483870967742,
    0.2,
    0.20689655172413793,
    0.21428571428571427,
    0.2222222222222222,
    0.23076923076923078,
    0.24,
    0.25,
    0.2608695652173913,
    0.2727272727272727,
    0.2857142857142857,
    0.3,
    0.3157894736842105,
    0.3333333333333333,
    0.29411764705882354,
    0.3125,
    0.3333333333333333,
    0.2857142857142857,
    0.3076923076923077,
    0.3333333333333333,
    0.36363636363636365,
    0.4,
    0.4444444444444444,
    0.5,
    0.5714285714285714,
    0.6666666666666666,
    0.8,
    0.75,
    1.0,
    1.0,
    1.0,
    1.0
  ],
  "recall": [
    1.0,
    0.8333333333333334,
    0.8333333333333334,
    0.5,
    0.5,
    0.5,
    0.5,
    0.5,
    0.5,
    0.5,
    0.5,
    0.5,
    0.5,
    0.5,
    0.5,
    0.5,
    0.5,
    0.5,
    0.5,
    0.5,
    0.5,
    0.5,
    0.5,
    0.5,
    0.5,
    0.5,
    0.5,
    0.5,
    0.5,
    0.5,
    0.5,
    0.5,
    0.5,
    0.5,
    0.5,
    0.5,
    0.5,
    0.5,
    0.5,
    0.5,
    0.5,
    0.5,
    0.5,
    0.5,
    0.5,
    0.5,
    0.4166666666666667,
    0.4166666666666667,
    0.4166666666666667,
    0.3333333333333333,
    0.3333333333333333,
    0.3333333333333333,
    0.3333333333333333,
    0.3333333333333333,
    0.3333333333333333,
    0.3333333333333333,
    0.3333333333333333,
    0.3333333333333333,
    0.3333333333333333,
    0.25,
    0.25,
    0.16666666666666666,
    0.08333333333333333,
    0.0
  ],
  "thresholds": [
    1.331893795253336e-08,
    1.3318961933350693e-08,
    1.3318962821529112e-08,
    0.00021344932611100376,
    0.00030379369854927063,
    0.00032563009881414473,
    0.0003594248555600643,
    0.0003999031032435596,
    0.000666270381771028,
    0.0007750889053568244,
    0.0009252508752979338,
    0.0009291990427300334,
    0.0009378005634061992,
    0.0009946493664756417,
    0.0010137109784409404,
    0.001017815200611949,
    0.0011366296093910933,
    0.0011897876393049955,
    0.0012897140113636851,
    0.0019699567928910255,
    0.0021294550970196724,
    0.0031887157820165157,
    0.003330633044242859,
    0.003473320510238409,
    0.003742846893146634,
    0.00404414813965559,
    0.0042694564908742905,
    0.004748457111418247,
    0.005251393187791109,
    0.006569307297468185,
    0.006769404746592045,
    0.007322733756154776,
    0.007382593583315611,
    0.008159073069691658,
    0.008596910163760185,
    0.008841268718242645,
    0.009191574528813362,
    0.010354764759540558,
    0.012867236509919167,
    0.013577340170741081,
    0.01464255340397358,
    0.02206677757203579,
    0.02212553657591343,
    0.028299877420067787,
    0.03073759749531746,
    0.032718971371650696,
    0.03456807881593704,
    0.03461075201630592,
    0.03680289536714554,
    0.03962213546037674,
    0.04177570343017578,
    0.054702773690223694,
    0.058682117611169815,
    0.07818063348531723,
    0.1084446981549263,
    0.23690566420555115,
    0.2377042919397354,
    0.2802722454071045,
    0.3362508714199066,
    0.3704105019569397,
    0.5275759696960449,
    0.993244469165802,
    0.9998691082000732
  ]
}