{
  "accuracy": 0.92,
  "balanced_accuracy": 0.7837301587301587,
  "precision": 0.875,
  "recall": 0.5833333333333334,
  "f1": 0.7000000000000001,
  "roc_auc": 0.7738095238095237,
  "pr_auc": 0.6955678697630815,
  "class_distribution": {
    "0": 63,
    "1": 12
  },
  "per_class_precision_recall": {
    "class_0": {
      "precision": 0.9253731343283582,
      "recall": 0.9841269841269841
    },
    "class_1": {
      "precision": 0.875,
      "recall": 0.5833333333333334
    }
  },
  "confusion_matrix": {
    "tn": 62,
    "fp": 1,
    "fn": 5,
    "tp": 7
  },
  "confusion_matrix_normalized": {
    "tn": 0.9841269841269841,
    "fp": 0.015873015873015872,
    "fn": 0.4166666666666667,
    "tp": 0.5833333333333334
  },
  "threshold": 0.6,
  "n_samples": 75,
  "mean_probability": 0.24280759692192078,
  "pr_curve": {
    "precision": [
      0.16,
      0.16216216216216217,
      0.1643835616438356,
      0.16666666666666666,
      0.16901408450704225,
      0.17142857142857143,
      0.17391304347826086,
      0.17647058823529413,
      0.16417910447761194,
      0.16666666666666666,
      0.16923076923076924,
      0.171875,
      0.1746031746031746,
      0.16129032258064516,
      0.16393442622950818,
      0.16666666666666666,
      0.1694915254237288,
      0.1724137931034483,
      0.17543859649122806,
      0.17857142857142858,
      0.18181818181818182,
      0.18518518518518517,
      0.18867924528301888,
      0.19230769230769232,
      0.19607843137254902,
      0.2,
      0.20408163265306123,
      0.20833333333333334,
      0.2127659574468085,
      0.21739130434782608,
      0.2222222222222222,
      0.22727272727272727,
      0.23255813953488372,
      0.23809523809523808,
      0.24390243902439024,
      0.225,
      0.23076923076923078,
      0.23684210526315788,
      0.24324324324324326,
      0.25,
      0.2571428571428571,
      0.2647058823529412,
      0.2727272727272727,
      0.28125,
      0.25806451612903225,
      0.26666666666666666,
      0.27586206896551724,
      0.2857142857142857,
      0.2962962962962963,
      0.3076923076923077,
      0.32,
      0.3333333333333333,
      0.34782608695652173,
      0.36363636363636365,
      0.38095238095238093,
      0.4,
      0.42105263157894735,
      0.4444444444444444,
      0.47058823529411764,
      0.4375,
      0.4666666666666667,
      0.5,
      0.5384615384615384,
      0.5833333333333334,
      0.6363636363636364,
      0.7,
      0.7777777777777778,
      0.875,
      1.0,
      1.0,
      1.0,
      1.0,
      1.0,
      1.0,
      1.0,
      1.0
    ],
    "recall": [
      1.0,
      1.0,
      1.0,
      1.0,
      1.0,
      1.0,
      1.0,
      1.0,
      0.9166666666666666,
      0.9166666666666666,
      0.9166666666666666,
      0.9166666666666666,
      0.9166666666666666,
      0.8333333333333334,
      0.8333333333333334,
      0.8333333333333334,
      0.8333333333333334,
      0.8333333333333334,
      0.8333333333333334,
      0.8333333333333334,
      0.8333333333333334,
      0.8333333333333334,
      0.8333333333333334,
      0.8333333333333334,
      0.8333333333333334,
      0.8333333333333334,
      0.8333333333333334,
      0.8333333333333334,
      0.8333333333333334,
      0.8333333333333334,
      0.8333333333333334,
      0.8333333333333334,
      0.8333333333333334,
      0.8333333333333334,
      0.8333333333333334,
      0.75,
      0.75,
      0.75,
      0.75,
      0.75,
      0.75,
      0.75,
      0.75,
      0.75,
      0.6666666666666666,
      0.6666666666666666,
      0.6666666666666666,
      0.6666666666666666,
      0.6666666666666666,
      0.6666666666666666,
      0.6666666666666666,
      0.6666666666666666,
      0.6666666666666666,
      0.6666666666666666,
      0.6666666666666666,
      0.6666666666666666,
      0.6666666666666666,
      0.6666666666666666,
      0.6666666666666666,
      0.5833333333333334,
      0.5833333333333334,
      0.5833333333333334,
      0.5833333333333334,
      0.5833333333333334,
      0.5833333333333334,
      0.5833333333333334,
      0.5833333333333334,
      0.5833333333333334,
      0.5833333333333334,
      0.5,
      0.4166666666666667,
      0.3333333333333333,
      0.25,
      0.16666666666666666,
      0.08333333333333333,
      0.0
    ],
    "thresholds": [
      0.12536215782165527,
      0.12678934633731842,
      0.1271255612373352,
      0.12767945230007172,
      0.12775589525699615,
      0.12781168520450592,
      0.12781283259391785,
      0.12851721048355103,
      0.12885130941867828,
      0.12902238965034485,
      0.1295381635427475,
      0.129635751247406,
      0.12965162098407745,
      0.12975457310676575,
      0.1299477219581604,
      0.12996800243854523,
      0.13005925714969635,
      0.13047653436660767,
      0.13056588172912598,
      0.13118113577365875,
      0.13121673464775085,
      0.1312873363494873,
      0.1316709965467453,
      0.1319950670003891,
      0.13200759887695312,
      0.13220149278640747,
      0.1322653442621231,
      0.13227148354053497,
      0.13291560113430023,
      0.13361157476902008,
      0.1339380294084549,
      0.13399851322174072,
      0.13467596471309662,
      0.13481588661670685,
      0.13653908669948578,
      0.14103993773460388,
      0.14132344722747803,
      0.14171816408634186,
      0.14188909530639648,
      0.14436891674995422,
      0.14496035873889923,
      0.14721965789794922,
      0.14989270269870758,
      0.15209686756134033,
      0.15248283743858337,
      0.15256230533123016,
      0.15421636402606964,
      0.1579868197441101,
      0.15902017056941986,
      0.15963737666606903,
      0.1645784229040146,
      0.16542692482471466,
      0.16946764290332794,
      0.1725577414035797,
      0.1759849339723587,
      0.18976862728595734,
      0.20170094072818756,
      0.222696915268898,
      0.2247558832168579,
      0.24284999072551727,
      0.2834867537021637,
      0.31404924392700195,
      0.34369757771492004,
      0.3944452106952667,
      0.39827415347099304,
      0.4455523192882538,
      0.44715359807014465,
      0.7476765513420105,
      0.7542570233345032,
      0.8237366676330566,
      0.8600042462348938,
      0.9111340641975403,
      0.9113713502883911,
      0.9147863984107971,
      0.9178235530853271
    ]
  }
}