{
  "precision": [
    0.16,
    0.16216216216216217,
    0.1643835616438356,
    0.16666666666666666,
    0.16901408450704225,
    0.17142857142857143,
    0.17391304347826086,
    0.17647058823529413,
    0.1791044776119403,
    0.16666666666666666,
    0.16923076923076924,
    0.171875,
    0.1746031746031746,
    0.1774193548387097,
    0.18032786885245902,
    0.18333333333333332,
    0.1864406779661017,
    0.1896551724137931,
    0.19298245614035087,
    0.19642857142857142,
    0.2,
    0.2037037037037037,
    0.20754716981132076,
    0.21153846153846154,
    0.21568627450980393,
    0.22,
    0.20408163265306123,
    0.1875,
    0.19148936170212766,
    0.1956521739130435,
    0.2,
    0.20454545454545456,
    0.20930232558139536,
    0.21428571428571427,
    0.21951219512195122,
    0.225,
    0.23076923076923078,
    0.23684210526315788,
    0.24324324324324326,
    0.25,
    0.2571428571428571,
    0.2647058823529412,
    0.2727272727272727,
    0.28125,
    0.2903225806451613,
    0.3,
    0.3103448275862069,
    0.32142857142857145,
    0.3333333333333333,
    0.34615384615384615,
    0.36,
    0.375,
    0.391304347826087,
    0.4090909090909091,
    0.42857142857142855,
    0.45,
    0.47368421052631576,
    0.5,
    0.5294117647058824,
    0.5625,
    0.5333333333333333,
    0.5714285714285714,
    0.6153846153846154,
    0.6666666666666666,
    0.7272727272727273,
    0.7,
    0.7777777777777778,
    0.875,
    1.0,
    1.0,
    1.0,
    1.0,
    1.0,
    1.0,
    1.0,
    1.0
  ],
  "recall": [
    1.0,
    1.0,
    1.0,
    1.0,
    1.0,
    1.0,
    1.0,
    1.0,
    1.0,
    0.9166666666666666,
    0.9166666666666666,
    0.9166666666666666,
    0.9166666666666666,
    0.9166666666666666,
    0.9166666666666666,
    0.9166666666666666,
    0.9166666666666666,
    0.9166666666666666,
    0.9166666666666666,
    0.9166666666666666,
    0.9166666666666666,
    0.9166666666666666,
    0.9166666666666666,
    0.9166666666666666,
    0.9166666666666666,
    0.9166666666666666,
    0.8333333333333334,
    0.75,
    0.75,
    0.75,
    0.75,
    0.75,
    0.75,
    0.75,
    0.75,
    0.75,
    0.75,
    0.75,
    0.75,
    0.75,
    0.75,
    0.75,
    0.75,
    0.75,
    0.75,
    0.75,
    0.75,
    0.75,
    0.75,
    0.75,
    0.75,
    0.75,
    0.75,
    0.75,
    0.75,
    0.75,
    0.75,
    0.75,
    0.75,
    0.75,
    0.6666666666666666,
    0.6666666666666666,
    0.6666666666666666,
    0.6666666666666666,
    0.6666666666666666,
    0.5833333333333334,
    0.5833333333333334,
    0.5833333333333334,
    0.5833333333333334,
    0.5,
    0.4166666666666667,
    0.3333333333333333,
    0.25,
    0.16666666666666666,
    0.08333333333333333,
    0.0
  ],
  "thresholds": [
    0.0926123559474945,
    0.0927775427699089,
    0.09325552731752396,
    0.09327569603919983,
    0.09366138279438019,
    0.09367239475250244,
    0.09381566196680069,
    0.0939313992857933,
    0.09418266266584396,
    0.09421616792678833,
    0.09503218531608582,
    0.09527666121721268,
    0.0953114703297615,
    0.09536639600992203,
    0.09570498019456863,
    0.09601015597581863,
    0.09611847251653671,
    0.09617022424936295,
    0.09618774801492691,
    0.09630277752876282,
    0.09630711376667023,
    0.09650672972202301,
    0.09654126316308975,
    0.0967540591955185,
    0.09699693322181702,
    0.09704120457172394,
    0.0972684696316719,
    0.09733431041240692,
    0.09745911508798599,
    0.09750870615243912,
    0.09763721376657486,
    0.09766685217618942,
    0.09769173711538315,
    0.09769567102193832,
    0.0977117195725441,
    0.09788946807384491,
    0.09808748215436935,
    0.09818294644355774,
    0.0984172448515892,
    0.09857568889856339,
    0.09892242401838303,
    0.09906034171581268,
    0.09907551109790802,
    0.09925857931375504,
    0.09927661716938019,
    0.09940947592258453,
    0.10013085603713989,
    0.10024240612983704,
    0.1012021154165268,
    0.10195843875408173,
    0.10233287513256073,
    0.10283288359642029,
    0.10296072065830231,
    0.1030520349740982,
    0.10410086810588837,
    0.10415913909673691,
    0.10544261336326599,
    0.10781674832105637,
    0.10851425677537918,
    0.10965915769338608,
    0.11037501692771912,
    0.11132391542196274,
    0.11367969959974289,
    0.11447305977344513,
    0.12897369265556335,
    0.15507470071315765,
    0.20414388179779053,
    0.5706424117088318,
    0.8820672631263733,
    0.9160255193710327,
    0.9228876829147339,
    0.9239587783813477,
    0.9288883805274963,
    0.9341277480125427,
    0.9341336488723755
  ]
}