{
  "y_true": [
    0,
    0,
    0,
    0,
    0,
    0,
    0,
    0,
    0,
    0,
    0,
    0,
    0,
    0,
    0,
    0,
    0,
    0,
    0,
    0,
    0,
    0,
    0,
    0,
    0,
    0,
    0,
    0,
    0,
    0,
    0,
    0,
    0,
    0,
    0,
    0,
    0,
    0,
    0,
    0,
    0,
    0,
    0,
    0,
    0,
    0,
    0,
    0,
    0,
    0,
    0,
    0,
    0,
    0,
    0,
    0,
    0,
    0,
    0,
    0,
    0,
    0,
    0,
    1,
    1,
    1,
    1,
    1,
    1,
    1,
    1,
    1,
    1,
    1,
    1
  ],
  "y_pred": [
    0,
    0,
    0,
    0,
    0,
    0,
    0,
    0,
    0,
    0,
    0,
    0,
    0,
    0,
    0,
    0,
    0,
    0,
    0,
    0,
    0,
    0,
    0,
    0,
    0,
    0,
    0,
    0,
    0,
    0,
    0,
    0,
    0,
    0,
    0,
    0,
    0,
    0,
    0,
    0,
    0,
    0,
    0,
    1,
    0,
    0,
    0,
    0,
    0,
    0,
    0,
    0,
    0,
    0,
    0,
    0,
    0,
    0,
    0,
    0,
    0,
    0,
    0,
    1,
    1,
    1,
    1,
    1,
    0,
    0,
    0,
    0,
    0,
    1,
    1
  ],
  "y_prob": [
    0.12902238965034485,
    0.12781168520450592,
    0.15902017056941986,
    0.3944452106952667,
    0.4455523192882538,
    0.13291560113430023,
    0.13200759887695312,
    0.31404924392700195,
    0.1319950670003891,
    0.13227148354053497,
    0.13467596471309662,
    0.12996800243854523,
    0.39827415347099304,
    0.16946764290332794,
    0.14171816408634186,
    0.14721965789794922,
    0.15256230533123016,
    0.1645784229040146,
    0.14496035873889923,
    0.13005925714969635,
    0.13056588172912598,
    0.12775589525699615,
    0.24284999072551727,
    0.12678934633731842,
    0.1299477219581604,
    0.15421636402606964,
    0.1759849339723587,
    0.13361157476902008,
    0.12975457310676575,
    0.1316709965467453,
    0.1339380294084549,
    0.13047653436660767,
    0.1322653442621231,
    0.14188909530639648,
    0.16542692482471466,
    0.14989270269870758,
    0.15248283743858337,
    0.14436891674995422,
    0.34369757771492004,
    0.18976862728595734,
    0.13481588661670685,
    0.13118113577365875,
    0.14132344722747803,
    0.7476765513420105,
    0.15963737666606903,
    0.14103993773460388,
    0.222696915268898,
    0.12767945230007172,
    0.1579868197441101,
    0.12781283259391785,
    0.1725577414035797,
    0.1271255612373352,
    0.13220149278640747,
    0.1295381635427475,
    0.12885130941867828,
    0.12536215782165527,
    0.129635751247406,
    0.44715359807014465,
    0.13399851322174072,
    0.1312873363494873,
    0.13121673464775085,
    0.2834867537021637,
    0.20170094072818756,
    0.9111340641975403,
    0.8600042462348938,
    0.9113713502883911,
    0.9147863984107971,
    0.9178235530853271,
    0.13653908669948578,
    0.12965162098407745,
    0.2247558832168579,
    0.15209686756134033,
    0.12851721048355103,
    0.7542570233345032,
    0.8237366676330566
  ]
}