{
  "y_true": [
    0,
    0,
    0,
    0,
    0,
    0,
    0,
    0,
    0,
    0,
    0,
    0,
    0,
    0,
    0,
    0,
    0,
    0,
    0,
    0,
    0,
    0,
    0,
    0,
    0,
    0,
    0,
    0,
    0,
    0,
    0,
    0,
    0,
    0,
    0,
    0,
    0,
    0,
    0,
    0,
    0,
    0,
    0,
    0,
    0,
    0,
    0,
    0,
    0,
    0,
    0,
    0,
    0,
    0,
    0,
    0,
    0,
    0,
    0,
    0,
    0,
    0,
    0,
    1,
    1,
    1,
    1,
    1,
    1,
    1,
    1,
    1,
    1,
    1,
    1
  ],
  "y_pred": [
    0,
    0,
    0,
    0,
    0,
    0,
    0,
    0,
    0,
    0,
    0,
    0,
    0,
    0,
    0,
    0,
    0,
    0,
    0,
    0,
    0,
    0,
    0,
    0,
    0,
    0,
    0,
    0,
    0,
    0,
    0,
    0,
    0,
    0,
    0,
    0,
    0,
    0,
    0,
    0,
    0,
    0,
    0,
    0,
    0,
    0,
    0,
    0,
    0,
    0,
    0,
    0,
    0,
    0,
    0,
    0,
    0,
    0,
    0,
    0,
    0,
    0,
    0,
    1,
    1,
    1,
    1,
    1,
    0,
    0,
    0,
    0,
    0,
    1,
    1
  ],
  "y_prob": [
    0.09906034171581268,
    0.09536639600992203,
    0.10296072065830231,
    0.11132391542196274,
    0.20414388179779053,
    0.09699693322181702,
    0.09788946807384491,
    0.15507470071315765,
    0.09927661716938019,
    0.0984172448515892,
    0.09618774801492691,
    0.09733431041240692,
    0.11447305977344513,
    0.11037501692771912,
    0.09630277752876282,
    0.09769173711538315,
    0.09925857931375504,
    0.1030520349740982,
    0.10233287513256073,
    0.09766685217618942,
    0.09421616792678833,
    0.0939313992857933,
    0.10851425677537918,
    0.09527666121721268,
    0.09611847251653671,
    0.10013085603713989,
    0.09750870615243912,
    0.09654126316308975,
    0.09892242401838303,
    0.09325552731752396,
    0.09940947592258453,
    0.09818294644355774,
    0.0926123559474945,
    0.1012021154165268,
    0.10283288359642029,
    0.0967540591955185,
    0.10024240612983704,
    0.09808748215436935,
    0.11367969959974289,
    0.0977117195725441,
    0.09381566196680069,
    0.09367239475250244,
    0.09650672972202301,
    0.5706424117088318,
    0.09601015597581863,
    0.09617022424936295,
    0.10781674832105637,
    0.09763721376657486,
    0.09907551109790802,
    0.0927775427699089,
    0.09769567102193832,
    0.09570498019456863,
    0.0953114703297615,
    0.09857568889856339,
    0.09630711376667023,
    0.09503218531608582,
    0.10195843875408173,
    0.10544261336326599,
    0.09366138279438019,
    0.09327569603919983,
    0.09745911508798599,
    0.10415913909673691,
    0.10410086810588837,
    0.9341336488723755,
    0.9239587783813477,
    0.9288883805274963,
    0.9228876829147339,
    0.9341277480125427,
    0.0972684696316719,
    0.09418266266584396,
    0.12897369265556335,
    0.10965915769338608,
    0.09704120457172394,
    0.8820672631263733,
    0.9160255193710327
  ]
}