{
  "accuracy": 0.8666666666666667,
  "balanced_accuracy": 0.6845238095238095,
  "precision": 0.625,
  "recall": 0.4166666666666667,
  "f1": 0.5,
  "roc_auc": 0.7976190476190476,
  "pr_auc": 0.596394597624106,
  "class_distribution": {
    "0": 63,
    "1": 12
  },
  "per_class_precision_recall": {
    "class_0": {
      "precision": 0.8955223880597015,
      "recall": 0.9523809523809523
    },
    "class_1": {
      "precision": 0.625,
      "recall": 0.4166666666666667
    }
  },
  "confusion_matrix": {
    "tn": 60,
    "fp": 3,
    "fn": 7,
    "tp": 5
  },
  "confusion_matrix_normalized": {
    "tn": 0.9523809523809523,
    "fp": 0.047619047619047616,
    "fn": 0.5833333333333334,
    "tp": 0.4166666666666667
  },
  "threshold": 0.5,
  "n_samples": 75,
  "mean_probability": 0.23021726310253143
}