{
  "accuracy": 0.9333333333333333,
  "balanced_accuracy": 0.7916666666666667,
  "precision": 1.0,
  "recall": 0.5833333333333334,
  "f1": 0.7368421052631579,
  "roc_auc": 0.9550264550264549,
  "pr_auc": 0.8591764917851875,
  "class_distribution": {
    "0": 63,
    "1": 12
  },
  "per_class_precision_recall": {
    "class_0": {
      "precision": 0.9264705882352942,
      "recall": 1.0
    },
    "class_1": {
      "precision": 1.0,
      "recall": 0.5833333333333334
    }
  },
  "confusion_matrix": {
    "tn": 63,
    "fp": 0,
    "fn": 5,
    "tp": 7
  },
  "confusion_matrix_normalized": {
    "tn": 1.0,
    "fp": 0.0,
    "fn": 0.4166666666666667,
    "tp": 0.5833333333333334
  },
  "threshold": 0.39999999999999997,
  "n_samples": 75,
  "mean_probability": 0.15080079436302185,
  "pr_curve": {
    "precision": [
      0.16,
      0.16216216216216217,
      0.1643835616438356,
      0.16666666666666666,
      0.16901408450704225,
      0.17142857142857143,
      0.17391304347826086,
      0.17647058823529413,
      0.1791044776119403,
      0.18181818181818182,
      0.18461538461538463,
      0.1875,
      0.19047619047619047,
      0.1935483870967742,
      0.19672131147540983,
      0.2,
      0.2033898305084746,
      0.20689655172413793,
      0.21052631578947367,
      0.21428571428571427,
      0.21818181818181817,
      0.2222222222222222,
      0.22641509433962265,
      0.23076923076923078,
      0.23529411764705882,
      0.24,
      0.24489795918367346,
      0.25,
      0.2553191489361702,
      0.2608695652173913,
      0.26666666666666666,
      0.2727272727272727,
      0.27906976744186046,
      0.2857142857142857,
      0.2926829268292683,
      0.3,
      0.3076923076923077,
      0.3157894736842105,
      0.32432432432432434,
      0.3333333333333333,
      0.34285714285714286,
      0.35294117647058826,
      0.36363636363636365,
      0.375,
      0.3870967741935484,
      0.4,
      0.41379310344827586,
      0.42857142857142855,
      0.4444444444444444,
      0.4230769230769231,
      0.44,
      0.4583333333333333,
      0.4782608695652174,
      0.45454545454545453,
      0.47619047619047616,
      0.5,
      0.5263157894736842,
      0.5555555555555556,
      0.5882352941176471,
      0.625,
      0.6666666666666666,
      0.7142857142857143,
      0.7692307692307693,
      0.75,
      0.8181818181818182,
      0.8,
      0.7777777777777778,
      0.875,
      1.0,
      1.0,
      1.0,
      1.0,
      1.0,
      1.0,
      1.0,
      1.0
    ],
    "recall": [
      1.0,
      1.0,
      1.0,
      1.0,
      1.0,
      1.0,
      1.0,
      1.0,
      1.0,
      1.0,
      1.0,
      1.0,
      1.0,
      1.0,
      1.0,
      1.0,
      1.0,
      1.0,
      1.0,
      1.0,
      1.0,
      1.0,
      1.0,
      1.0,
      1.0,
      1.0,
      1.0,
      1.0,
      1.0,
      1.0,
      1.0,
      1.0,
      1.0,
      1.0,
      1.0,
      1.0,
      1.0,
      1.0,
      1.0,
      1.0,
      1.0,
      1.0,
      1.0,
      1.0,
      1.0,
      1.0,
      1.0,
      1.0,
      1.0,
      0.9166666666666666,
      0.9166666666666666,
      0.9166666666666666,
      0.9166666666666666,
      0.8333333333333334,
      0.8333333333333334,
      0.8333333333333334,
      0.8333333333333334,
      0.8333333333333334,
      0.8333333333333334,
      0.8333333333333334,
      0.8333333333333334,
      0.8333333333333334,
      0.8333333333333334,
      0.75,
      0.75,
      0.6666666666666666,
      0.5833333333333334,
      0.5833333333333334,
      0.5833333333333334,
      0.5,
      0.4166666666666667,
      0.3333333333333333,
      0.25,
      0.16666666666666666,
      0.08333333333333333,
      0.0
    ],
    "thresholds": [
      0.004210272803902626,
      0.005188435316085815,
      0.005672542843967676,
      0.0059654186479747295,
      0.007451076991856098,
      0.007844628766179085,
      0.008893335238099098,
      0.008928198367357254,
      0.009078891947865486,
      0.009479174390435219,
      0.009734058752655983,
      0.009785580448806286,
      0.009899807162582874,
      0.010779507458209991,
      0.011184083297848701,
      0.011883973143994808,
      0.012920551933348179,
      0.014164287596940994,
      0.01444804947823286,
      0.01453427504748106,
      0.014981710352003574,
      0.015039167366921902,
      0.01564730703830719,
      0.01611819490790367,
      0.01633107103407383,
      0.017373573035001755,
      0.018725210800766945,
      0.018855642527341843,
      0.020139945670962334,
      0.02069520391523838,
      0.02124052122235298,
      0.02150479145348072,
      0.022272728383541107,
      0.02253440022468567,
      0.023371918126940727,
      0.023811325430870056,
      0.024106640368700027,
      0.02412937767803669,
      0.02528538554906845,
      0.02758869156241417,
      0.02850438468158245,
      0.030370056629180908,
      0.03190936893224716,
      0.03222170099616051,
      0.03304389491677284,
      0.04493343457579613,
      0.045489851385354996,
      0.049169473350048065,
      0.0519917868077755,
      0.05300219729542732,
      0.05557253211736679,
      0.07765690982341766,
      0.0861969143152237,
      0.093482606112957,
      0.09863076359033585,
      0.10354340821504593,
      0.13603821396827698,
      0.140019953250885,
      0.149759441614151,
      0.15613527595996857,
      0.1698651909828186,
      0.21878738701343536,
      0.23031215369701385,
      0.25122901797294617,
      0.3423175513744354,
      0.3696169853210449,
      0.3698912262916565,
      0.39253249764442444,
      0.9517293572425842,
      0.9539486765861511,
      0.9786402583122253,
      0.9851153492927551,
      0.998565137386322,
      0.99870765209198,
      0.9993300437927246
    ]
  }
}