{
  "y_true": [
    0,
    0,
    0,
    0,
    0,
    0,
    0,
    0,
    0,
    0,
    0,
    0,
    0,
    0,
    0,
    0,
    0,
    0,
    0,
    0,
    0,
    0,
    0,
    0,
    0,
    0,
    0,
    0,
    0,
    0,
    0,
    0,
    0,
    0,
    0,
    0,
    0,
    0,
    0,
    0,
    0,
    0,
    0,
    0,
    0,
    0,
    0,
    0,
    0,
    0,
    0,
    0,
    0,
    0,
    0,
    0,
    0,
    0,
    0,
    0,
    0,
    0,
    0,
    1,
    1,
    1,
    1,
    1,
    1,
    1,
    1,
    1,
    1,
    1,
    1
  ],
  "y_pred": [
    0,
    0,
    0,
    0,
    0,
    0,
    0,
    0,
    0,
    0,
    0,
    0,
    0,
    0,
    0,
    0,
    0,
    0,
    0,
    0,
    0,
    0,
    0,
    0,
    0,
    0,
    0,
    0,
    0,
    0,
    0,
    0,
    0,
    0,
    0,
    0,
    0,
    0,
    0,
    0,
    0,
    0,
    0,
    0,
    0,
    0,
    0,
    0,
    0,
    0,
    0,
    0,
    0,
    0,
    0,
    0,
    0,
    0,
    0,
    0,
    0,
    0,
    0,
    1,
    1,
    1,
    1,
    1,
    0,
    0,
    0,
    0,
    0,
    1,
    1
  ],
  "y_prob": [
    0.140019953250885,
    0.03190936893224716,
    0.25122901797294617,
    0.07765690982341766,
    0.39253249764442444,
    0.009785580448806286,
    0.014164287596940994,
    0.02253440022468567,
    0.049169473350048065,
    0.03304389491677284,
    0.023371918126940727,
    0.02069520391523838,
    0.009734058752655983,
    0.0059654186479747295,
    0.01633107103407383,
    0.010779507458209991,
    0.018855642527341843,
    0.1698651909828186,
    0.023811325430870056,
    0.014981710352003574,
    0.022272728383541107,
    0.012920551933348179,
    0.05300219729542732,
    0.009479174390435219,
    0.009078891947865486,
    0.018725210800766945,
    0.020139945670962334,
    0.04493343457579613,
    0.03222170099616051,
    0.02412937767803669,
    0.005672542843967676,
    0.011184083297848701,
    0.017373573035001755,
    0.21878738701343536,
    0.093482606112957,
    0.10354340821504593,
    0.01611819490790367,
    0.13603821396827698,
    0.030370056629180908,
    0.02758869156241417,
    0.011883973143994808,
    0.024106640368700027,
    0.01453427504748106,
    0.149759441614151,
    0.02528538554906845,
    0.02850438468158245,
    0.015039167366921902,
    0.005188435316085815,
    0.02150479145348072,
    0.008893335238099098,
    0.15613527595996857,
    0.007451076991856098,
    0.01564730703830719,
    0.01444804947823286,
    0.004210272803902626,
    0.008928198367357254,
    0.3698912262916565,
    0.05557253211736679,
    0.045489851385354996,
    0.009899807162582874,
    0.02124052122235298,
    0.007844628766179085,
    0.09863076359033585,
    0.9993300437927246,
    0.9517293572425842,
    0.9786402583122253,
    0.998565137386322,
    0.99870765209198,
    0.3696169853210449,
    0.0861969143152237,
    0.23031215369701385,
    0.3423175513744354,
    0.0519917868077755,
    0.9539486765861511,
    0.9851153492927551
  ]
}