{
  "accuracy": 0.96,
  "balanced_accuracy": 0.875,
  "precision": 1.0,
  "recall": 0.75,
  "f1": 0.8571428571428571,
  "roc_auc": 0.9583333333333334,
  "pr_auc": 0.8771929824561405,
  "class_distribution": {
    "0": 63,
    "1": 12
  },
  "per_class_precision_recall": {
    "class_0": {
      "precision": 0.9545454545454546,
      "recall": 1.0
    },
    "class_1": {
      "precision": 1.0,
      "recall": 0.75
    }
  },
  "confusion_matrix": {
    "tn": 63,
    "fp": 0,
    "fn": 3,
    "tp": 9
  },
  "confusion_matrix_normalized": {
    "tn": 1.0,
    "fp": 0.0,
    "fn": 0.25,
    "tp": 0.75
  },
  "threshold": 0.3,
  "n_samples": 75,
  "mean_probability": 0.14659999310970306
}