{
  "accuracy": 0.9466666666666667,
  "balanced_accuracy": 0.8333333333333333,
  "precision": 1.0,
  "recall": 0.6666666666666666,
  "f1": 0.8,
  "roc_auc": 0.91005291005291,
  "pr_auc": 0.8331584081109699,
  "class_distribution": {
    "0": 63,
    "1": 12
  },
  "per_class_precision_recall": {
    "class_0": {
      "precision": 0.9402985074626866,
      "recall": 1.0
    },
    "class_1": {
      "precision": 1.0,
      "recall": 0.6666666666666666
    }
  },
  "confusion_matrix": {
    "tn": 63,
    "fp": 0,
    "fn": 4,
    "tp": 8
  },
  "confusion_matrix_normalized": {
    "tn": 1.0,
    "fp": 0.0,
    "fn": 0.3333333333333333,
    "tp": 0.6666666666666666
  },
  "threshold": 0.3,
  "n_samples": 75,
  "mean_probability": 0.12866666913032532
}