{
  "precision": [
    0.16,
    0.16216216216216217,
    0.1643835616438356,
    0.16666666666666666,
    0.16901408450704225,
    0.17142857142857143,
    0.17391304347826086,
    0.17647058823529413,
    0.1791044776119403,
    0.18181818181818182,
    0.18461538461538463,
    0.1875,
    0.19047619047619047,
    0.1935483870967742,
    0.19672131147540983,
    0.2,
    0.2033898305084746,
    0.20689655172413793,
    0.21052631578947367,
    0.21428571428571427,
    0.21818181818181817,
    0.2222222222222222,
    0.22641509433962265,
    0.23076923076923078,
    0.23529411764705882,
    0.24,
    0.24489795918367346,
    0.25,
    0.2553191489361702,
    0.2608695652173913,
    0.26666666666666666,
    0.2727272727272727,
    0.27906976744186046,
    0.2857142857142857,
    0.2926829268292683,
    0.3,
    0.3076923076923077,
    0.3157894736842105,
    0.32432432432432434,
    0.3333333333333333,
    0.34285714285714286,
    0.35294117647058826,
    0.36363636363636365,
    0.375,
    0.3870967741935484,
    0.4,
    0.41379310344827586,
    0.42857142857142855,
    0.4444444444444444,
    0.46153846153846156,
    0.44,
    0.4583333333333333,
    0.4782608695652174,
    0.5,
    0.47619047619047616,
    0.5,
    0.5263157894736842,
    0.5555555555555556,
    0.5882352941176471,
    0.625,
    0.6666666666666666,
    0.7142857142857143,
    0.7692307692307693,
    0.8333333333333334,
    0.9090909090909091,
    0.9,
    0.8888888888888888,
    0.875,
    1.0,
    1.0,
    1.0,
    1.0,
    1.0,
    1.0,
    1.0,
    1.0
  ],
  "recall": [
    1.0,
    1.0,
    1.0,
    1.0,
    1.0,
    1.0,
    1.0,
    1.0,
    1.0,
    1.0,
    1.0,
    1.0,
    1.0,
    1.0,
    1.0,
    1.0,
    1.0,
    1.0,
    1.0,
    1.0,
    1.0,
    1.0,
    1.0,
    1.0,
    1.0,
    1.0,
    1.0,
    1.0,
    1.0,
    1.0,
    1.0,
    1.0,
    1.0,
    1.0,
    1.0,
    1.0,
    1.0,
    1.0,
    1.0,
    1.0,
    1.0,
    1.0,
    1.0,
    1.0,
    1.0,
    1.0,
    1.0,
    1.0,
    1.0,
    1.0,
    0.9166666666666666,
    0.9166666666666666,
    0.9166666666666666,
    0.9166666666666666,
    0.8333333333333334,
    0.8333333333333334,
    0.8333333333333334,
    0.8333333333333334,
    0.8333333333333334,
    0.8333333333333334,
    0.8333333333333334,
    0.8333333333333334,
    0.8333333333333334,
    0.8333333333333334,
    0.8333333333333334,
    0.75,
    0.6666666666666666,
    0.5833333333333334,
    0.5833333333333334,
    0.5,
    0.4166666666666667,
    0.3333333333333333,
    0.25,
    0.16666666666666666,
    0.08333333333333333,
    0.0
  ],
  "thresholds": [
    0.0034851147793233395,
    0.0048602186143398285,
    0.0049160984344780445,
    0.006145479157567024,
    0.006632266566157341,
    0.007407468743622303,
    0.007881052792072296,
    0.009471123106777668,
    0.00958595983684063,
    0.009637934155762196,
    0.010068287141621113,
    0.010549861937761307,
    0.010995853692293167,
    0.011782844550907612,
    0.012721390463411808,
    0.014076188206672668,
    0.015347677282989025,
    0.016348659992218018,
    0.017870936542749405,
    0.018095560371875763,
    0.019152505323290825,
    0.01969510316848755,
    0.02015533298254013,
    0.020767638459801674,
    0.02098340168595314,
    0.02291298843920231,
    0.024141957983374596,
    0.027562880888581276,
    0.02781047113239765,
    0.028959302231669426,
    0.02914111502468586,
    0.029193801805377007,
    0.02964082919061184,
    0.030385654419660568,
    0.03152601793408394,
    0.031836677342653275,
    0.03187721595168114,
    0.0319535993039608,
    0.033377960324287415,
    0.03629472106695175,
    0.042563602328300476,
    0.046884745359420776,
    0.049965858459472656,
    0.05036115646362305,
    0.05312706530094147,
    0.055427346378564835,
    0.05608706921339035,
    0.05898236483335495,
    0.06049319729208946,
    0.0636095404624939,
    0.08213619142770767,
    0.09312126785516739,
    0.13032473623752594,
    0.14594022929668427,
    0.15256419777870178,
    0.16948695480823517,
    0.18026535212993622,
    0.18141861259937286,
    0.2004658281803131,
    0.22065965831279755,
    0.2518013119697571,
    0.27895912528038025,
    0.37478089332580566,
    0.37850651144981384,
    0.39200127124786377,
    0.46712008118629456,
    0.4705396592617035,
    0.7151302695274353,
    0.8675458431243896,
    0.8978598713874817,
    0.9606195092201233,
    0.9689950942993164,
    0.9951137900352478,
    0.9969466328620911,
    0.9972749352455139
  ]
}