{
  "y_true": [
    0,
    0,
    0,
    0,
    0,
    0,
    0,
    0,
    0,
    0,
    0,
    0,
    0,
    0,
    0,
    0,
    0,
    0,
    0,
    0,
    0,
    0,
    0,
    0,
    0,
    0,
    0,
    0,
    0,
    0,
    0,
    0,
    0,
    0,
    0,
    0,
    0,
    0,
    0,
    0,
    0,
    0,
    0,
    0,
    0,
    0,
    0,
    0,
    0,
    0,
    0,
    0,
    0,
    0,
    0,
    0,
    0,
    0,
    0,
    0,
    0,
    0,
    0,
    1,
    1,
    1,
    1,
    1,
    1,
    1,
    1,
    1,
    1,
    1,
    1
  ],
  "y_pred": [
    0,
    0,
    1,
    0,
    1,
    0,
    0,
    0,
    0,
    0,
    0,
    0,
    0,
    0,
    0,
    0,
    0,
    0,
    0,
    0,
    0,
    0,
    0,
    0,
    0,
    0,
    0,
    0,
    0,
    0,
    0,
    0,
    0,
    0,
    0,
    0,
    0,
    0,
    0,
    0,
    0,
    0,
    0,
    0,
    0,
    0,
    0,
    0,
    0,
    0,
    0,
    0,
    0,
    0,
    0,
    0,
    1,
    0,
    0,
    0,
    0,
    0,
    0,
    1,
    1,
    1,
    1,
    1,
    1,
    0,
    1,
    1,
    0,
    1,
    1
  ],
  "y_prob": [
    0.08213619142770767,
    0.03187721595168114,
    0.37850651144981384,
    0.27895912528038025,
    0.7151302695274353,
    0.018095560371875763,
    0.010068287141621113,
    0.031836677342653275,
    0.06049319729208946,
    0.03152601793408394,
    0.0319535993039608,
    0.02964082919061184,
    0.01969510316848755,
    0.010995853692293167,
    0.019152505323290825,
    0.010549861937761307,
    0.05312706530094147,
    0.22065965831279755,
    0.05608706921339035,
    0.02291298843920231,
    0.02098340168595314,
    0.012721390463411808,
    0.09312126785516739,
    0.007881052792072296,
    0.016348659992218018,
    0.02914111502468586,
    0.014076188206672668,
    0.042563602328300476,
    0.027562880888581276,
    0.015347677282989025,
    0.0049160984344780445,
    0.00958595983684063,
    0.017870936542749405,
    0.2518013119697571,
    0.18141861259937286,
    0.16948695480823517,
    0.024141957983374596,
    0.18026535212993622,
    0.03629472106695175,
    0.055427346378564835,
    0.030385654419660568,
    0.02781047113239765,
    0.033377960324287415,
    0.13032473623752594,
    0.046884745359420776,
    0.05036115646362305,
    0.029193801805377007,
    0.006145479157567024,
    0.020767638459801674,
    0.009471123106777668,
    0.2004658281803131,
    0.0034851147793233395,
    0.011782844550907612,
    0.028959302231669426,
    0.0048602186143398285,
    0.007407468743622303,
    0.37478089332580566,
    0.05898236483335495,
    0.049965858459472656,
    0.009637934155762196,
    0.02015533298254013,
    0.006632266566157341,
    0.15256419777870178,
    0.9972749352455139,
    0.8978598713874817,
    0.9606195092201233,
    0.9951137900352478,
    0.9969466328620911,
    0.4705396592617035,
    0.14594022929668427,
    0.39200127124786377,
    0.46712008118629456,
    0.0636095404624939,
    0.8675458431243896,
    0.9689950942993164
  ]
}