{
  "accuracy": 0.9333333333333333,
  "balanced_accuracy": 0.8591269841269842,
  "precision": 0.8181818181818182,
  "recall": 0.75,
  "f1": 0.7826086956521738,
  "roc_auc": 0.9642857142857144,
  "pr_auc": 0.8899455337690633,
  "class_distribution": {
    "0": 63,
    "1": 12
  },
  "per_class_precision_recall": {
    "class_0": {
      "precision": 0.953125,
      "recall": 0.9682539682539683
    },
    "class_1": {
      "precision": 0.8181818181818182,
      "recall": 0.75
    }
  },
  "confusion_matrix": {
    "tn": 61,
    "fp": 2,
    "fn": 3,
    "tp": 9
  },
  "confusion_matrix_normalized": {
    "tn": 0.9682539682539683,
    "fp": 0.031746031746031744,
    "fn": 0.25,
    "tp": 0.75
  },
  "threshold": 0.3,
  "n_samples": 75,
  "mean_probability": 0.13491299748420715,
  "pr_curve": {
    "precision": [
      0.16,
      0.16216216216216217,
      0.1643835616438356,
      0.16666666666666666,
      0.16901408450704225,
      0.17142857142857143,
      0.17391304347826086,
      0.17647058823529413,
      0.1791044776119403,
      0.18181818181818182,
      0.18461538461538463,
      0.1875,
      0.19047619047619047,
      0.1935483870967742,
      0.19672131147540983,
      0.2,
      0.2033898305084746,
      0.20689655172413793,
      0.21052631578947367,
      0.21428571428571427,
      0.21818181818181817,
      0.2222222222222222,
      0.22641509433962265,
      0.23076923076923078,
      0.23529411764705882,
      0.24,
      0.24489795918367346,
      0.25,
      0.2553191489361702,
      0.2608695652173913,
      0.26666666666666666,
      0.2727272727272727,
      0.27906976744186046,
      0.2857142857142857,
      0.2926829268292683,
      0.3,
      0.3076923076923077,
      0.3157894736842105,
      0.32432432432432434,
      0.3333333333333333,
      0.34285714285714286,
      0.35294117647058826,
      0.36363636363636365,
      0.375,
      0.3870967741935484,
      0.4,
      0.41379310344827586,
      0.42857142857142855,
      0.4444444444444444,
      0.46153846153846156,
      0.48,
      0.4583333333333333,
      0.4782608695652174,
      0.5,
      0.5238095238095238,
      0.55,
      0.5789473684210527,
      0.6111111111111112,
      0.5882352941176471,
      0.5625,
      0.6,
      0.6428571428571429,
      0.6923076923076923,
      0.75,
      0.8181818181818182,
      0.9,
      1.0,
      1.0,
      1.0,
      1.0,
      1.0,
      1.0,
      1.0,
      1.0,
      1.0,
      1.0
    ],
    "recall": [
      1.0,
      1.0,
      1.0,
      1.0,
      1.0,
      1.0,
      1.0,
      1.0,
      1.0,
      1.0,
      1.0,
      1.0,
      1.0,
      1.0,
      1.0,
      1.0,
      1.0,
      1.0,
      1.0,
      1.0,
      1.0,
      1.0,
      1.0,
      1.0,
      1.0,
      1.0,
      1.0,
      1.0,
      1.0,
      1.0,
      1.0,
      1.0,
      1.0,
      1.0,
      1.0,
      1.0,
      1.0,
      1.0,
      1.0,
      1.0,
      1.0,
      1.0,
      1.0,
      1.0,
      1.0,
      1.0,
      1.0,
      1.0,
      1.0,
      1.0,
      1.0,
      0.9166666666666666,
      0.9166666666666666,
      0.9166666666666666,
      0.9166666666666666,
      0.9166666666666666,
      0.9166666666666666,
      0.9166666666666666,
      0.8333333333333334,
      0.75,
      0.75,
      0.75,
      0.75,
      0.75,
      0.75,
      0.75,
      0.75,
      0.6666666666666666,
      0.5833333333333334,
      0.5,
      0.4166666666666667,
      0.3333333333333333,
      0.25,
      0.16666666666666666,
      0.08333333333333333,
      0.0
    ],
    "thresholds": [
      0.0019171771127730608,
      0.00267656403593719,
      0.002881815191358328,
      0.003071179846301675,
      0.0034076659940183163,
      0.0035212209913879633,
      0.003673615399748087,
      0.004148701671510935,
      0.0046487776562571526,
      0.004692309070378542,
      0.004896238911896944,
      0.004967065062373877,
      0.0049886563792824745,
      0.005235564894974232,
      0.0054947747848927975,
      0.005606337450444698,
      0.0063695283606648445,
      0.006478321272879839,
      0.006698191165924072,
      0.007195340935140848,
      0.007456852123141289,
      0.009492198936641216,
      0.009725536219775677,
      0.009981902316212654,
      0.010778754018247128,
      0.01128752063959837,
      0.011921131052076817,
      0.013168560341000557,
      0.013789767399430275,
      0.014205381274223328,
      0.016619108617305756,
      0.01680152676999569,
      0.01741827093064785,
      0.018201975151896477,
      0.018329329788684845,
      0.019185660406947136,
      0.02041511796414852,
      0.020454443991184235,
      0.022860700264573097,
      0.024534041061997414,
      0.02473071590065956,
      0.026633480563759804,
      0.02761209011077881,
      0.027818122878670692,
      0.028636595234274864,
      0.039708856493234634,
      0.04215381667017937,
      0.04267837107181549,
      0.04336590692400932,
      0.04386415332555771,
      0.04718389734625816,
      0.05354733392596245,
      0.053774643689394,
      0.05732158571481705,
      0.06456203758716583,
      0.07046917825937271,
      0.07477230578660965,
      0.076265849173069,
      0.09954359382390976,
      0.10477936267852783,
      0.10883305221796036,
      0.15049844980239868,
      0.15611109137535095,
      0.1947709619998932,
      0.3162614703178406,
      0.40357017517089844,
      0.438195139169693,
      0.4389772117137909,
      0.7249388098716736,
      0.8215912580490112,
      0.9744763374328613,
      0.980245053768158,
      0.9821810722351074,
      0.9838162660598755,
      0.9953895807266235
    ]
  }
}