{
  "y_true": [
    0,
    0,
    0,
    0,
    0,
    0,
    0,
    0,
    0,
    0,
    0,
    0,
    0,
    0,
    0,
    0,
    0,
    0,
    0,
    0,
    0,
    0,
    0,
    0,
    0,
    0,
    0,
    0,
    0,
    0,
    0,
    0,
    0,
    0,
    0,
    0,
    0,
    0,
    0,
    0,
    0,
    0,
    0,
    0,
    0,
    0,
    0,
    0,
    0,
    0,
    0,
    0,
    0,
    0,
    0,
    0,
    0,
    0,
    0,
    0,
    0,
    0,
    0,
    1,
    1,
    1,
    1,
    1,
    1,
    1,
    1,
    1,
    1,
    1,
    1
  ],
  "y_pred": [
    0,
    0,
    0,
    0,
    1,
    0,
    0,
    0,
    0,
    0,
    0,
    0,
    0,
    0,
    0,
    0,
    0,
    0,
    0,
    0,
    0,
    0,
    0,
    0,
    0,
    0,
    0,
    0,
    0,
    0,
    0,
    0,
    0,
    0,
    0,
    0,
    0,
    1,
    0,
    0,
    0,
    0,
    0,
    0,
    0,
    0,
    0,
    0,
    0,
    0,
    0,
    0,
    0,
    0,
    0,
    0,
    0,
    0,
    0,
    0,
    0,
    0,
    0,
    1,
    1,
    1,
    1,
    1,
    1,
    0,
    0,
    1,
    0,
    1,
    1
  ],
  "y_prob": [
    0.04386415332555771,
    0.026633480563759804,
    0.10883305221796036,
    0.053774643689394,
    0.40357017517089844,
    0.009725536219775677,
    0.003673615399748087,
    0.018201975151896477,
    0.07046917825937271,
    0.02761209011077881,
    0.007195340935140848,
    0.01128752063959837,
    0.0035212209913879633,
    0.005235564894974232,
    0.004896238911896944,
    0.004967065062373877,
    0.014205381274223328,
    0.07477230578660965,
    0.02041511796414852,
    0.01741827093064785,
    0.013789767399430275,
    0.006698191165924072,
    0.04267837107181549,
    0.0046487776562571526,
    0.006478321272879839,
    0.016619108617305756,
    0.0063695283606648445,
    0.039708856493234634,
    0.010778754018247128,
    0.009492198936641216,
    0.004692309070378542,
    0.013168560341000557,
    0.0054947747848927975,
    0.15611109137535095,
    0.10477936267852783,
    0.06456203758716583,
    0.011921131052076817,
    0.3162614703178406,
    0.04336590692400932,
    0.019185660406947136,
    0.027818122878670692,
    0.02473071590065956,
    0.022860700264573097,
    0.1947709619998932,
    0.01680152676999569,
    0.024534041061997414,
    0.009981902316212654,
    0.0034076659940183163,
    0.020454443991184235,
    0.004148701671510935,
    0.15049844980239868,
    0.0019171771127730608,
    0.00267656403593719,
    0.018329329788684845,
    0.002881815191358328,
    0.005606337450444698,
    0.05354733392596245,
    0.05732158571481705,
    0.028636595234274864,
    0.0049886563792824745,
    0.007456852123141289,
    0.003071179846301675,
    0.04215381667017937,
    0.9953895807266235,
    0.8215912580490112,
    0.9821810722351074,
    0.980245053768158,
    0.9838162660598755,
    0.438195139169693,
    0.076265849173069,
    0.09954359382390976,
    0.4389772117137909,
    0.04718389734625816,
    0.7249388098716736,
    0.9744763374328613
  ]
}