{
  "accuracy": 0.8933333333333333,
  "balanced_accuracy": 0.7341269841269842,
  "precision": 0.75,
  "recall": 0.5,
  "f1": 0.6,
  "roc_auc": 0.8505291005291005,
  "pr_auc": 0.7005088768871913,
  "class_distribution": {
    "0": 63,
    "1": 12
  },
  "per_class_precision_recall": {
    "class_0": {
      "precision": 0.9104477611940298,
      "recall": 0.9682539682539683
    },
    "class_1": {
      "precision": 0.75,
      "recall": 0.5
    }
  },
  "confusion_matrix": {
    "tn": 61,
    "fp": 2,
    "fn": 6,
    "tp": 6
  },
  "confusion_matrix_normalized": {
    "tn": 0.9682539682539683,
    "fp": 0.031746031746031744,
    "fn": 0.5,
    "tp": 0.5
  },
  "threshold": 0.3,
  "n_samples": 75,
  "mean_probability": 0.17933832108974457,
  "pr_curve": {
    "precision": [
      0.16,
      0.16216216216216217,
      0.1643835616438356,
      0.16666666666666666,
      0.16901408450704225,
      0.17142857142857143,
      0.17391304347826086,
      0.17647058823529413,
      0.1791044776119403,
      0.18181818181818182,
      0.18461538461538463,
      0.1875,
      0.19047619047619047,
      0.1935483870967742,
      0.19672131147540983,
      0.2,
      0.2033898305084746,
      0.20689655172413793,
      0.21052631578947367,
      0.21428571428571427,
      0.21818181818181817,
      0.2222222222222222,
      0.22641509433962265,
      0.23076923076923078,
      0.23529411764705882,
      0.24,
      0.24489795918367346,
      0.25,
      0.2553191489361702,
      0.2608695652173913,
      0.26666666666666666,
      0.2727272727272727,
      0.2558139534883721,
      0.2619047619047619,
      0.2682926829268293,
      0.25,
      0.2564102564102564,
      0.2631578947368421,
      0.2702702702702703,
      0.2777777777777778,
      0.2857142857142857,
      0.29411764705882354,
      0.30303030303030304,
      0.3125,
      0.3225806451612903,
      0.3333333333333333,
      0.3448275862068966,
      0.32142857142857145,
      0.2962962962962963,
      0.3076923076923077,
      0.32,
      0.3333333333333333,
      0.34782608695652173,
      0.36363636363636365,
      0.38095238095238093,
      0.4,
      0.42105263157894735,
      0.3888888888888889,
      0.4117647058823529,
      0.4375,
      0.4666666666666667,
      0.5,
      0.5384615384615384,
      0.5833333333333334,
      0.6363636363636364,
      0.7,
      0.7777777777777778,
      0.75,
      0.8571428571428571,
      1.0,
      1.0,
      1.0,
      1.0,
      1.0,
      1.0,
      1.0
    ],
    "recall": [
      1.0,
      1.0,
      1.0,
      1.0,
      1.0,
      1.0,
      1.0,
      1.0,
      1.0,
      1.0,
      1.0,
      1.0,
      1.0,
      1.0,
      1.0,
      1.0,
      1.0,
      1.0,
      1.0,
      1.0,
      1.0,
      1.0,
      1.0,
      1.0,
      1.0,
      1.0,
      1.0,
      1.0,
      1.0,
      1.0,
      1.0,
      1.0,
      0.9166666666666666,
      0.9166666666666666,
      0.9166666666666666,
      0.8333333333333334,
      0.8333333333333334,
      0.8333333333333334,
      0.8333333333333334,
      0.8333333333333334,
      0.8333333333333334,
      0.8333333333333334,
      0.8333333333333334,
      0.8333333333333334,
      0.8333333333333334,
      0.8333333333333334,
      0.8333333333333334,
      0.75,
      0.6666666666666666,
      0.6666666666666666,
      0.6666666666666666,
      0.6666666666666666,
      0.6666666666666666,
      0.6666666666666666,
      0.6666666666666666,
      0.6666666666666666,
      0.6666666666666666,
      0.5833333333333334,
      0.5833333333333334,
      0.5833333333333334,
      0.5833333333333334,
      0.5833333333333334,
      0.5833333333333334,
      0.5833333333333334,
      0.5833333333333334,
      0.5833333333333334,
      0.5833333333333334,
      0.5,
      0.5,
      0.5,
      0.4166666666666667,
      0.3333333333333333,
      0.25,
      0.16666666666666666,
      0.08333333333333333,
      0.0
    ],
    "thresholds": [
      0.08591760694980621,
      0.0874033123254776,
      0.0875515565276146,
      0.08830533921718597,
      0.08857212215662003,
      0.08866149932146072,
      0.08883466571569443,
      0.08921164274215698,
      0.08922271430492401,
      0.08977669477462769,
      0.08978055417537689,
      0.08985832333564758,
      0.08999881148338318,
      0.09003692120313644,
      0.09013389050960541,
      0.09016230702400208,
      0.09021516144275665,
      0.09025885164737701,
      0.09066382050514221,
      0.09075400233268738,
      0.09098657965660095,
      0.09101410955190659,
      0.09104535728693008,
      0.0911082923412323,
      0.09133640676736832,
      0.09139975905418396,
      0.09140267223119736,
      0.09144999086856842,
      0.09146744012832642,
      0.0914803221821785,
      0.09150101244449615,
      0.09164861589670181,
      0.09211678802967072,
      0.09216543287038803,
      0.09224078804254532,
      0.0924992561340332,
      0.09282156080007553,
      0.09294548630714417,
      0.09305766224861145,
      0.09315504133701324,
      0.09321901202201843,
      0.09335380047559738,
      0.09377118200063705,
      0.09378592669963837,
      0.09511053562164307,
      0.09515507519245148,
      0.09548427164554596,
      0.09598693996667862,
      0.09684707224369049,
      0.09779452532529831,
      0.09853927046060562,
      0.09881941974163055,
      0.10025574266910553,
      0.10326702147722244,
      0.1032804325222969,
      0.10442141443490982,
      0.10534826666116714,
      0.10562000423669815,
      0.10575902462005615,
      0.10610007494688034,
      0.10662827640771866,
      0.10699248313903809,
      0.10745569318532944,
      0.11442746967077255,
      0.11449620872735977,
      0.14798954129219055,
      0.29659900069236755,
      0.5406163930892944,
      0.8055477142333984,
      0.8185815811157227,
      0.819461464881897,
      0.9647872447967529,
      0.9666942358016968,
      0.9676260948181152,
      0.9683896899223328
    ]
  }
}