{
  "y_true": [
    0,
    0,
    0,
    0,
    0,
    0,
    0,
    0,
    0,
    0,
    0,
    0,
    0,
    0,
    0,
    0,
    0,
    0,
    0,
    0,
    0,
    0,
    0,
    0,
    0,
    0,
    0,
    0,
    0,
    0,
    0,
    0,
    0,
    0,
    0,
    0,
    0,
    0,
    0,
    0,
    0,
    0,
    0,
    0,
    0,
    0,
    0,
    0,
    0,
    0,
    0,
    0,
    0,
    0,
    0,
    0,
    0,
    0,
    0,
    0,
    0,
    0,
    0,
    1,
    1,
    1,
    1,
    1,
    1,
    1,
    1,
    1,
    1,
    1,
    1
  ],
  "y_pred": [
    0,
    0,
    0,
    1,
    0,
    0,
    0,
    0,
    0,
    0,
    0,
    0,
    0,
    0,
    0,
    0,
    0,
    0,
    0,
    0,
    0,
    0,
    0,
    0,
    0,
    0,
    0,
    0,
    0,
    0,
    0,
    0,
    0,
    0,
    0,
    0,
    0,
    0,
    0,
    0,
    0,
    0,
    0,
    1,
    0,
    0,
    0,
    0,
    0,
    0,
    0,
    0,
    0,
    0,
    0,
    0,
    0,
    0,
    0,
    0,
    0,
    0,
    0,
    1,
    1,
    1,
    1,
    1,
    0,
    0,
    0,
    0,
    0,
    0,
    1
  ],
  "y_prob": [
    0.08977669477462769,
    0.08921164274215698,
    0.10699248313903809,
    0.8055477142333984,
    0.14798954129219055,
    0.08866149932146072,
    0.09146744012832642,
    0.11442746967077255,
    0.0911082923412323,
    0.10025574266910553,
    0.09305766224861145,
    0.09021516144275665,
    0.1032804325222969,
    0.10326702147722244,
    0.09133640676736832,
    0.09216543287038803,
    0.09853927046060562,
    0.10745569318532944,
    0.10662827640771866,
    0.09511053562164307,
    0.09140267223119736,
    0.08978055417537689,
    0.10575902462005615,
    0.09315504133701324,
    0.08999881148338318,
    0.09098657965660095,
    0.09377118200063705,
    0.09282156080007553,
    0.09335380047559738,
    0.08857212215662003,
    0.09066382050514221,
    0.09139975905418396,
    0.09025885164737701,
    0.09321901202201843,
    0.09294548630714417,
    0.09150101244449615,
    0.08830533921718597,
    0.09104535728693008,
    0.10610007494688034,
    0.09881941974163055,
    0.0914803221821785,
    0.08883466571569443,
    0.08985832333564758,
    0.5406163930892944,
    0.10442141443490982,
    0.09003692120313644,
    0.09779452532529831,
    0.09515507519245148,
    0.09378592669963837,
    0.0875515565276146,
    0.08591760694980621,
    0.09016230702400208,
    0.09211678802967072,
    0.09075400233268738,
    0.09013389050960541,
    0.09101410955190659,
    0.0924992561340332,
    0.11449620872735977,
    0.09144999086856842,
    0.08922271430492401,
    0.0874033123254776,
    0.10562000423669815,
    0.09684707224369049,
    0.9676260948181152,
    0.819461464881897,
    0.9666942358016968,
    0.9647872447967529,
    0.9683896899223328,
    0.09598693996667862,
    0.09164861589670181,
    0.10534826666116714,
    0.09548427164554596,
    0.09224078804254532,
    0.29659900069236755,
    0.8185815811157227
  ]
}