{
  "accuracy": 0.8933333333333333,
  "balanced_accuracy": 0.7678571428571428,
  "precision": 0.7,
  "recall": 0.5833333333333334,
  "f1": 0.6363636363636365,
  "roc_auc": 0.8214285714285715,
  "pr_auc": 0.7071880665630667,
  "class_distribution": {
    "0": 63,
    "1": 12
  },
  "per_class_precision_recall": {
    "class_0": {
      "precision": 0.9230769230769231,
      "recall": 0.9523809523809523
    },
    "class_1": {
      "precision": 0.7,
      "recall": 0.5833333333333334
    }
  },
  "confusion_matrix": {
    "tn": 60,
    "fp": 3,
    "fn": 5,
    "tp": 7
  },
  "confusion_matrix_normalized": {
    "tn": 0.9523809523809523,
    "fp": 0.047619047619047616,
    "fn": 0.4166666666666667,
    "tp": 0.5833333333333334
  },
  "threshold": 0.3,
  "n_samples": 75,
  "mean_probability": 0.20967181026935577,
  "pr_curve": {
    "precision": [
      0.16,
      0.16216216216216217,
      0.1643835616438356,
      0.16666666666666666,
      0.16901408450704225,
      0.17142857142857143,
      0.17391304347826086,
      0.17647058823529413,
      0.1791044776119403,
      0.18181818181818182,
      0.18461538461538463,
      0.171875,
      0.1746031746031746,
      0.1774193548387097,
      0.18032786885245902,
      0.18333333333333332,
      0.1864406779661017,
      0.1896551724137931,
      0.19298245614035087,
      0.19642857142857142,
      0.2,
      0.2037037037037037,
      0.20754716981132076,
      0.21153846153846154,
      0.21568627450980393,
      0.22,
      0.22448979591836735,
      0.22916666666666666,
      0.2127659574468085,
      0.21739130434782608,
      0.2222222222222222,
      0.22727272727272727,
      0.23255813953488372,
      0.23809523809523808,
      0.24390243902439024,
      0.25,
      0.2564102564102564,
      0.2631578947368421,
      0.2702702702702703,
      0.2777777777777778,
      0.2857142857142857,
      0.29411764705882354,
      0.30303030303030304,
      0.28125,
      0.2903225806451613,
      0.3,
      0.3103448275862069,
      0.32142857142857145,
      0.3333333333333333,
      0.34615384615384615,
      0.36,
      0.375,
      0.391304347826087,
      0.4090909090909091,
      0.42857142857142855,
      0.45,
      0.42105263157894735,
      0.4444444444444444,
      0.4117647058823529,
      0.4375,
      0.4666666666666667,
      0.5,
      0.5384615384615384,
      0.5833333333333334,
      0.6363636363636364,
      0.7,
      0.7777777777777778,
      0.875,
      0.8571428571428571,
      1.0,
      1.0,
      1.0,
      1.0,
      1.0,
      1.0,
      1.0
    ],
    "recall": [
      1.0,
      1.0,
      1.0,
      1.0,
      1.0,
      1.0,
      1.0,
      1.0,
      1.0,
      1.0,
      1.0,
      0.9166666666666666,
      0.9166666666666666,
      0.9166666666666666,
      0.9166666666666666,
      0.9166666666666666,
      0.9166666666666666,
      0.9166666666666666,
      0.9166666666666666,
      0.9166666666666666,
      0.9166666666666666,
      0.9166666666666666,
      0.9166666666666666,
      0.9166666666666666,
      0.9166666666666666,
      0.9166666666666666,
      0.9166666666666666,
      0.9166666666666666,
      0.8333333333333334,
      0.8333333333333334,
      0.8333333333333334,
      0.8333333333333334,
      0.8333333333333334,
      0.8333333333333334,
      0.8333333333333334,
      0.8333333333333334,
      0.8333333333333334,
      0.8333333333333334,
      0.8333333333333334,
      0.8333333333333334,
      0.8333333333333334,
      0.8333333333333334,
      0.8333333333333334,
      0.75,
      0.75,
      0.75,
      0.75,
      0.75,
      0.75,
      0.75,
      0.75,
      0.75,
      0.75,
      0.75,
      0.75,
      0.75,
      0.6666666666666666,
      0.6666666666666666,
      0.5833333333333334,
      0.5833333333333334,
      0.5833333333333334,
      0.5833333333333334,
      0.5833333333333334,
      0.5833333333333334,
      0.5833333333333334,
      0.5833333333333334,
      0.5833333333333334,
      0.5833333333333334,
      0.5,
      0.5,
      0.4166666666666667,
      0.3333333333333333,
      0.25,
      0.16666666666666666,
      0.08333333333333333,
      0.0
    ],
    "thresholds": [
      0.11552742123603821,
      0.11660803109407425,
      0.11700435727834702,
      0.1174674779176712,
      0.11759383231401443,
      0.11775555461645126,
      0.1180024966597557,
      0.11829084903001785,
      0.11850983649492264,
      0.118514783680439,
      0.11852578073740005,
      0.1185828149318695,
      0.1185959056019783,
      0.11865989118814468,
      0.118721142411232,
      0.11886188387870789,
      0.11915960162878036,
      0.11941097676753998,
      0.11942332983016968,
      0.11978066712617874,
      0.1199852004647255,
      0.12003173679113388,
      0.1202949658036232,
      0.12077415734529495,
      0.12082789093255997,
      0.12087836116552353,
      0.12096177041530609,
      0.12111803889274597,
      0.12115335464477539,
      0.12128471583127975,
      0.12129518389701843,
      0.12131292372941971,
      0.12134920060634613,
      0.1213851198554039,
      0.12143716216087341,
      0.12159760296344757,
      0.12190497666597366,
      0.12231743335723877,
      0.12247107177972794,
      0.12257513403892517,
      0.12264612317085266,
      0.12266514450311661,
      0.12289777398109436,
      0.12294565886259079,
      0.12390512973070145,
      0.12416010349988937,
      0.12418706715106964,
      0.12538841366767883,
      0.1256435364484787,
      0.12697361409664154,
      0.12734411656856537,
      0.12795795500278473,
      0.12813431024551392,
      0.12856751680374146,
      0.12875996530056,
      0.12932583689689636,
      0.1297553926706314,
      0.1311236321926117,
      0.13141439855098724,
      0.13269160687923431,
      0.1328786164522171,
      0.13928894698619843,
      0.14788219332695007,
      0.1561066210269928,
      0.18567830324172974,
      0.3226085305213928,
      0.350839227437973,
      0.6200044751167297,
      0.6964243054389954,
      0.9038464426994324,
      0.9275448322296143,
      0.9527195692062378,
      0.9534041285514832,
      0.9547048807144165,
      0.9550137519836426
    ]
  }
}