{
  "accuracy": 0.9333333333333333,
  "balanced_accuracy": 0.7916666666666667,
  "precision": 1.0,
  "recall": 0.5833333333333334,
  "f1": 0.7368421052631579,
  "roc_auc": 0.8253968253968254,
  "pr_auc": 0.7203096414717649,
  "class_distribution": {
    "0": 63,
    "1": 12
  },
  "per_class_precision_recall": {
    "class_0": {
      "precision": 0.9264705882352942,
      "recall": 1.0
    },
    "class_1": {
      "precision": 1.0,
      "recall": 0.5833333333333334
    }
  },
  "confusion_matrix": {
    "tn": 63,
    "fp": 0,
    "fn": 5,
    "tp": 7
  },
  "confusion_matrix_normalized": {
    "tn": 1.0,
    "fp": 0.0,
    "fn": 0.4166666666666667,
    "tp": 0.5833333333333334
  },
  "threshold": 0.5499999999999999,
  "n_samples": 75,
  "mean_probability": 0.17404335737228394,
  "pr_curve": {
    "precision": [
      0.16,
      0.16216216216216217,
      0.1643835616438356,
      0.16666666666666666,
      0.16901408450704225,
      0.17142857142857143,
      0.17391304347826086,
      0.17647058823529413,
      0.1791044776119403,
      0.18181818181818182,
      0.18461538461538463,
      0.1875,
      0.19047619047619047,
      0.1935483870967742,
      0.19672131147540983,
      0.2,
      0.2033898305084746,
      0.20689655172413793,
      0.21052631578947367,
      0.21428571428571427,
      0.21818181818181817,
      0.2222222222222222,
      0.20754716981132076,
      0.21153846153846154,
      0.21568627450980393,
      0.2,
      0.20408163265306123,
      0.20833333333333334,
      0.2127659574468085,
      0.21739130434782608,
      0.2222222222222222,
      0.22727272727272727,
      0.23255813953488372,
      0.23809523809523808,
      0.24390243902439024,
      0.225,
      0.23076923076923078,
      0.23684210526315788,
      0.24324324324324326,
      0.25,
      0.2571428571428571,
      0.2647058823529412,
      0.2727272727272727,
      0.28125,
      0.2903225806451613,
      0.3,
      0.3103448275862069,
      0.32142857142857145,
      0.3333333333333333,
      0.34615384615384615,
      0.36,
      0.375,
      0.391304347826087,
      0.4090909090909091,
      0.42857142857142855,
      0.4,
      0.42105263157894735,
      0.4444444444444444,
      0.47058823529411764,
      0.5,
      0.5333333333333333,
      0.5,
      0.5384615384615384,
      0.5833333333333334,
      0.6363636363636364,
      0.7,
      0.7777777777777778,
      0.875,
      1.0,
      1.0,
      1.0,
      1.0,
      1.0,
      1.0,
      1.0,
      1.0
    ],
    "recall": [
      1.0,
      1.0,
      1.0,
      1.0,
      1.0,
      1.0,
      1.0,
      1.0,
      1.0,
      1.0,
      1.0,
      1.0,
      1.0,
      1.0,
      1.0,
      1.0,
      1.0,
      1.0,
      1.0,
      1.0,
      1.0,
      1.0,
      0.9166666666666666,
      0.9166666666666666,
      0.9166666666666666,
      0.8333333333333334,
      0.8333333333333334,
      0.8333333333333334,
      0.8333333333333334,
      0.8333333333333334,
      0.8333333333333334,
      0.8333333333333334,
      0.8333333333333334,
      0.8333333333333334,
      0.8333333333333334,
      0.75,
      0.75,
      0.75,
      0.75,
      0.75,
      0.75,
      0.75,
      0.75,
      0.75,
      0.75,
      0.75,
      0.75,
      0.75,
      0.75,
      0.75,
      0.75,
      0.75,
      0.75,
      0.75,
      0.75,
      0.6666666666666666,
      0.6666666666666666,
      0.6666666666666666,
      0.6666666666666666,
      0.6666666666666666,
      0.6666666666666666,
      0.5833333333333334,
      0.5833333333333334,
      0.5833333333333334,
      0.5833333333333334,
      0.5833333333333334,
      0.5833333333333334,
      0.5833333333333334,
      0.5833333333333334,
      0.5,
      0.4166666666666667,
      0.3333333333333333,
      0.25,
      0.16666666666666666,
      0.08333333333333333,
      0.0
    ],
    "thresholds": [
      0.06754520535469055,
      0.06833609193563461,
      0.0686776414513588,
      0.06867808103561401,
      0.06969023495912552,
      0.0696989968419075,
      0.06974294781684875,
      0.06991320103406906,
      0.06993775814771652,
      0.06999311596155167,
      0.07019934058189392,
      0.07022731006145477,
      0.07044669985771179,
      0.07049006223678589,
      0.070590078830719,
      0.07081960886716843,
      0.07137410342693329,
      0.07143107056617737,
      0.07158693671226501,
      0.07191481441259384,
      0.07196784019470215,
      0.07200069725513458,
      0.07205461710691452,
      0.07209894806146622,
      0.07212331146001816,
      0.07216089218854904,
      0.07244104892015457,
      0.07276403158903122,
      0.07323268800973892,
      0.0733550637960434,
      0.07360351830720901,
      0.07369179278612137,
      0.07393854111433029,
      0.07393906265497208,
      0.07395659387111664,
      0.0746624767780304,
      0.07519516348838806,
      0.07546035945415497,
      0.07575919479131699,
      0.07744037359952927,
      0.0778772309422493,
      0.07824674248695374,
      0.07939531654119492,
      0.08004115521907806,
      0.08120841532945633,
      0.08128546178340912,
      0.08130364120006561,
      0.0817529708147049,
      0.08249899744987488,
      0.08485787361860275,
      0.08817994594573975,
      0.08832851052284241,
      0.08947981148958206,
      0.08968812972307205,
      0.0909080058336258,
      0.09290963411331177,
      0.09355667978525162,
      0.09597642719745636,
      0.10086411982774734,
      0.10124070197343826,
      0.1103086918592453,
      0.11047255247831345,
      0.13248467445373535,
      0.17545545101165771,
      0.1822887808084488,
      0.36884766817092896,
      0.4827691912651062,
      0.5446565747261047,
      0.6416850686073303,
      0.9247081279754639,
      0.9327895641326904,
      0.9553005695343018,
      0.9561824798583984,
      0.9610475301742554,
      0.9615142345428467
    ]
  }
}