{
  "y_true": [
    0,
    0,
    0,
    0,
    0,
    0,
    0,
    0,
    0,
    0,
    0,
    0,
    0,
    0,
    0,
    0,
    0,
    0,
    0,
    0,
    0,
    0,
    0,
    0,
    0,
    0,
    0,
    0,
    0,
    0,
    0,
    0,
    0,
    0,
    0,
    0,
    0,
    0,
    0,
    0,
    0,
    0,
    0,
    0,
    0,
    0,
    0,
    0,
    0,
    0,
    0,
    0,
    0,
    0,
    0,
    0,
    0,
    0,
    0,
    0,
    0,
    0,
    0,
    1,
    1,
    1,
    1,
    1,
    1,
    1,
    1,
    1,
    1,
    1,
    1
  ],
  "y_pred": [
    0,
    0,
    0,
    0,
    0,
    0,
    0,
    0,
    0,
    0,
    0,
    0,
    0,
    0,
    0,
    0,
    0,
    0,
    0,
    0,
    0,
    0,
    0,
    0,
    0,
    0,
    0,
    0,
    0,
    0,
    0,
    0,
    0,
    0,
    0,
    0,
    0,
    0,
    0,
    0,
    0,
    0,
    0,
    0,
    0,
    0,
    0,
    0,
    0,
    0,
    0,
    0,
    0,
    0,
    0,
    0,
    0,
    0,
    0,
    0,
    0,
    0,
    0,
    1,
    1,
    1,
    1,
    1,
    0,
    0,
    0,
    0,
    0,
    1,
    1
  ],
  "y_prob": [
    0.070590078830719,
    0.07158693671226501,
    0.08832851052284241,
    0.36884766817092896,
    0.4827691912651062,
    0.07191481441259384,
    0.07323268800973892,
    0.1822887808084488,
    0.08120841532945633,
    0.07276403158903122,
    0.0696989968419075,
    0.07044669985771179,
    0.13248467445373535,
    0.09597642719745636,
    0.07137410342693329,
    0.08128546178340912,
    0.09290963411331177,
    0.09355667978525162,
    0.0817529708147049,
    0.07216089218854904,
    0.07196784019470215,
    0.06867808103561401,
    0.08249899744987488,
    0.06974294781684875,
    0.07393906265497208,
    0.07939531654119492,
    0.08485787361860275,
    0.07360351830720901,
    0.07244104892015457,
    0.06754520535469055,
    0.0778772309422493,
    0.07575919479131699,
    0.06991320103406906,
    0.07393854111433029,
    0.10124070197343826,
    0.07824674248695374,
    0.07519516348838806,
    0.08130364120006561,
    0.17545545101165771,
    0.08004115521907806,
    0.06993775814771652,
    0.07143107056617737,
    0.0746624767780304,
    0.5446565747261047,
    0.0733550637960434,
    0.07019934058189392,
    0.11047255247831345,
    0.07369179278612137,
    0.08817994594573975,
    0.06999311596155167,
    0.07081960886716843,
    0.07049006223678589,
    0.06969023495912552,
    0.07744037359952927,
    0.07022731006145477,
    0.07205461710691452,
    0.07546035945415497,
    0.10086411982774734,
    0.07209894806146622,
    0.06833609193563461,
    0.0686776414513588,
    0.08947981148958206,
    0.08968812972307205,
    0.9615142345428467,
    0.9247081279754639,
    0.9553005695343018,
    0.9561824798583984,
    0.9610475301742554,
    0.07395659387111664,
    0.07200069725513458,
    0.1103086918592453,
    0.0909080058336258,
    0.07212331146001816,
    0.6416850686073303,
    0.9327895641326904
  ]
}