{
  "y_true": [
    0,
    0,
    0,
    0,
    0,
    0,
    0,
    0,
    0,
    0,
    0,
    0,
    0,
    0,
    0,
    0,
    0,
    0,
    0,
    0,
    0,
    0,
    0,
    0,
    0,
    0,
    0,
    0,
    0,
    0,
    0,
    0,
    0,
    0,
    0,
    0,
    0,
    0,
    0,
    0,
    0,
    0,
    0,
    0,
    0,
    0,
    0,
    0,
    0,
    0,
    0,
    0,
    0,
    0,
    0,
    0,
    0,
    0,
    0,
    0,
    0,
    0,
    0,
    1,
    1,
    1,
    1,
    1,
    1,
    1,
    1,
    1,
    1,
    1,
    1
  ],
  "y_pred": [
    0,
    0,
    0,
    1,
    1,
    0,
    0,
    0,
    0,
    0,
    0,
    0,
    0,
    0,
    0,
    0,
    0,
    0,
    0,
    0,
    0,
    0,
    0,
    0,
    0,
    0,
    0,
    0,
    0,
    0,
    0,
    0,
    0,
    0,
    0,
    0,
    0,
    0,
    0,
    0,
    0,
    0,
    0,
    1,
    0,
    0,
    0,
    0,
    0,
    0,
    0,
    0,
    0,
    0,
    0,
    0,
    0,
    0,
    0,
    0,
    0,
    0,
    0,
    1,
    1,
    1,
    1,
    1,
    0,
    0,
    0,
    0,
    0,
    1,
    1
  ],
  "y_prob": [
    0.12077415734529495,
    0.12128471583127975,
    0.12087836116552353,
    0.3226085305213928,
    0.350839227437973,
    0.11660803109407425,
    0.11942332983016968,
    0.18567830324172974,
    0.12813431024551392,
    0.12143716216087341,
    0.12131292372941971,
    0.12003173679113388,
    0.14788219332695007,
    0.1328786164522171,
    0.12538841366767883,
    0.12257513403892517,
    0.12115335464477539,
    0.13141439855098724,
    0.12159760296344757,
    0.12129518389701843,
    0.1199852004647255,
    0.11552742123603821,
    0.12266514450311661,
    0.11775555461645126,
    0.1180024966597557,
    0.12294565886259079,
    0.12697361409664154,
    0.12134920060634613,
    0.12082789093255997,
    0.12096177041530609,
    0.12416010349988937,
    0.12190497666597366,
    0.11700435727834702,
    0.12264612317085266,
    0.12856751680374146,
    0.12247107177972794,
    0.1297553926706314,
    0.1213851198554039,
    0.1561066210269928,
    0.12418706715106964,
    0.1174674779176712,
    0.11759383231401443,
    0.11865989118814468,
    0.6964243054389954,
    0.12231743335723877,
    0.1185959056019783,
    0.13928894698619843,
    0.11829084903001785,
    0.12734411656856537,
    0.11850983649492264,
    0.11941097676753998,
    0.118721142411232,
    0.1202949658036232,
    0.12390512973070145,
    0.11886188387870789,
    0.11915960162878036,
    0.1256435364484787,
    0.13269160687923431,
    0.11978066712617874,
    0.1185828149318695,
    0.118514783680439,
    0.12875996530056,
    0.12795795500278473,
    0.9547048807144165,
    0.9275448322296143,
    0.9534041285514832,
    0.9527195692062378,
    0.9550137519836426,
    0.12289777398109436,
    0.12111803889274597,
    0.1311236321926117,
    0.12932583689689636,
    0.11852578073740005,
    0.6200044751167297,
    0.9038464426994324
  ]
}