model,seed,accuracy,balanced_accuracy,precision,recall,f1,roc_auc,pr_auc,params,runtime_seconds
lstm,42,0.8933333333333333,0.7678571428571428,0.7,0.5833333333333334,0.6363636363636365,0.8835978835978836,0.7116025816456851,70785,7.231917142868042
lstm,43,0.92,0.8174603174603174,0.8,0.6666666666666666,0.7272727272727272,0.9537037037037037,0.7230887440446264,70785,6.074218988418579
lstm,44,0.9333333333333333,0.8928571428571428,0.7692307692307693,0.8333333333333334,0.8,0.9140211640211641,0.8804470854555745,70785,5.977091550827026
lstm,45,0.8666666666666667,0.7857142857142857,0.5714285714285714,0.6666666666666666,0.6153846153846153,0.8492063492063491,0.6906952446336009,70785,6.126675128936768
lstm,46,0.9733333333333334,0.9166666666666667,1.0,0.8333333333333334,0.9090909090909091,0.9735449735449735,0.9232456140350879,70785,6.2204248905181885
