{
  "accuracy": 0.9333333333333333,
  "balanced_accuracy": 0.7916666666666667,
  "precision": 1.0,
  "recall": 0.5833333333333334,
  "f1": 0.7368421052631579,
  "roc_auc": 0.9563492063492063,
  "pr_auc": 0.8620268620268621,
  "class_distribution": {
    "0": 63,
    "1": 12
  },
  "per_class_precision_recall": {
    "class_0": {
      "precision": 0.9264705882352942,
      "recall": 1.0
    },
    "class_1": {
      "precision": 1.0,
      "recall": 0.5833333333333334
    }
  },
  "confusion_matrix": {
    "tn": 63,
    "fp": 0,
    "fn": 5,
    "tp": 7
  },
  "confusion_matrix_normalized": {
    "tn": 1.0,
    "fp": 0.0,
    "fn": 0.4166666666666667,
    "tp": 0.5833333333333334
  },
  "threshold": 0.9,
  "n_samples": 75,
  "mean_probability": 0.14005698263645172,
  "pr_curve": {
    "precision": [
      0.16,
      0.16216216216216217,
      0.1643835616438356,
      0.16666666666666666,
      0.16901408450704225,
      0.17142857142857143,
      0.17391304347826086,
      0.17647058823529413,
      0.1791044776119403,
      0.18181818181818182,
      0.18461538461538463,
      0.1875,
      0.19047619047619047,
      0.1935483870967742,
      0.19672131147540983,
      0.2,
      0.2033898305084746,
      0.20689655172413793,
      0.21052631578947367,
      0.21428571428571427,
      0.21818181818181817,
      0.2222222222222222,
      0.22641509433962265,
      0.23076923076923078,
      0.23529411764705882,
      0.24,
      0.24489795918367346,
      0.25,
      0.2553191489361702,
      0.2608695652173913,
      0.26666666666666666,
      0.2727272727272727,
      0.27906976744186046,
      0.2857142857142857,
      0.2926829268292683,
      0.3,
      0.3076923076923077,
      0.3157894736842105,
      0.32432432432432434,
      0.3333333333333333,
      0.34285714285714286,
      0.35294117647058826,
      0.36363636363636365,
      0.375,
      0.3870967741935484,
      0.4,
      0.41379310344827586,
      0.42857142857142855,
      0.4444444444444444,
      0.46153846153846156,
      0.44,
      0.4583333333333333,
      0.4782608695652174,
      0.5,
      0.5238095238095238,
      0.5,
      0.5263157894736842,
      0.5555555555555556,
      0.5882352941176471,
      0.625,
      0.6666666666666666,
      0.6428571428571429,
      0.6923076923076923,
      0.6666666666666666,
      0.7272727272727273,
      0.8,
      0.8888888888888888,
      1.0,
      1.0,
      1.0,
      1.0,
      1.0,
      1.0,
      1.0,
      1.0,
      1.0
    ],
    "recall": [
      1.0,
      1.0,
      1.0,
      1.0,
      1.0,
      1.0,
      1.0,
      1.0,
      1.0,
      1.0,
      1.0,
      1.0,
      1.0,
      1.0,
      1.0,
      1.0,
      1.0,
      1.0,
      1.0,
      1.0,
      1.0,
      1.0,
      1.0,
      1.0,
      1.0,
      1.0,
      1.0,
      1.0,
      1.0,
      1.0,
      1.0,
      1.0,
      1.0,
      1.0,
      1.0,
      1.0,
      1.0,
      1.0,
      1.0,
      1.0,
      1.0,
      1.0,
      1.0,
      1.0,
      1.0,
      1.0,
      1.0,
      1.0,
      1.0,
      1.0,
      0.9166666666666666,
      0.9166666666666666,
      0.9166666666666666,
      0.9166666666666666,
      0.9166666666666666,
      0.8333333333333334,
      0.8333333333333334,
      0.8333333333333334,
      0.8333333333333334,
      0.8333333333333334,
      0.8333333333333334,
      0.75,
      0.75,
      0.6666666666666666,
      0.6666666666666666,
      0.6666666666666666,
      0.6666666666666666,
      0.6666666666666666,
      0.5833333333333334,
      0.5,
      0.4166666666666667,
      0.3333333333333333,
      0.25,
      0.16666666666666666,
      0.08333333333333333,
      0.0
    ],
    "thresholds": [
      0.03150475397706032,
      0.03151080757379532,
      0.03245406225323677,
      0.0326046459376812,
      0.03285059705376625,
      0.032979536801576614,
      0.03430633619427681,
      0.03456129878759384,
      0.03523934260010719,
      0.03546317294239998,
      0.03550313785672188,
      0.03565981239080429,
      0.03600507229566574,
      0.03627118468284607,
      0.03649645671248436,
      0.037506286054849625,
      0.0376284085214138,
      0.03776153549551964,
      0.037790559232234955,
      0.0382380373775959,
      0.03917977586388588,
      0.03918106481432915,
      0.039227116852998734,
      0.03935476765036583,
      0.03971574082970619,
      0.04042510315775871,
      0.04139241948723793,
      0.04160071164369583,
      0.041758328676223755,
      0.04261023551225662,
      0.04286719858646393,
      0.04291272908449173,
      0.04332851618528366,
      0.0436197929084301,
      0.04376447573304176,
      0.04435216635465622,
      0.04435484856367111,
      0.044633906334638596,
      0.0451122522354126,
      0.04533051699399948,
      0.048031602054834366,
      0.04958973452448845,
      0.05024689435958862,
      0.05081609636545181,
      0.0510731115937233,
      0.05115404725074768,
      0.05296310409903526,
      0.053256429731845856,
      0.053261712193489075,
      0.05342550203204155,
      0.05692014843225479,
      0.05722065642476082,
      0.061183054000139236,
      0.061528321355581284,
      0.06561741977930069,
      0.07285168766975403,
      0.0810718983411789,
      0.08406279981136322,
      0.09214837849140167,
      0.09341871738433838,
      0.1003459244966507,
      0.10657379031181335,
      0.11231791228055954,
      0.12440846860408783,
      0.1279013603925705,
      0.13167032599449158,
      0.16133248805999756,
      0.2022605985403061,
      0.912021815776825,
      0.9457522630691528,
      0.9533997774124146,
      0.9550827145576477,
      0.9611347317695618,
      0.9614711403846741,
      0.9617018699645996
    ]
  }
}