{
  "y_true": [
    0,
    0,
    0,
    0,
    0,
    0,
    0,
    0,
    0,
    0,
    0,
    0,
    0,
    0,
    0,
    0,
    0,
    0,
    0,
    0,
    0,
    0,
    0,
    0,
    0,
    0,
    0,
    0,
    0,
    0,
    0,
    0,
    0,
    0,
    0,
    0,
    0,
    0,
    0,
    0,
    0,
    0,
    0,
    0,
    0,
    0,
    0,
    0,
    0,
    0,
    0,
    0,
    0,
    0,
    0,
    0,
    0,
    0,
    0,
    0,
    0,
    0,
    0,
    1,
    1,
    1,
    1,
    1,
    1,
    1,
    1,
    1,
    1,
    1,
    1
  ],
  "y_pred": [
    0,
    0,
    0,
    0,
    0,
    0,
    0,
    0,
    0,
    0,
    0,
    0,
    0,
    0,
    0,
    0,
    0,
    0,
    0,
    0,
    0,
    0,
    0,
    0,
    0,
    0,
    0,
    0,
    0,
    0,
    0,
    0,
    0,
    0,
    0,
    0,
    0,
    0,
    0,
    0,
    0,
    0,
    0,
    0,
    0,
    0,
    0,
    0,
    0,
    0,
    0,
    0,
    0,
    0,
    0,
    0,
    0,
    0,
    0,
    0,
    0,
    0,
    0,
    1,
    1,
    1,
    1,
    1,
    0,
    0,
    0,
    0,
    0,
    1,
    1
  ],
  "y_prob": [
    0.037506286054849625,
    0.05081609636545181,
    0.03917977586388588,
    0.13167032599449158,
    0.16133248805999756,
    0.03546317294239998,
    0.04332851618528366,
    0.0451122522354126,
    0.09214837849140167,
    0.04139241948723793,
    0.061528321355581284,
    0.048031602054834366,
    0.039227116852998734,
    0.032979536801576614,
    0.09341871738433838,
    0.03285059705376625,
    0.03430633619427681,
    0.08406279981136322,
    0.03649645671248436,
    0.10657379031181335,
    0.04286719858646393,
    0.03245406225323677,
    0.03565981239080429,
    0.03918106481432915,
    0.03151080757379532,
    0.05722065642476082,
    0.0326046459376812,
    0.053261712193489075,
    0.0436197929084301,
    0.04533051699399948,
    0.05024689435958862,
    0.04042510315775871,
    0.03776153549551964,
    0.05296310409903526,
    0.04291272908449173,
    0.03971574082970619,
    0.0510731115937233,
    0.0382380373775959,
    0.053256429731845856,
    0.061183054000139236,
    0.04958973452448845,
    0.0376284085214138,
    0.04261023551225662,
    0.12440846860408783,
    0.03150475397706032,
    0.04435484856367111,
    0.04160071164369583,
    0.03600507229566574,
    0.03550313785672188,
    0.03456129878759384,
    0.03627118468284607,
    0.037790559232234955,
    0.0810718983411789,
    0.07285168766975403,
    0.03523934260010719,
    0.041758328676223755,
    0.1279013603925705,
    0.05115404725074768,
    0.04376447573304176,
    0.044633906334638596,
    0.03935476765036583,
    0.04435216635465622,
    0.05692014843225479,
    0.9611347317695618,
    0.9457522630691528,
    0.9617018699645996,
    0.9550827145576477,
    0.9614711403846741,
    0.11231791228055954,
    0.06561741977930069,
    0.2022605985403061,
    0.1003459244966507,
    0.05342550203204155,
    0.912021815776825,
    0.9533997774124146
  ]
}