{
  "precision": [
    0.16,
    0.18181818181818182,
    0.19642857142857142,
    0.20754716981132076,
    0.22448979591836735,
    0.22916666666666666,
    0.2682926829268293,
    0.28205128205128205,
    0.2894736842105263,
    0.3055555555555556,
    0.3142857142857143,
    0.3235294117647059,
    0.3333333333333333,
    0.34375,
    0.3548387096774194,
    0.36666666666666664,
    0.3793103448275862,
    0.4074074074074074,
    0.4230769230769231,
    0.44,
    0.4166666666666667,
    0.43478260869565216,
    0.45454545454545453,
    0.47619047619047616,
    0.5,
    0.5263157894736842,
    0.5882352941176471,
    0.625,
    0.7142857142857143,
    0.7692307692307693,
    0.75,
    0.8,
    0.8888888888888888,
    0.875,
    0.8571428571428571,
    1.0,
    1.0,
    1.0,
    1.0,
    1.0,
    1.0,
    1.0
  ],
  "recall": [
    1.0,
    1.0,
    0.9166666666666666,
    0.9166666666666666,
    0.9166666666666666,
    0.9166666666666666,
    0.9166666666666666,
    0.9166666666666666,
    0.9166666666666666,
    0.9166666666666666,
    0.9166666666666666,
    0.9166666666666666,
    0.9166666666666666,
    0.9166666666666666,
    0.9166666666666666,
    0.9166666666666666,
    0.9166666666666666,
    0.9166666666666666,
    0.9166666666666666,
    0.9166666666666666,
    0.8333333333333334,
    0.8333333333333334,
    0.8333333333333334,
    0.8333333333333334,
    0.8333333333333334,
    0.8333333333333334,
    0.8333333333333334,
    0.8333333333333334,
    0.8333333333333334,
    0.8333333333333334,
    0.75,
    0.6666666666666666,
    0.6666666666666666,
    0.5833333333333334,
    0.5,
    0.5,
    0.4166666666666667,
    0.3333333333333333,
    0.25,
    0.16666666666666666,
    0.08333333333333333,
    0.0
  ],
  "thresholds": [
    0.0,
    0.004999999888241291,
    0.009999999776482582,
    0.014999999664723873,
    0.019999999552965164,
    0.02500000037252903,
    0.029999999329447746,
    0.03500000014901161,
    0.03999999910593033,
    0.04500000178813934,
    0.05000000074505806,
    0.054999999701976776,
    0.05999999865889549,
    0.06499999761581421,
    0.07000000029802322,
    0.08500000089406967,
    0.09000000357627869,
    0.10499999672174454,
    0.10999999940395355,
    0.11500000208616257,
    0.125,
    0.12999999523162842,
    0.1550000011920929,
    0.17000000178813934,
    0.17499999701976776,
    0.18000000715255737,
    0.1850000023841858,
    0.19499999284744263,
    0.20999999344348907,
    0.22499999403953552,
    0.23499999940395355,
    0.26499998569488525,
    0.2800000011920929,
    0.3050000071525574,
    0.3149999976158142,
    0.39500001072883606,
    0.41999998688697815,
    0.5199999809265137,
    0.550000011920929,
    0.6000000238418579,
    0.8799999952316284
  ]
}