{
  "y_true": [
    0,
    0,
    0,
    0,
    0,
    0,
    0,
    0,
    0,
    0,
    0,
    0,
    0,
    0,
    0,
    0,
    0,
    0,
    0,
    0,
    0,
    0,
    0,
    0,
    0,
    0,
    0,
    0,
    0,
    0,
    0,
    0,
    0,
    0,
    0,
    0,
    0,
    0,
    0,
    0,
    0,
    0,
    0,
    0,
    0,
    0,
    0,
    0,
    0,
    0,
    0,
    0,
    0,
    0,
    0,
    0,
    0,
    0,
    0,
    0,
    0,
    0,
    0,
    1,
    1,
    1,
    1,
    1,
    1,
    1,
    1,
    1,
    1,
    1,
    1
  ],
  "y_pred": [
    0,
    0,
    1,
    0,
    0,
    0,
    0,
    0,
    0,
    0,
    0,
    0,
    0,
    0,
    0,
    0,
    0,
    0,
    0,
    0,
    0,
    0,
    0,
    0,
    0,
    0,
    0,
    0,
    0,
    0,
    0,
    0,
    0,
    0,
    0,
    0,
    0,
    0,
    0,
    0,
    0,
    0,
    0,
    0,
    0,
    0,
    0,
    0,
    0,
    0,
    0,
    0,
    0,
    0,
    0,
    0,
    0,
    0,
    0,
    0,
    0,
    0,
    0,
    1,
    0,
    1,
    1,
    1,
    0,
    0,
    0,
    1,
    0,
    1,
    1
  ],
  "y_prob": [
    0.26499998569488525,
    0.02500000037252903,
    0.3149999976158142,
    0.125,
    0.20999999344348907,
    0.03500000014901161,
    0.014999999664723873,
    0.02500000037252903,
    0.10499999672174454,
    0.0,
    0.05999999865889549,
    0.09000000357627869,
    0.02500000037252903,
    0.004999999888241291,
    0.08500000089406967,
    0.004999999888241291,
    0.029999999329447746,
    0.19499999284744263,
    0.014999999664723873,
    0.054999999701976776,
    0.004999999888241291,
    0.009999999776482582,
    0.19499999284744263,
    0.004999999888241291,
    0.0,
    0.03999999910593033,
    0.004999999888241291,
    0.019999999552965164,
    0.06499999761581421,
    0.029999999329447746,
    0.0,
    0.0,
    0.009999999776482582,
    0.17000000178813934,
    0.12999999523162842,
    0.18000000715255737,
    0.0,
    0.09000000357627869,
    0.04500000178813934,
    0.02500000037252903,
    0.014999999664723873,
    0.02500000037252903,
    0.07000000029802322,
    0.17499999701976776,
    0.004999999888241291,
    0.03999999910593033,
    0.014999999664723873,
    0.009999999776482582,
    0.004999999888241291,
    0.0,
    0.18000000715255737,
    0.0,
    0.004999999888241291,
    0.05000000074505806,
    0.0,
    0.0,
    0.1850000023841858,
    0.1550000011920929,
    0.02500000037252903,
    0.004999999888241291,
    0.10999999940395355,
    0.02500000037252903,
    0.23499999940395355,
    0.550000011920929,
    0.2800000011920929,
    0.39500001072883606,
    0.8799999952316284,
    0.6000000238418579,
    0.23499999940395355,
    0.11500000208616257,
    0.22499999403953552,
    0.41999998688697815,
    0.004999999888241291,
    0.3050000071525574,
    0.5199999809265137
  ]
}