{
  "precision": [
    0.16,
    0.17391304347826086,
    0.2033898305084746,
    0.21818181818181817,
    0.22448979591836735,
    0.25,
    0.275,
    0.28205128205128205,
    0.3142857142857143,
    0.3235294117647059,
    0.34375,
    0.36666666666666664,
    0.39285714285714285,
    0.37037037037037035,
    0.4,
    0.4166666666666667,
    0.43478260869565216,
    0.47619047619047616,
    0.5,
    0.47368421052631576,
    0.5,
    0.5294117647058824,
    0.5625,
    0.6,
    0.6428571428571429,
    0.75,
    0.8181818181818182,
    0.8,
    0.7777777777777778,
    0.875,
    1.0,
    1.0,
    1.0,
    1.0,
    1.0,
    1.0,
    1.0,
    1.0
  ],
  "recall": [
    1.0,
    1.0,
    1.0,
    1.0,
    0.9166666666666666,
    0.9166666666666666,
    0.9166666666666666,
    0.9166666666666666,
    0.9166666666666666,
    0.9166666666666666,
    0.9166666666666666,
    0.9166666666666666,
    0.9166666666666666,
    0.8333333333333334,
    0.8333333333333334,
    0.8333333333333334,
    0.8333333333333334,
    0.8333333333333334,
    0.8333333333333334,
    0.75,
    0.75,
    0.75,
    0.75,
    0.75,
    0.75,
    0.75,
    0.75,
    0.6666666666666666,
    0.5833333333333334,
    0.5833333333333334,
    0.5833333333333334,
    0.5,
    0.4166666666666667,
    0.3333333333333333,
    0.25,
    0.16666666666666666,
    0.08333333333333333,
    0.0
  ],
  "thresholds": [
    0.0,
    0.004999999888241291,
    0.009999999776482582,
    0.014999999664723873,
    0.019999999552965164,
    0.02500000037252903,
    0.029999999329447746,
    0.03500000014901161,
    0.03999999910593033,
    0.04500000178813934,
    0.054999999701976776,
    0.07000000029802322,
    0.07999999821186066,
    0.11500000208616257,
    0.11999999731779099,
    0.125,
    0.12999999523162842,
    0.13500000536441803,
    0.14000000059604645,
    0.15000000596046448,
    0.1599999964237213,
    0.16500000655651093,
    0.19499999284744263,
    0.20000000298023224,
    0.20499999821186066,
    0.20999999344348907,
    0.23999999463558197,
    0.2800000011920929,
    0.28999999165534973,
    0.3449999988079071,
    0.375,
    0.4099999964237213,
    0.4449999928474426,
    0.45500001311302185,
    0.5699999928474426,
    0.5950000286102295,
    0.8899999856948853
  ]
}