{
  "accuracy": 0.72,
  "balanced_accuracy": 0.6646825396825398,
  "precision": 0.30434782608695654,
  "recall": 0.5833333333333334,
  "f1": 0.4,
  "roc_auc": 0.6984126984126985,
  "pr_auc": 0.5757243135371611,
  "class_distribution": {
    "0": 63,
    "1": 12
  },
  "per_class_precision_recall": {
    "class_0": {
      "precision": 0.9038461538461539,
      "recall": 0.746031746031746
    },
    "class_1": {
      "precision": 0.30434782608695654,
      "recall": 0.5833333333333334
    }
  },
  "confusion_matrix": {
    "tn": 47,
    "fp": 16,
    "fn": 5,
    "tp": 7
  },
  "confusion_matrix_normalized": {
    "tn": 0.746031746031746,
    "fp": 0.25396825396825395,
    "fn": 0.4166666666666667,
    "tp": 0.5833333333333334
  },
  "threshold": 0.49999999999999994,
  "n_samples": 75,
  "mean_probability": 0.4925841689109802
}