{
  "y_true": [
    0,
    0,
    0,
    0,
    0,
    0,
    0,
    0,
    0,
    0,
    0,
    0,
    0,
    0,
    0,
    0,
    0,
    0,
    0,
    0,
    0,
    0,
    0,
    0,
    0,
    0,
    0,
    0,
    0,
    0,
    0,
    0,
    0,
    0,
    0,
    0,
    0,
    0,
    0,
    0,
    0,
    0,
    0,
    0,
    0,
    0,
    0,
    0,
    0,
    0,
    0,
    0,
    0,
    0,
    0,
    0,
    0,
    0,
    0,
    0,
    0,
    0,
    0,
    1,
    1,
    1,
    1,
    1,
    1,
    1,
    1,
    1,
    1,
    1,
    1
  ],
  "y_pred": [
    1,
    0,
    1,
    0,
    1,
    0,
    0,
    0,
    0,
    0,
    0,
    0,
    0,
    0,
    0,
    0,
    0,
    0,
    0,
    0,
    0,
    0,
    0,
    0,
    0,
    0,
    0,
    0,
    0,
    0,
    0,
    0,
    0,
    0,
    0,
    0,
    0,
    0,
    0,
    0,
    0,
    0,
    0,
    0,
    0,
    0,
    0,
    0,
    0,
    0,
    0,
    0,
    0,
    0,
    0,
    0,
    0,
    0,
    0,
    0,
    0,
    0,
    0,
    1,
    1,
    1,
    1,
    1,
    0,
    0,
    0,
    1,
    0,
    1,
    1
  ],
  "y_prob": [
    0.27000001072883606,
    0.009999999776482582,
    0.3149999976158142,
    0.19499999284744263,
    0.26499998569488525,
    0.03999999910593033,
    0.004999999888241291,
    0.019999999552965164,
    0.14000000059604645,
    0.004999999888241291,
    0.07500000298023224,
    0.05999999865889549,
    0.05999999865889549,
    0.019999999552965164,
    0.07000000029802322,
    0.004999999888241291,
    0.014999999664723873,
    0.1599999964237213,
    0.02500000037252903,
    0.06499999761581421,
    0.004999999888241291,
    0.0,
    0.11999999731779099,
    0.004999999888241291,
    0.004999999888241291,
    0.02500000037252903,
    0.019999999552965164,
    0.029999999329447746,
    0.03500000014901161,
    0.03500000014901161,
    0.0,
    0.014999999664723873,
    0.014999999664723873,
    0.1899999976158142,
    0.1599999964237213,
    0.19499999284744263,
    0.0,
    0.07999999821186066,
    0.03500000014901161,
    0.029999999329447746,
    0.029999999329447746,
    0.0,
    0.04500000178813934,
    0.15000000596046448,
    0.03999999910593033,
    0.02500000037252903,
    0.019999999552965164,
    0.0,
    0.009999999776482582,
    0.0,
    0.18000000715255737,
    0.0,
    0.009999999776482582,
    0.004999999888241291,
    0.019999999552965164,
    0.0,
    0.1550000011920929,
    0.125,
    0.02500000037252903,
    0.004999999888241291,
    0.125,
    0.03999999910593033,
    0.1550000011920929,
    0.5849999785423279,
    0.27000001072883606,
    0.41499999165534973,
    0.875,
    0.5899999737739563,
    0.22499999403953552,
    0.07999999821186066,
    0.17499999701976776,
    0.3050000071525574,
    0.019999999552965164,
    0.35499998927116394,
    0.5
  ]
}