{
  "accuracy": 0.9466666666666667,
  "balanced_accuracy": 0.8670634920634921,
  "precision": 0.9,
  "recall": 0.75,
  "f1": 0.8181818181818182,
  "roc_auc": 0.9695767195767196,
  "pr_auc": 0.9028472222222224,
  "class_distribution": {
    "0": 63,
    "1": 12
  },
  "per_class_precision_recall": {
    "class_0": {
      "precision": 0.9538461538461539,
      "recall": 0.9841269841269841
    },
    "class_1": {
      "precision": 0.9,
      "recall": 0.75
    }
  },
  "confusion_matrix": {
    "tn": 62,
    "fp": 1,
    "fn": 3,
    "tp": 9
  },
  "confusion_matrix_normalized": {
    "tn": 0.9841269841269841,
    "fp": 0.015873015873015872,
    "fn": 0.25,
    "tp": 0.75
  },
  "threshold": 0.65,
  "n_samples": 75,
  "mean_probability": 0.17841264605522156
}