{
  "confusion_matrix": {
    "tn": 62,
    "fp": 1,
    "fn": 10,
    "tp": 2
  },
  "confusion_matrix_normalized": {
    "tn": 0.9841269841269841,
    "fp": 0.015873015873015872,
    "fn": 0.8333333333333334,
    "tp": 0.16666666666666666
  }
}