{
  "accuracy": 0.8533333333333334,
  "balanced_accuracy": 0.5753968253968254,
  "precision": 0.6666666666666666,
  "recall": 0.16666666666666666,
  "f1": 0.26666666666666666,
  "roc_auc": 0.5066137566137566,
  "pr_auc": 0.42573412698412694,
  "class_distribution": {
    "0": 63,
    "1": 12
  },
  "per_class_precision_recall": {
    "class_0": {
      "precision": 0.8611111111111112,
      "recall": 0.9841269841269841
    },
    "class_1": {
      "precision": 0.6666666666666666,
      "recall": 0.16666666666666666
    }
  },
  "confusion_matrix": {
    "tn": 62,
    "fp": 1,
    "fn": 10,
    "tp": 2
  },
  "confusion_matrix_normalized": {
    "tn": 0.9841269841269841,
    "fp": 0.015873015873015872,
    "fn": 0.8333333333333334,
    "tp": 0.16666666666666666
  },
  "threshold": 0.5,
  "n_samples": 75,
  "mean_probability": 0.10458993911743164
}