{
  "precision": [
    0.16,
    0.17391304347826086,
    0.19672131147540983,
    0.23529411764705882,
    0.2391304347826087,
    0.24444444444444444,
    0.25,
    0.2682926829268293,
    0.3055555555555556,
    0.3235294117647059,
    0.3333333333333333,
    0.3548387096774194,
    0.36666666666666664,
    0.3793103448275862,
    0.39285714285714285,
    0.37037037037037035,
    0.38461538461538464,
    0.4,
    0.4166666666666667,
    0.391304347826087,
    0.42857142857142855,
    0.45,
    0.47368421052631576,
    0.5,
    0.5294117647058824,
    0.6,
    0.6923076923076923,
    0.75,
    0.8181818181818182,
    0.9,
    0.8888888888888888,
    1.0,
    1.0,
    1.0,
    1.0,
    1.0,
    1.0,
    1.0,
    1.0,
    1.0
  ],
  "recall": [
    1.0,
    1.0,
    1.0,
    1.0,
    0.9166666666666666,
    0.9166666666666666,
    0.9166666666666666,
    0.9166666666666666,
    0.9166666666666666,
    0.9166666666666666,
    0.9166666666666666,
    0.9166666666666666,
    0.9166666666666666,
    0.9166666666666666,
    0.9166666666666666,
    0.8333333333333334,
    0.8333333333333334,
    0.8333333333333334,
    0.8333333333333334,
    0.75,
    0.75,
    0.75,
    0.75,
    0.75,
    0.75,
    0.75,
    0.75,
    0.75,
    0.75,
    0.75,
    0.6666666666666666,
    0.6666666666666666,
    0.5833333333333334,
    0.5,
    0.4166666666666667,
    0.3333333333333333,
    0.25,
    0.16666666666666666,
    0.08333333333333333,
    0.0
  ],
  "thresholds": [
    0.0,
    0.004999999888241291,
    0.009999999776482582,
    0.014999999664723873,
    0.019999999552965164,
    0.02500000037252903,
    0.029999999329447746,
    0.03500000014901161,
    0.03999999910593033,
    0.04500000178813934,
    0.05000000074505806,
    0.054999999701976776,
    0.05999999865889549,
    0.06499999761581421,
    0.07999999821186066,
    0.0949999988079071,
    0.10499999672174454,
    0.125,
    0.14499999582767487,
    0.1550000011920929,
    0.1599999964237213,
    0.1850000023841858,
    0.1899999976158142,
    0.19499999284744263,
    0.20000000298023224,
    0.20499999821186066,
    0.2150000035762787,
    0.22499999403953552,
    0.23000000417232513,
    0.24500000476837158,
    0.28999999165534973,
    0.30000001192092896,
    0.33000001311302185,
    0.3799999952316284,
    0.4399999976158142,
    0.4950000047683716,
    0.5249999761581421,
    0.550000011920929,
    0.8500000238418579
  ]
}