{
  "precision": [
    0.16,
    0.16216216216216217,
    0.1643835616438356,
    0.16666666666666666,
    0.16901408450704225,
    0.17142857142857143,
    0.17391304347826086,
    0.17647058823529413,
    0.1791044776119403,
    0.18181818181818182,
    0.18461538461538463,
    0.1875,
    0.19047619047619047,
    0.1935483870967742,
    0.19672131147540983,
    0.2,
    0.2033898305084746,
    0.20689655172413793,
    0.21052631578947367,
    0.21428571428571427,
    0.21818181818181817,
    0.2222222222222222,
    0.22641509433962265,
    0.23076923076923078,
    0.23529411764705882,
    0.24,
    0.24489795918367346,
    0.25,
    0.2553191489361702,
    0.2608695652173913,
    0.24444444444444444,
    0.25,
    0.2558139534883721,
    0.2619047619047619,
    0.24390243902439024,
    0.25,
    0.2564102564102564,
    0.2631578947368421,
    0.2702702702702703,
    0.2777777777777778,
    0.2857142857142857,
    0.29411764705882354,
    0.2727272727272727,
    0.28125,
    0.2903225806451613,
    0.3,
    0.3103448275862069,
    0.32142857142857145,
    0.3333333333333333,
    0.34615384615384615,
    0.36,
    0.375,
    0.391304347826087,
    0.4090909090909091,
    0.42857142857142855,
    0.45,
    0.47368421052631576,
    0.5,
    0.5294117647058824,
    0.5625,
    0.6,
    0.6428571428571429,
    0.6153846153846154,
    0.6666666666666666,
    0.6363636363636364,
    0.7,
    0.7777777777777778,
    0.75,
    0.8571428571428571,
    1.0,
    1.0,
    1.0,
    1.0,
    1.0,
    1.0,
    1.0
  ],
  "recall": [
    1.0,
    1.0,
    1.0,
    1.0,
    1.0,
    1.0,
    1.0,
    1.0,
    1.0,
    1.0,
    1.0,
    1.0,
    1.0,
    1.0,
    1.0,
    1.0,
    1.0,
    1.0,
    1.0,
    1.0,
    1.0,
    1.0,
    1.0,
    1.0,
    1.0,
    1.0,
    1.0,
    1.0,
    1.0,
    1.0,
    0.9166666666666666,
    0.9166666666666666,
    0.9166666666666666,
    0.9166666666666666,
    0.8333333333333334,
    0.8333333333333334,
    0.8333333333333334,
    0.8333333333333334,
    0.8333333333333334,
    0.8333333333333334,
    0.8333333333333334,
    0.8333333333333334,
    0.75,
    0.75,
    0.75,
    0.75,
    0.75,
    0.75,
    0.75,
    0.75,
    0.75,
    0.75,
    0.75,
    0.75,
    0.75,
    0.75,
    0.75,
    0.75,
    0.75,
    0.75,
    0.75,
    0.75,
    0.6666666666666666,
    0.6666666666666666,
    0.5833333333333334,
    0.5833333333333334,
    0.5833333333333334,
    0.5,
    0.5,
    0.5,
    0.4166666666666667,
    0.3333333333333333,
    0.25,
    0.16666666666666666,
    0.08333333333333333,
    0.0
  ],
  "thresholds": [
    0.07212646305561066,
    0.07288108021020889,
    0.07300218194723129,
    0.07319526374340057,
    0.07330939173698425,
    0.07331199944019318,
    0.07338501513004303,
    0.0734068751335144,
    0.0738263726234436,
    0.07398749887943268,
    0.07413562387228012,
    0.07424286007881165,
    0.07424482703208923,
    0.07431964576244354,
    0.07437454909086227,
    0.07440106570720673,
    0.07442979514598846,
    0.07443315535783768,
    0.07445015758275986,
    0.0744670107960701,
    0.0745031088590622,
    0.0747343897819519,
    0.07492848485708237,
    0.07499412447214127,
    0.07521526515483856,
    0.07523702830076218,
    0.07524046301841736,
    0.07535600662231445,
    0.07549861073493958,
    0.07553599029779434,
    0.07572552561759949,
    0.07593660801649094,
    0.07596814632415771,
    0.07605577260255814,
    0.07609108090400696,
    0.07621277868747711,
    0.07631074637174606,
    0.07656391710042953,
    0.0766056627035141,
    0.076725073158741,
    0.07673006504774094,
    0.07675890624523163,
    0.0768834725022316,
    0.07700303941965103,
    0.07732506841421127,
    0.07748007029294968,
    0.07794934511184692,
    0.07818985730409622,
    0.07842131704092026,
    0.07874751836061478,
    0.07908495515584946,
    0.07913996279239655,
    0.079226553440094,
    0.07948648184537888,
    0.07977744936943054,
    0.08022604137659073,
    0.08048398047685623,
    0.0808127298951149,
    0.08121170848608017,
    0.08153905719518661,
    0.08395784348249435,
    0.08464238792657852,
    0.08503882586956024,
    0.09853769093751907,
    0.11048111319541931,
    0.14185830950737,
    0.1932888925075531,
    0.28456413745880127,
    0.48070335388183594,
    0.7761453986167908,
    0.8474114537239075,
    0.9676254391670227,
    0.9696929454803467,
    0.9697975516319275,
    0.9702651500701904
  ]
}