{
  "precision": [
    0.16,
    0.16216216216216217,
    0.1643835616438356,
    0.16666666666666666,
    0.16901408450704225,
    0.17142857142857143,
    0.17391304347826086,
    0.17647058823529413,
    0.1791044776119403,
    0.18181818181818182,
    0.18461538461538463,
    0.1875,
    0.19047619047619047,
    0.1935483870967742,
    0.19672131147540983,
    0.2,
    0.1864406779661017,
    0.1724137931034483,
    0.15789473684210525,
    0.16071428571428573,
    0.16363636363636364,
    0.16666666666666666,
    0.16981132075471697,
    0.17307692307692307,
    0.17647058823529413,
    0.18,
    0.1836734693877551,
    0.1875,
    0.19148936170212766,
    0.1956521739130435,
    0.2,
    0.20454545454545456,
    0.20930232558139536,
    0.21428571428571427,
    0.21951219512195122,
    0.225,
    0.23076923076923078,
    0.23684210526315788,
    0.24324324324324326,
    0.25,
    0.2571428571428571,
    0.23529411764705882,
    0.24242424242424243,
    0.25,
    0.25806451612903225,
    0.26666666666666666,
    0.27586206896551724,
    0.2857142857142857,
    0.2962962962962963,
    0.3076923076923077,
    0.32,
    0.3333333333333333,
    0.34782608695652173,
    0.36363636363636365,
    0.38095238095238093,
    0.35,
    0.3684210526315789,
    0.3888888888888889,
    0.4117647058823529,
    0.4375,
    0.4666666666666667,
    0.5,
    0.5384615384615384,
    0.5833333333333334,
    0.6363636363636364,
    0.7,
    0.6666666666666666,
    0.75,
    0.8571428571428571,
    0.8333333333333334,
    1.0,
    1.0,
    1.0,
    1.0,
    1.0,
    1.0
  ],
  "recall": [
    1.0,
    1.0,
    1.0,
    1.0,
    1.0,
    1.0,
    1.0,
    1.0,
    1.0,
    1.0,
    1.0,
    1.0,
    1.0,
    1.0,
    1.0,
    1.0,
    0.9166666666666666,
    0.8333333333333334,
    0.75,
    0.75,
    0.75,
    0.75,
    0.75,
    0.75,
    0.75,
    0.75,
    0.75,
    0.75,
    0.75,
    0.75,
    0.75,
    0.75,
    0.75,
    0.75,
    0.75,
    0.75,
    0.75,
    0.75,
    0.75,
    0.75,
    0.75,
    0.6666666666666666,
    0.6666666666666666,
    0.6666666666666666,
    0.6666666666666666,
    0.6666666666666666,
    0.6666666666666666,
    0.6666666666666666,
    0.6666666666666666,
    0.6666666666666666,
    0.6666666666666666,
    0.6666666666666666,
    0.6666666666666666,
    0.6666666666666666,
    0.6666666666666666,
    0.5833333333333334,
    0.5833333333333334,
    0.5833333333333334,
    0.5833333333333334,
    0.5833333333333334,
    0.5833333333333334,
    0.5833333333333334,
    0.5833333333333334,
    0.5833333333333334,
    0.5833333333333334,
    0.5833333333333334,
    0.5,
    0.5,
    0.5,
    0.4166666666666667,
    0.4166666666666667,
    0.3333333333333333,
    0.25,
    0.16666666666666666,
    0.08333333333333333,
    0.0
  ],
  "thresholds": [
    0.07223750650882721,
    0.07302988320589066,
    0.0730762705206871,
    0.07353715598583221,
    0.07394642382860184,
    0.07418642193078995,
    0.07468555867671967,
    0.07470587641000748,
    0.07483186572790146,
    0.07484971731901169,
    0.07498037815093994,
    0.07511870563030243,
    0.07555730640888214,
    0.07581517100334167,
    0.0758596882224083,
    0.07588900625705719,
    0.07594513893127441,
    0.07598419487476349,
    0.0761752799153328,
    0.07658670842647552,
    0.07660476863384247,
    0.07667949795722961,
    0.07669153809547424,
    0.07691007852554321,
    0.0769435316324234,
    0.0769694373011589,
    0.0772276222705841,
    0.07725612074136734,
    0.07729282975196838,
    0.07731512188911438,
    0.07741213589906693,
    0.0776282399892807,
    0.07772672921419144,
    0.07775004953145981,
    0.07786661386489868,
    0.07804844528436661,
    0.07819027453660965,
    0.07869289070367813,
    0.07971744239330292,
    0.08024477958679199,
    0.08045541495084763,
    0.08088734745979309,
    0.0815136507153511,
    0.08156909048557281,
    0.08183005452156067,
    0.0820636972784996,
    0.08245078474283218,
    0.08251843601465225,
    0.08269001543521881,
    0.08287692815065384,
    0.08325501531362534,
    0.08385965973138809,
    0.08672889322042465,
    0.08801397681236267,
    0.08884961158037186,
    0.08959037810564041,
    0.08959536254405975,
    0.09207002073526382,
    0.09485367685556412,
    0.1040651872754097,
    0.11166095733642578,
    0.11604270339012146,
    0.12031295150518417,
    0.1379992663860321,
    0.1446259468793869,
    0.19513969123363495,
    0.2723597288131714,
    0.37534263730049133,
    0.8426801562309265,
    0.8945525884628296,
    0.9126974940299988,
    0.9553824067115784,
    0.9574752449989319,
    0.9594734311103821,
    0.9596450924873352
  ]
}