{
  "y_true": [
    0,
    0,
    0,
    0,
    0,
    0,
    0,
    0,
    0,
    0,
    0,
    0,
    0,
    0,
    0,
    0,
    0,
    0,
    0,
    0,
    0,
    0,
    0,
    0,
    0,
    0,
    0,
    0,
    0,
    0,
    0,
    0,
    0,
    0,
    0,
    0,
    0,
    0,
    0,
    0,
    0,
    0,
    0,
    0,
    0,
    0,
    0,
    0,
    0,
    0,
    0,
    0,
    0,
    0,
    0,
    0,
    0,
    0,
    0,
    0,
    0,
    0,
    0,
    1,
    1,
    1,
    1,
    1,
    1,
    1,
    1,
    1,
    1,
    1,
    1
  ],
  "y_pred": [
    0,
    0,
    0,
    1,
    0,
    0,
    0,
    0,
    0,
    0,
    0,
    0,
    0,
    0,
    0,
    0,
    0,
    0,
    0,
    0,
    0,
    0,
    0,
    0,
    0,
    0,
    0,
    0,
    0,
    0,
    0,
    0,
    0,
    0,
    0,
    0,
    0,
    0,
    0,
    0,
    0,
    0,
    0,
    0,
    0,
    0,
    0,
    0,
    0,
    0,
    0,
    0,
    0,
    0,
    0,
    0,
    0,
    0,
    0,
    0,
    0,
    0,
    0,
    1,
    1,
    1,
    1,
    1,
    0,
    0,
    0,
    0,
    0,
    0,
    1
  ],
  "y_prob": [
    0.07424482703208923,
    0.076725073158741,
    0.08153905719518661,
    0.48070335388183594,
    0.08121170848608017,
    0.0734068751335144,
    0.07572552561759949,
    0.07524046301841736,
    0.0768834725022316,
    0.07908495515584946,
    0.07609108090400696,
    0.07549861073493958,
    0.07523702830076218,
    0.07331199944019318,
    0.079226553440094,
    0.0744670107960701,
    0.07874751836061478,
    0.11048111319541931,
    0.07794934511184692,
    0.07673006504774094,
    0.07330939173698425,
    0.07319526374340057,
    0.08022604137659073,
    0.0745031088590622,
    0.07288108021020889,
    0.07948648184537888,
    0.07499412447214127,
    0.07631074637174606,
    0.07748007029294968,
    0.07732506841421127,
    0.0766056627035141,
    0.07535600662231445,
    0.07440106570720673,
    0.07596814632415771,
    0.08048398047685623,
    0.07492848485708237,
    0.07521526515483856,
    0.07413562387228012,
    0.08395784348249435,
    0.07818985730409622,
    0.0747343897819519,
    0.07300218194723129,
    0.07700303941965103,
    0.28456413745880127,
    0.14185830950737,
    0.07398749887943268,
    0.07593660801649094,
    0.07842131704092026,
    0.07443315535783768,
    0.07338501513004303,
    0.07212646305561066,
    0.07431964576244354,
    0.07656391710042953,
    0.07621277868747711,
    0.07437454909086227,
    0.07445015758275986,
    0.0808127298951149,
    0.07913996279239655,
    0.0738263726234436,
    0.07424286007881165,
    0.07442979514598846,
    0.07977744936943054,
    0.08503882586956024,
    0.9702651500701904,
    0.8474114537239075,
    0.9696929454803467,
    0.9676254391670227,
    0.9697975516319275,
    0.07675890624523163,
    0.07553599029779434,
    0.09853769093751907,
    0.08464238792657852,
    0.07605577260255814,
    0.1932888925075531,
    0.7761453986167908
  ]
}