{
  "y_true": [
    0,
    0,
    0,
    0,
    0,
    0,
    0,
    0,
    0,
    0,
    0,
    0,
    0,
    0,
    0,
    0,
    0,
    0,
    0,
    0,
    0,
    0,
    0,
    0,
    0,
    0,
    0,
    0,
    0,
    0,
    0,
    0,
    0,
    0,
    0,
    0,
    0,
    0,
    0,
    0,
    0,
    0,
    0,
    0,
    0,
    0,
    0,
    0,
    0,
    0,
    0,
    0,
    0,
    0,
    0,
    0,
    0,
    0,
    0,
    0,
    0,
    0,
    0,
    1,
    1,
    1,
    1,
    1,
    1,
    1,
    1,
    1,
    1,
    1,
    1
  ],
  "y_pred": [
    0,
    0,
    0,
    0,
    0,
    0,
    0,
    0,
    0,
    0,
    0,
    0,
    0,
    0,
    0,
    0,
    0,
    0,
    0,
    0,
    0,
    0,
    0,
    0,
    0,
    0,
    0,
    0,
    0,
    0,
    0,
    0,
    0,
    0,
    0,
    0,
    0,
    0,
    0,
    0,
    0,
    0,
    0,
    1,
    0,
    0,
    0,
    0,
    0,
    0,
    0,
    0,
    0,
    0,
    0,
    0,
    0,
    0,
    0,
    0,
    0,
    0,
    0,
    1,
    1,
    1,
    1,
    1,
    0,
    0,
    0,
    0,
    0,
    0,
    1
  ],
  "y_prob": [
    0.07731512188911438,
    0.0758596882224083,
    0.08959037810564041,
    0.1446259468793869,
    0.2723597288131714,
    0.07725612074136734,
    0.07729282975196838,
    0.37534263730049133,
    0.08251843601465225,
    0.08385965973138809,
    0.07660476863384247,
    0.07470587641000748,
    0.11604270339012146,
    0.12031295150518417,
    0.0820636972784996,
    0.07581517100334167,
    0.07484971731901169,
    0.07772672921419144,
    0.07741213589906693,
    0.0772276222705841,
    0.07353715598583221,
    0.07394642382860184,
    0.08672889322042465,
    0.07658670842647552,
    0.07483186572790146,
    0.08245078474283218,
    0.08959536254405975,
    0.07786661386489868,
    0.07667949795722961,
    0.08088734745979309,
    0.08156909048557281,
    0.08024477958679199,
    0.0761752799153328,
    0.07418642193078995,
    0.0815136507153511,
    0.08269001543521881,
    0.08287692815065384,
    0.07302988320589066,
    0.1379992663860321,
    0.07223750650882721,
    0.07555730640888214,
    0.07691007852554321,
    0.08325501531362534,
    0.8945525884628296,
    0.08183005452156067,
    0.07669153809547424,
    0.09485367685556412,
    0.08801397681236267,
    0.07819027453660965,
    0.07511870563030243,
    0.07498037815093994,
    0.0769435316324234,
    0.07775004953145981,
    0.07971744239330292,
    0.07468555867671967,
    0.07869289070367813,
    0.0776282399892807,
    0.11166095733642578,
    0.0730762705206871,
    0.07804844528436661,
    0.0769694373011589,
    0.1040651872754097,
    0.09207002073526382,
    0.9596450924873352,
    0.8426801562309265,
    0.9574752449989319,
    0.9553824067115784,
    0.9594734311103821,
    0.08045541495084763,
    0.07594513893127441,
    0.08884961158037186,
    0.07588900625705719,
    0.07598419487476349,
    0.19513969123363495,
    0.9126974940299988
  ]
}