{
  "accuracy": 0.9066666666666666,
  "balanced_accuracy": 0.7083333333333334,
  "precision": 1.0,
  "recall": 0.4166666666666667,
  "f1": 0.5882352941176471,
  "roc_auc": 0.8743386243386243,
  "pr_auc": 0.7786286892219096,
  "class_distribution": {
    "0": 63,
    "1": 12
  },
  "per_class_precision_recall": {
    "class_0": {
      "precision": 0.9,
      "recall": 1.0
    },
    "class_1": {
      "precision": 1.0,
      "recall": 0.4166666666666667
    }
  },
  "confusion_matrix": {
    "tn": 63,
    "fp": 0,
    "fn": 7,
    "tp": 5
  },
  "confusion_matrix_normalized": {
    "tn": 1.0,
    "fp": 0.0,
    "fn": 0.5833333333333334,
    "tp": 0.4166666666666667
  },
  "threshold": 0.9,
  "n_samples": 75,
  "mean_probability": 0.22767400741577148,
  "pr_curve": {
    "precision": [
      0.16,
      0.16216216216216217,
      0.1643835616438356,
      0.16666666666666666,
      0.16901408450704225,
      0.17142857142857143,
      0.17391304347826086,
      0.17647058823529413,
      0.1791044776119403,
      0.18181818181818182,
      0.18461538461538463,
      0.1875,
      0.19047619047619047,
      0.1935483870967742,
      0.19672131147540983,
      0.2,
      0.2033898305084746,
      0.1896551724137931,
      0.19298245614035087,
      0.19642857142857142,
      0.2,
      0.2037037037037037,
      0.20754716981132076,
      0.21153846153846154,
      0.21568627450980393,
      0.22,
      0.22448979591836735,
      0.22916666666666666,
      0.23404255319148937,
      0.2391304347826087,
      0.24444444444444444,
      0.25,
      0.2558139534883721,
      0.2619047619047619,
      0.2682926829268293,
      0.275,
      0.28205128205128205,
      0.2894736842105263,
      0.2972972972972973,
      0.2777777777777778,
      0.2857142857142857,
      0.29411764705882354,
      0.30303030303030304,
      0.3125,
      0.3225806451612903,
      0.3333333333333333,
      0.3448275862068966,
      0.35714285714285715,
      0.37037037037037035,
      0.38461538461538464,
      0.4,
      0.375,
      0.391304347826087,
      0.4090909090909091,
      0.42857142857142855,
      0.45,
      0.47368421052631576,
      0.5,
      0.5294117647058824,
      0.5625,
      0.6,
      0.6428571428571429,
      0.6153846153846154,
      0.6666666666666666,
      0.7272727272727273,
      0.8,
      0.7777777777777778,
      0.875,
      1.0,
      1.0,
      1.0,
      1.0,
      1.0,
      1.0,
      1.0,
      1.0
    ],
    "recall": [
      1.0,
      1.0,
      1.0,
      1.0,
      1.0,
      1.0,
      1.0,
      1.0,
      1.0,
      1.0,
      1.0,
      1.0,
      1.0,
      1.0,
      1.0,
      1.0,
      1.0,
      0.9166666666666666,
      0.9166666666666666,
      0.9166666666666666,
      0.9166666666666666,
      0.9166666666666666,
      0.9166666666666666,
      0.9166666666666666,
      0.9166666666666666,
      0.9166666666666666,
      0.9166666666666666,
      0.9166666666666666,
      0.9166666666666666,
      0.9166666666666666,
      0.9166666666666666,
      0.9166666666666666,
      0.9166666666666666,
      0.9166666666666666,
      0.9166666666666666,
      0.9166666666666666,
      0.9166666666666666,
      0.9166666666666666,
      0.9166666666666666,
      0.8333333333333334,
      0.8333333333333334,
      0.8333333333333334,
      0.8333333333333334,
      0.8333333333333334,
      0.8333333333333334,
      0.8333333333333334,
      0.8333333333333334,
      0.8333333333333334,
      0.8333333333333334,
      0.8333333333333334,
      0.8333333333333334,
      0.75,
      0.75,
      0.75,
      0.75,
      0.75,
      0.75,
      0.75,
      0.75,
      0.75,
      0.75,
      0.75,
      0.6666666666666666,
      0.6666666666666666,
      0.6666666666666666,
      0.6666666666666666,
      0.5833333333333334,
      0.5833333333333334,
      0.5833333333333334,
      0.5,
      0.4166666666666667,
      0.3333333333333333,
      0.25,
      0.16666666666666666,
      0.08333333333333333,
      0.0
    ],
    "thresholds": [
      0.10613153874874115,
      0.10635647922754288,
      0.10705912858247757,
      0.10730742663145065,
      0.10742811113595963,
      0.10783710330724716,
      0.10802806168794632,
      0.1082988977432251,
      0.10836464911699295,
      0.10897824168205261,
      0.10900849848985672,
      0.1092194989323616,
      0.10928996652364731,
      0.10945037752389908,
      0.10986697673797607,
      0.10987763106822968,
      0.11011011898517609,
      0.11043235659599304,
      0.11065850406885147,
      0.11070586740970612,
      0.11072692275047302,
      0.11113007366657257,
      0.11121153831481934,
      0.11130720376968384,
      0.1118415966629982,
      0.11188524961471558,
      0.11214115470647812,
      0.11239343136548996,
      0.11279134452342987,
      0.1130615770816803,
      0.11316520720720291,
      0.11345138400793076,
      0.11351770907640457,
      0.11390678584575653,
      0.11433488875627518,
      0.11446535587310791,
      0.11481829732656479,
      0.1152215227484703,
      0.11529018729925156,
      0.11546217650175095,
      0.11579202860593796,
      0.11591475456953049,
      0.11654045432806015,
      0.11693330109119415,
      0.11824768036603928,
      0.12252745777368546,
      0.12274594604969025,
      0.12450049072504044,
      0.12494491785764694,
      0.13145926594734192,
      0.13207753002643585,
      0.13426367938518524,
      0.1382705420255661,
      0.13928073644638062,
      0.14229410886764526,
      0.143369659781456,
      0.14593510329723358,
      0.1490163654088974,
      0.16369973123073578,
      0.186489999294281,
      0.1997852921485901,
      0.2152322232723236,
      0.2878778576850891,
      0.3361060619354248,
      0.4414384961128235,
      0.5350657105445862,
      0.7603573203086853,
      0.7984535694122314,
      0.8931270241737366,
      0.895784854888916,
      0.9166293740272522,
      0.9180803894996643,
      0.9184222221374512,
      0.91907799243927,
      0.9192748069763184
    ]
  }
}