{
  "precision": [
    0.16,
    0.16216216216216217,
    0.1643835616438356,
    0.16666666666666666,
    0.16901408450704225,
    0.17142857142857143,
    0.17391304347826086,
    0.17647058823529413,
    0.1791044776119403,
    0.18181818181818182,
    0.18461538461538463,
    0.1875,
    0.19047619047619047,
    0.1935483870967742,
    0.19672131147540983,
    0.2,
    0.2033898305084746,
    0.20689655172413793,
    0.19298245614035087,
    0.19642857142857142,
    0.2,
    0.2037037037037037,
    0.20754716981132076,
    0.21153846153846154,
    0.21568627450980393,
    0.22,
    0.22448979591836735,
    0.22916666666666666,
    0.23404255319148937,
    0.2391304347826087,
    0.24444444444444444,
    0.25,
    0.2558139534883721,
    0.23809523809523808,
    0.24390243902439024,
    0.25,
    0.2564102564102564,
    0.23684210526315788,
    0.24324324324324326,
    0.25,
    0.2571428571428571,
    0.2647058823529412,
    0.2727272727272727,
    0.28125,
    0.2903225806451613,
    0.3,
    0.3103448275862069,
    0.32142857142857145,
    0.2962962962962963,
    0.3076923076923077,
    0.32,
    0.2916666666666667,
    0.30434782608695654,
    0.3181818181818182,
    0.3333333333333333,
    0.35,
    0.3684210526315789,
    0.3888888888888889,
    0.4117647058823529,
    0.4375,
    0.4666666666666667,
    0.5,
    0.5384615384615384,
    0.5833333333333334,
    0.6363636363636364,
    0.7,
    0.7777777777777778,
    0.75,
    0.8571428571428571,
    0.8333333333333334,
    1.0,
    1.0,
    1.0,
    1.0,
    1.0,
    1.0
  ],
  "recall": [
    1.0,
    1.0,
    1.0,
    1.0,
    1.0,
    1.0,
    1.0,
    1.0,
    1.0,
    1.0,
    1.0,
    1.0,
    1.0,
    1.0,
    1.0,
    1.0,
    1.0,
    1.0,
    0.9166666666666666,
    0.9166666666666666,
    0.9166666666666666,
    0.9166666666666666,
    0.9166666666666666,
    0.9166666666666666,
    0.9166666666666666,
    0.9166666666666666,
    0.9166666666666666,
    0.9166666666666666,
    0.9166666666666666,
    0.9166666666666666,
    0.9166666666666666,
    0.9166666666666666,
    0.9166666666666666,
    0.8333333333333334,
    0.8333333333333334,
    0.8333333333333334,
    0.8333333333333334,
    0.75,
    0.75,
    0.75,
    0.75,
    0.75,
    0.75,
    0.75,
    0.75,
    0.75,
    0.75,
    0.75,
    0.6666666666666666,
    0.6666666666666666,
    0.6666666666666666,
    0.5833333333333334,
    0.5833333333333334,
    0.5833333333333334,
    0.5833333333333334,
    0.5833333333333334,
    0.5833333333333334,
    0.5833333333333334,
    0.5833333333333334,
    0.5833333333333334,
    0.5833333333333334,
    0.5833333333333334,
    0.5833333333333334,
    0.5833333333333334,
    0.5833333333333334,
    0.5833333333333334,
    0.5833333333333334,
    0.5,
    0.5,
    0.4166666666666667,
    0.4166666666666667,
    0.3333333333333333,
    0.25,
    0.16666666666666666,
    0.08333333333333333,
    0.0
  ],
  "thresholds": [
    0.08282698690891266,
    0.08541348576545715,
    0.08620575815439224,
    0.08646237850189209,
    0.08673960715532303,
    0.08674471825361252,
    0.08693815022706985,
    0.0870329812169075,
    0.08781486749649048,
    0.0886416882276535,
    0.08889058977365494,
    0.08907836675643921,
    0.08908487856388092,
    0.08957482874393463,
    0.08957910537719727,
    0.08997023105621338,
    0.09010689705610275,
    0.0918111801147461,
    0.09196695685386658,
    0.09226404875516891,
    0.0923948660492897,
    0.092479407787323,
    0.09248501062393188,
    0.09346494823694229,
    0.09373003244400024,
    0.09389257431030273,
    0.09397593140602112,
    0.09429235011339188,
    0.09467065334320068,
    0.09483654797077179,
    0.0952480286359787,
    0.09543246030807495,
    0.09575066715478897,
    0.09616334736347198,
    0.09630418568849564,
    0.09988079965114594,
    0.10356222093105316,
    0.109555684030056,
    0.11081346869468689,
    0.11374995857477188,
    0.11504723876714706,
    0.1165405735373497,
    0.12207810580730438,
    0.1266801655292511,
    0.1357671469449997,
    0.1382514238357544,
    0.13893836736679077,
    0.15159940719604492,
    0.166317880153656,
    0.17319071292877197,
    0.1784832626581192,
    0.18405508995056152,
    0.19178922474384308,
    0.20250342786312103,
    0.20899593830108643,
    0.20917290449142456,
    0.22801175713539124,
    0.23676107823848724,
    0.23700831830501556,
    0.2531081736087799,
    0.2649145722389221,
    0.30573487281799316,
    0.3256390690803528,
    0.6261376738548279,
    0.6473767161369324,
    0.6533699631690979,
    0.708101749420166,
    0.810337483882904,
    0.8640757203102112,
    0.8984787464141846,
    0.9138213992118835,
    0.9344892501831055,
    0.940937876701355,
    0.9468322396278381,
    0.9471067786216736
  ]
}