{
  "y_true": [
    0,
    0,
    0,
    0,
    0,
    0,
    0,
    0,
    0,
    0,
    0,
    0,
    0,
    0,
    0,
    0,
    0,
    0,
    0,
    0,
    0,
    0,
    0,
    0,
    0,
    0,
    0,
    0,
    0,
    0,
    0,
    0,
    0,
    0,
    0,
    0,
    0,
    0,
    0,
    0,
    0,
    0,
    0,
    0,
    0,
    0,
    0,
    0,
    0,
    0,
    0,
    0,
    0,
    0,
    0,
    0,
    0,
    0,
    0,
    0,
    0,
    0,
    0,
    1,
    1,
    1,
    1,
    1,
    1,
    1,
    1,
    1,
    1,
    1,
    1
  ],
  "y_pred": [
    0,
    0,
    0,
    1,
    0,
    0,
    0,
    0,
    0,
    0,
    0,
    0,
    0,
    0,
    0,
    0,
    0,
    0,
    0,
    0,
    0,
    0,
    0,
    0,
    0,
    0,
    0,
    0,
    0,
    0,
    0,
    0,
    0,
    0,
    0,
    0,
    0,
    0,
    0,
    0,
    0,
    0,
    0,
    1,
    0,
    0,
    0,
    0,
    0,
    0,
    0,
    0,
    0,
    0,
    0,
    0,
    0,
    0,
    0,
    0,
    0,
    0,
    0,
    1,
    1,
    1,
    1,
    1,
    0,
    0,
    0,
    0,
    0,
    1,
    1
  ],
  "y_prob": [
    0.08282698690891266,
    0.08693815022706985,
    0.1357671469449997,
    0.810337483882904,
    0.6473767161369324,
    0.09248501062393188,
    0.08907836675643921,
    0.6533699631690979,
    0.09483654797077179,
    0.09988079965114594,
    0.09467065334320068,
    0.092479407787323,
    0.6261376738548279,
    0.22801175713539124,
    0.09226404875516891,
    0.11081346869468689,
    0.20917290449142456,
    0.17319071292877197,
    0.13893836736679077,
    0.08957482874393463,
    0.09630418568849564,
    0.09346494823694229,
    0.23700831830501556,
    0.08781486749649048,
    0.08541348576545715,
    0.166317880153656,
    0.1266801655292511,
    0.09389257431030273,
    0.09397593140602112,
    0.08646237850189209,
    0.09010689705610275,
    0.08997023105621338,
    0.08889058977365494,
    0.09543246030807495,
    0.20250342786312103,
    0.1165405735373497,
    0.11504723876714706,
    0.109555684030056,
    0.3256390690803528,
    0.19178922474384308,
    0.09429235011339188,
    0.08908487856388092,
    0.11374995857477188,
    0.8984787464141846,
    0.2649145722389221,
    0.12207810580730438,
    0.23676107823848724,
    0.0952480286359787,
    0.1382514238357544,
    0.08673960715532303,
    0.30573487281799316,
    0.08674471825361252,
    0.09196695685386658,
    0.0923948660492897,
    0.08957910537719727,
    0.08620575815439224,
    0.09373003244400024,
    0.2531081736087799,
    0.09616334736347198,
    0.0870329812169075,
    0.0886416882276535,
    0.20899593830108643,
    0.18405508995056152,
    0.9468322396278381,
    0.8640757203102112,
    0.940937876701355,
    0.9344892501831055,
    0.9471067786216736,
    0.10356222093105316,
    0.0918111801147461,
    0.1784832626581192,
    0.15159940719604492,
    0.09575066715478897,
    0.708101749420166,
    0.9138213992118835
  ]
}