{
  "y_true": [
    0,
    0,
    0,
    0,
    0,
    0,
    0,
    0,
    0,
    0,
    0,
    0,
    0,
    0,
    0,
    0,
    0,
    0,
    0,
    0,
    0,
    0,
    0,
    0,
    0,
    0,
    0,
    0,
    0,
    0,
    0,
    0,
    0,
    0,
    0,
    0,
    0,
    0,
    0,
    0,
    0,
    0,
    0,
    0,
    0,
    0,
    0,
    0,
    0,
    0,
    0,
    0,
    0,
    0,
    0,
    0,
    0,
    0,
    0,
    0,
    0,
    0,
    0,
    1,
    1,
    1,
    1,
    1,
    1,
    1,
    1,
    1,
    1,
    1,
    1
  ],
  "y_pred": [
    0,
    0,
    0,
    0,
    0,
    0,
    0,
    0,
    0,
    0,
    0,
    0,
    0,
    0,
    0,
    0,
    0,
    0,
    0,
    0,
    0,
    0,
    0,
    0,
    0,
    0,
    0,
    0,
    0,
    0,
    0,
    0,
    0,
    0,
    0,
    0,
    0,
    0,
    0,
    0,
    0,
    0,
    0,
    0,
    0,
    0,
    0,
    0,
    0,
    0,
    0,
    0,
    0,
    0,
    0,
    0,
    0,
    0,
    0,
    0,
    0,
    0,
    0,
    1,
    1,
    1,
    1,
    1,
    0,
    0,
    0,
    0,
    0,
    0,
    0
  ],
  "y_prob": [
    0.11214115470647812,
    0.11591475456953049,
    0.13928073644638062,
    0.7984535694122314,
    0.3361060619354248,
    0.10897824168205261,
    0.1082988977432251,
    0.143369659781456,
    0.11351770907640457,
    0.10986697673797607,
    0.1130615770816803,
    0.11188524961471558,
    0.13145926594734192,
    0.11239343136548996,
    0.12252745777368546,
    0.10742811113595963,
    0.186489999294281,
    0.4414384961128235,
    0.10987763106822968,
    0.12274594604969025,
    0.1118415966629982,
    0.11070586740970612,
    0.14229410886764526,
    0.10900849848985672,
    0.10613153874874115,
    0.16369973123073578,
    0.11130720376968384,
    0.10945037752389908,
    0.11113007366657257,
    0.11316520720720291,
    0.10705912858247757,
    0.10928996652364731,
    0.11279134452342987,
    0.1152215227484703,
    0.14593510329723358,
    0.11433488875627518,
    0.11654045432806015,
    0.1092194989323616,
    0.13426367938518524,
    0.1997852921485901,
    0.11546217650175095,
    0.10836464911699295,
    0.11824768036603928,
    0.7603573203086853,
    0.11481829732656479,
    0.12494491785764694,
    0.11446535587310791,
    0.10802806168794632,
    0.11072692275047302,
    0.11065850406885147,
    0.1382705420255661,
    0.10730742663145065,
    0.11390678584575653,
    0.11579202860593796,
    0.10635647922754288,
    0.10783710330724716,
    0.12450049072504044,
    0.1490163654088974,
    0.11345138400793076,
    0.11121153831481934,
    0.11043235659599304,
    0.11693330109119415,
    0.2878778576850891,
    0.91907799243927,
    0.9166293740272522,
    0.9180803894996643,
    0.9184222221374512,
    0.9192748069763184,
    0.13207753002643585,
    0.11529018729925156,
    0.5350657105445862,
    0.2152322232723236,
    0.11011011898517609,
    0.895784854888916,
    0.8931270241737366
  ]
}