{
  "accuracy": 0.7333333333333333,
  "balanced_accuracy": 0.5714285714285714,
  "precision": 0.25,
  "recall": 0.3333333333333333,
  "f1": 0.28571428571428575,
  "roc_auc": 0.5727513227513228,
  "pr_auc": 0.3068785324402289,
  "class_distribution": {
    "0": 63,
    "1": 12
  },
  "per_class_precision_recall": {
    "class_0": {
      "precision": 0.864406779661017,
      "recall": 0.8095238095238095
    },
    "class_1": {
      "precision": 0.25,
      "recall": 0.3333333333333333
    }
  },
  "confusion_matrix": {
    "tn": 51,
    "fp": 12,
    "fn": 8,
    "tp": 4
  },
  "confusion_matrix_normalized": {
    "tn": 0.8095238095238095,
    "fp": 0.19047619047619047,
    "fn": 0.6666666666666666,
    "tp": 0.3333333333333333
  },
  "threshold": 0.49999999999999994,
  "n_samples": 75,
  "mean_probability": 0.4748528003692627
}