{
  "accuracy": 0.9333333333333333,
  "balanced_accuracy": 0.7916666666666667,
  "precision": 1.0,
  "recall": 0.5833333333333334,
  "f1": 0.7368421052631579,
  "roc_auc": 0.9616402116402116,
  "pr_auc": 0.8904761904761905,
  "class_distribution": {
    "0": 63,
    "1": 12
  },
  "per_class_precision_recall": {
    "class_0": {
      "precision": 0.9264705882352942,
      "recall": 1.0
    },
    "class_1": {
      "precision": 1.0,
      "recall": 0.5833333333333334
    }
  },
  "confusion_matrix": {
    "tn": 63,
    "fp": 0,
    "fn": 5,
    "tp": 7
  },
  "confusion_matrix_normalized": {
    "tn": 1.0,
    "fp": 0.0,
    "fn": 0.4166666666666667,
    "tp": 0.5833333333333334
  },
  "threshold": 0.6,
  "n_samples": 75,
  "mean_probability": 0.1824507862329483,
  "pr_curve": {
    "precision": [
      0.16,
      0.16216216216216217,
      0.1643835616438356,
      0.16666666666666666,
      0.16901408450704225,
      0.17142857142857143,
      0.17391304347826086,
      0.17647058823529413,
      0.1791044776119403,
      0.18181818181818182,
      0.18461538461538463,
      0.1875,
      0.19047619047619047,
      0.1935483870967742,
      0.19672131147540983,
      0.2,
      0.2033898305084746,
      0.20689655172413793,
      0.21052631578947367,
      0.21428571428571427,
      0.21818181818181817,
      0.2222222222222222,
      0.22641509433962265,
      0.23076923076923078,
      0.23529411764705882,
      0.24,
      0.24489795918367346,
      0.25,
      0.2553191489361702,
      0.2608695652173913,
      0.26666666666666666,
      0.2727272727272727,
      0.27906976744186046,
      0.2857142857142857,
      0.2926829268292683,
      0.3,
      0.3076923076923077,
      0.3157894736842105,
      0.32432432432432434,
      0.3333333333333333,
      0.34285714285714286,
      0.35294117647058826,
      0.36363636363636365,
      0.375,
      0.3870967741935484,
      0.4,
      0.41379310344827586,
      0.42857142857142855,
      0.4074074074074074,
      0.4230769230769231,
      0.44,
      0.4583333333333333,
      0.4782608695652174,
      0.5,
      0.5238095238095238,
      0.5,
      0.5263157894736842,
      0.5555555555555556,
      0.5882352941176471,
      0.625,
      0.6666666666666666,
      0.7142857142857143,
      0.7692307692307693,
      0.8333333333333334,
      0.8181818181818182,
      0.9,
      0.8888888888888888,
      1.0,
      1.0,
      1.0,
      1.0,
      1.0,
      1.0,
      1.0,
      1.0,
      1.0
    ],
    "recall": [
      1.0,
      1.0,
      1.0,
      1.0,
      1.0,
      1.0,
      1.0,
      1.0,
      1.0,
      1.0,
      1.0,
      1.0,
      1.0,
      1.0,
      1.0,
      1.0,
      1.0,
      1.0,
      1.0,
      1.0,
      1.0,
      1.0,
      1.0,
      1.0,
      1.0,
      1.0,
      1.0,
      1.0,
      1.0,
      1.0,
      1.0,
      1.0,
      1.0,
      1.0,
      1.0,
      1.0,
      1.0,
      1.0,
      1.0,
      1.0,
      1.0,
      1.0,
      1.0,
      1.0,
      1.0,
      1.0,
      1.0,
      1.0,
      0.9166666666666666,
      0.9166666666666666,
      0.9166666666666666,
      0.9166666666666666,
      0.9166666666666666,
      0.9166666666666666,
      0.9166666666666666,
      0.8333333333333334,
      0.8333333333333334,
      0.8333333333333334,
      0.8333333333333334,
      0.8333333333333334,
      0.8333333333333334,
      0.8333333333333334,
      0.8333333333333334,
      0.8333333333333334,
      0.75,
      0.75,
      0.6666666666666666,
      0.6666666666666666,
      0.5833333333333334,
      0.5,
      0.4166666666666667,
      0.3333333333333333,
      0.25,
      0.16666666666666666,
      0.08333333333333333,
      0.0
    ],
    "thresholds": [
      0.006952958647161722,
      0.007082759868353605,
      0.007981679402291775,
      0.008254669606685638,
      0.008622091263532639,
      0.01365456823259592,
      0.013911251910030842,
      0.014015929773449898,
      0.014141532592475414,
      0.01419567596167326,
      0.01637185737490654,
      0.01764177717268467,
      0.017822202295064926,
      0.018516700714826584,
      0.018526889383792877,
      0.018825387582182884,
      0.019702257588505745,
      0.021363159641623497,
      0.022025858983397484,
      0.022477149963378906,
      0.023967668414115906,
      0.024268735200166702,
      0.028426378965377808,
      0.03179492801427841,
      0.03239547088742256,
      0.032537709921598434,
      0.03302985802292824,
      0.03518011420965195,
      0.035583846271038055,
      0.03585343807935715,
      0.035894859582185745,
      0.03838447481393814,
      0.04001285508275032,
      0.043335817754268646,
      0.04426341503858566,
      0.04452352598309517,
      0.045660655945539474,
      0.04669523239135742,
      0.05029183626174927,
      0.05095035210251808,
      0.06322094798088074,
      0.06427811086177826,
      0.06431237608194351,
      0.06770577281713486,
      0.0704253539443016,
      0.07755143940448761,
      0.08546297997236252,
      0.08960480988025665,
      0.09134221822023392,
      0.1041242852807045,
      0.11240127682685852,
      0.13206562399864197,
      0.15706418454647064,
      0.1758747696876526,
      0.18006229400634766,
      0.2006026655435562,
      0.21812696754932404,
      0.22480086982250214,
      0.23054169118404388,
      0.23853276669979095,
      0.2870045006275177,
      0.31482088565826416,
      0.31692829728126526,
      0.32963892817497253,
      0.46271008253097534,
      0.48010358214378357,
      0.5009450912475586,
      0.5272100567817688,
      0.8942683339118958,
      0.9111151695251465,
      0.9722517132759094,
      0.989703357219696,
      0.9953784942626953,
      0.9990459084510803,
      0.999447762966156
    ]
  }
}