{
  "y_true": [
    0,
    0,
    0,
    0,
    0,
    0,
    0,
    0,
    0,
    0,
    0,
    0,
    0,
    0,
    0,
    0,
    0,
    0,
    0,
    0,
    0,
    0,
    0,
    0,
    0,
    0,
    0,
    0,
    0,
    0,
    0,
    0,
    0,
    0,
    0,
    0,
    0,
    0,
    0,
    0,
    0,
    0,
    0,
    0,
    0,
    0,
    0,
    0,
    0,
    0,
    0,
    0,
    0,
    0,
    0,
    0,
    0,
    0,
    0,
    0,
    0,
    0,
    0,
    1,
    1,
    1,
    1,
    1,
    1,
    1,
    1,
    1,
    1,
    1,
    1
  ],
  "y_pred": [
    0,
    0,
    0,
    0,
    0,
    0,
    0,
    0,
    0,
    0,
    0,
    0,
    0,
    0,
    0,
    0,
    0,
    0,
    0,
    0,
    0,
    0,
    0,
    0,
    0,
    0,
    0,
    0,
    0,
    0,
    0,
    0,
    0,
    0,
    0,
    0,
    0,
    0,
    0,
    0,
    0,
    0,
    0,
    0,
    0,
    0,
    0,
    0,
    0,
    0,
    0,
    0,
    0,
    0,
    0,
    0,
    0,
    0,
    0,
    0,
    0,
    0,
    0,
    1,
    1,
    1,
    1,
    1,
    0,
    0,
    0,
    0,
    0,
    1,
    1
  ],
  "y_prob": [
    0.1041242852807045,
    0.04001285508275032,
    0.46271008253097534,
    0.31482088565826416,
    0.5009450912475586,
    0.022477149963378906,
    0.01637185737490654,
    0.043335817754268646,
    0.09134221822023392,
    0.04452352598309517,
    0.035894859582185745,
    0.05095035210251808,
    0.023967668414115906,
    0.01419567596167326,
    0.01764177717268467,
    0.019702257588505745,
    0.0704253539443016,
    0.2870045006275177,
    0.06427811086177826,
    0.03518011420965195,
    0.04426341503858566,
    0.021363159641623497,
    0.11240127682685852,
    0.014141532592475414,
    0.022025858983397484,
    0.03585343807935715,
    0.028426378965377808,
    0.06770577281713486,
    0.045660655945539474,
    0.018526889383792877,
    0.008622091263532639,
    0.018516700714826584,
    0.018825387582182884,
    0.22480086982250214,
    0.2006026655435562,
    0.1758747696876526,
    0.03179492801427841,
    0.23853276669979095,
    0.04669523239135742,
    0.06322094798088074,
    0.03302985802292824,
    0.03239547088742256,
    0.07755143940448761,
    0.23054169118404388,
    0.05029183626174927,
    0.06431237608194351,
    0.032537709921598434,
    0.007981679402291775,
    0.035583846271038055,
    0.014015929773449898,
    0.21812696754932404,
    0.007082759868353605,
    0.017822202295064926,
    0.03838447481393814,
    0.006952958647161722,
    0.013911251910030842,
    0.31692829728126526,
    0.13206562399864197,
    0.08546297997236252,
    0.01365456823259592,
    0.024268735200166702,
    0.008254669606685638,
    0.15706418454647064,
    0.999447762966156,
    0.8942683339118958,
    0.989703357219696,
    0.9953784942626953,
    0.9990459084510803,
    0.5272100567817688,
    0.18006229400634766,
    0.32963892817497253,
    0.48010358214378357,
    0.08960480988025665,
    0.9111151695251465,
    0.9722517132759094
  ]
}