{
  "accuracy": 0.7866666666666666,
  "balanced_accuracy": 0.7718253968253967,
  "precision": 0.4090909090909091,
  "recall": 0.75,
  "f1": 0.5294117647058824,
  "roc_auc": 0.9126984126984127,
  "pr_auc": 0.7802723300460915,
  "class_distribution": {
    "0": 63,
    "1": 12
  },
  "per_class_precision_recall": {
    "class_0": {
      "precision": 0.9433962264150944,
      "recall": 0.7936507936507936
    },
    "class_1": {
      "precision": 0.4090909090909091,
      "recall": 0.75
    }
  },
  "confusion_matrix": {
    "tn": 50,
    "fp": 13,
    "fn": 3,
    "tp": 9
  },
  "confusion_matrix_normalized": {
    "tn": 0.7936507936507936,
    "fp": 0.20634920634920634,
    "fn": 0.25,
    "tp": 0.75
  },
  "threshold": 0.05,
  "n_samples": 75,
  "mean_probability": 0.15864714980125427
}