{
  "accuracy": 0.9466666666666667,
  "balanced_accuracy": 0.8670634920634921,
  "precision": 0.9,
  "recall": 0.75,
  "f1": 0.8181818181818182,
  "roc_auc": 0.9603174603174603,
  "pr_auc": 0.8703240740740742,
  "class_distribution": {
    "0": 63,
    "1": 12
  },
  "per_class_precision_recall": {
    "class_0": {
      "precision": 0.9538461538461539,
      "recall": 0.9841269841269841
    },
    "class_1": {
      "precision": 0.9,
      "recall": 0.75
    }
  },
  "confusion_matrix": {
    "tn": 62,
    "fp": 1,
    "fn": 3,
    "tp": 9
  },
  "confusion_matrix_normalized": {
    "tn": 0.9841269841269841,
    "fp": 0.015873015873015872,
    "fn": 0.25,
    "tp": 0.75
  },
  "threshold": 0.44999999999999996,
  "n_samples": 75,
  "mean_probability": 0.16516128182411194,
  "pr_curve": {
    "precision": [
      0.16,
      0.16216216216216217,
      0.1643835616438356,
      0.16666666666666666,
      0.16901408450704225,
      0.17142857142857143,
      0.17391304347826086,
      0.17647058823529413,
      0.1791044776119403,
      0.18181818181818182,
      0.18461538461538463,
      0.1875,
      0.19047619047619047,
      0.1935483870967742,
      0.19672131147540983,
      0.2,
      0.2033898305084746,
      0.20689655172413793,
      0.21052631578947367,
      0.21428571428571427,
      0.21818181818181817,
      0.2222222222222222,
      0.22641509433962265,
      0.23076923076923078,
      0.23529411764705882,
      0.24,
      0.24489795918367346,
      0.25,
      0.2553191489361702,
      0.2608695652173913,
      0.26666666666666666,
      0.2727272727272727,
      0.27906976744186046,
      0.2857142857142857,
      0.2926829268292683,
      0.3,
      0.3076923076923077,
      0.3157894736842105,
      0.32432432432432434,
      0.3333333333333333,
      0.34285714285714286,
      0.35294117647058826,
      0.36363636363636365,
      0.375,
      0.3870967741935484,
      0.4,
      0.41379310344827586,
      0.42857142857142855,
      0.4444444444444444,
      0.46153846153846156,
      0.48,
      0.4583333333333333,
      0.4782608695652174,
      0.5,
      0.5238095238095238,
      0.55,
      0.5263157894736842,
      0.5555555555555556,
      0.5882352941176471,
      0.625,
      0.6,
      0.6428571428571429,
      0.6923076923076923,
      0.75,
      0.8181818181818182,
      0.9,
      0.8888888888888888,
      0.875,
      1.0,
      1.0,
      1.0,
      1.0,
      1.0,
      1.0,
      1.0,
      1.0
    ],
    "recall": [
      1.0,
      1.0,
      1.0,
      1.0,
      1.0,
      1.0,
      1.0,
      1.0,
      1.0,
      1.0,
      1.0,
      1.0,
      1.0,
      1.0,
      1.0,
      1.0,
      1.0,
      1.0,
      1.0,
      1.0,
      1.0,
      1.0,
      1.0,
      1.0,
      1.0,
      1.0,
      1.0,
      1.0,
      1.0,
      1.0,
      1.0,
      1.0,
      1.0,
      1.0,
      1.0,
      1.0,
      1.0,
      1.0,
      1.0,
      1.0,
      1.0,
      1.0,
      1.0,
      1.0,
      1.0,
      1.0,
      1.0,
      1.0,
      1.0,
      1.0,
      1.0,
      0.9166666666666666,
      0.9166666666666666,
      0.9166666666666666,
      0.9166666666666666,
      0.9166666666666666,
      0.8333333333333334,
      0.8333333333333334,
      0.8333333333333334,
      0.8333333333333334,
      0.75,
      0.75,
      0.75,
      0.75,
      0.75,
      0.75,
      0.6666666666666666,
      0.5833333333333334,
      0.5833333333333334,
      0.5,
      0.4166666666666667,
      0.3333333333333333,
      0.25,
      0.16666666666666666,
      0.08333333333333333,
      0.0
    ],
    "thresholds": [
      0.0007928088307380676,
      0.0012063110480085015,
      0.0017608585767447948,
      0.0019172170432284474,
      0.0020169212948530912,
      0.002147046150639653,
      0.002539995824918151,
      0.00282709626480937,
      0.0032755190040916204,
      0.0036701823119074106,
      0.003831340465694666,
      0.004515235777944326,
      0.004792341496795416,
      0.005053664557635784,
      0.0053705633617937565,
      0.005732417572289705,
      0.005869964137673378,
      0.006060284562408924,
      0.0066448538564145565,
      0.006783455144613981,
      0.007329883985221386,
      0.008407755754888058,
      0.010873483493924141,
      0.012934364378452301,
      0.013928727246820927,
      0.018507646396756172,
      0.018565360456705093,
      0.019362004473805428,
      0.021251285448670387,
      0.02130873128771782,
      0.021658025681972504,
      0.022177256643772125,
      0.024069268256425858,
      0.026133619248867035,
      0.027370402589440346,
      0.027376806363463402,
      0.027420975267887115,
      0.02824106067419052,
      0.028979729861021042,
      0.029201295226812363,
      0.02984468638896942,
      0.035415567457675934,
      0.04035471752285957,
      0.04166051000356674,
      0.045801807194948196,
      0.05064113810658455,
      0.05298905819654465,
      0.05541672557592392,
      0.07729826122522354,
      0.08550091087818146,
      0.08708717674016953,
      0.09570935368537903,
      0.11375165730714798,
      0.13689842820167542,
      0.15719547867774963,
      0.16166917979717255,
      0.19204047322273254,
      0.19313451647758484,
      0.20331189036369324,
      0.2044580578804016,
      0.2068273276090622,
      0.22344104945659637,
      0.25501877069473267,
      0.28678616881370544,
      0.3383885622024536,
      0.5450536608695984,
      0.5854625701904297,
      0.7214179635047913,
      0.864547610282898,
      0.8855445981025696,
      0.9669871926307678,
      0.9726186394691467,
      0.992214024066925,
      0.9943264126777649,
      0.996376097202301
    ]
  }
}