{
  "y_true": [
    0,
    0,
    0,
    0,
    0,
    0,
    0,
    0,
    0,
    0,
    0,
    0,
    0,
    0,
    0,
    0,
    0,
    0,
    0,
    0,
    0,
    0,
    0,
    0,
    0,
    0,
    0,
    0,
    0,
    0,
    0,
    0,
    0,
    0,
    0,
    0,
    0,
    0,
    0,
    0,
    0,
    0,
    0,
    0,
    0,
    0,
    0,
    0,
    0,
    0,
    0,
    0,
    0,
    0,
    0,
    0,
    0,
    0,
    0,
    0,
    0,
    0,
    0,
    1,
    1,
    1,
    1,
    1,
    1,
    1,
    1,
    1,
    1,
    1,
    1
  ],
  "y_pred": [
    0,
    0,
    0,
    0,
    1,
    0,
    0,
    0,
    0,
    0,
    0,
    0,
    0,
    0,
    0,
    0,
    0,
    0,
    0,
    0,
    0,
    0,
    0,
    0,
    0,
    0,
    0,
    0,
    0,
    0,
    0,
    0,
    0,
    0,
    0,
    0,
    0,
    0,
    0,
    0,
    0,
    0,
    0,
    0,
    0,
    0,
    0,
    0,
    0,
    0,
    0,
    0,
    0,
    0,
    0,
    0,
    0,
    0,
    0,
    0,
    0,
    0,
    0,
    1,
    1,
    1,
    1,
    1,
    1,
    0,
    0,
    1,
    0,
    1,
    1
  ],
  "y_prob": [
    0.045801807194948196,
    0.028979729861021042,
    0.3383885622024536,
    0.15719547867774963,
    0.7214179635047913,
    0.008407755754888058,
    0.002147046150639653,
    0.026133619248867035,
    0.11375165730714798,
    0.035415567457675934,
    0.012934364378452301,
    0.02984468638896942,
    0.0066448538564145565,
    0.003831340465694666,
    0.005732417572289705,
    0.006783455144613981,
    0.04166051000356674,
    0.20331189036369324,
    0.07729826122522354,
    0.021658025681972504,
    0.027370402589440346,
    0.006060284562408924,
    0.05298905819654465,
    0.0036701823119074106,
    0.007329883985221386,
    0.019362004473805428,
    0.005869964137673378,
    0.05541672557592392,
    0.010873483493924141,
    0.004792341496795416,
    0.002539995824918151,
    0.029201295226812363,
    0.0053705633617937565,
    0.19313451647758484,
    0.2068273276090622,
    0.19204047322273254,
    0.013928727246820927,
    0.28678616881370544,
    0.04035471752285957,
    0.024069268256425858,
    0.027376806363463402,
    0.021251285448670387,
    0.027420975267887115,
    0.22344104945659637,
    0.022177256643772125,
    0.02130873128771782,
    0.018565360456705093,
    0.0017608585767447948,
    0.018507646396756172,
    0.004515235777944326,
    0.25501877069473267,
    0.0007928088307380676,
    0.0019172170432284474,
    0.05064113810658455,
    0.0012063110480085015,
    0.00282709626480937,
    0.13689842820167542,
    0.08550091087818146,
    0.02824106067419052,
    0.0032755190040916204,
    0.005053664557635784,
    0.0020169212948530912,
    0.09570935368537903,
    0.996376097202301,
    0.864547610282898,
    0.9726186394691467,
    0.992214024066925,
    0.9943264126777649,
    0.5854625701904297,
    0.16166917979717255,
    0.2044580578804016,
    0.5450536608695984,
    0.08708717674016953,
    0.8855445981025696,
    0.9669871926307678
  ]
}