model,split,accuracy,precision,recall,f1,tp,tn,fp,fn,C,RP,P,A,TI,trust_mean
logistic_regression,train,1.0,1.0,1.0,1.0,52,297,0,0,1.0,1.0,1.0,1.0,0.8486110942843439,0.8486110942843439
logistic_regression,val,0.9594594594594594,0.7857142857142857,1.0,0.88,11,60,3,0,0.9594594594594594,1.0,0.7857142857142857,0.88,0.8127116783858345,0.8127116783858345
logistic_regression,test,0.987012987012987,0.9230769230769231,1.0,0.9600000000000001,12,64,1,0,0.987012987012987,1.0,0.9230769230769231,0.9600000000000001,0.8286090064043098,0.8286090064043098
random_forest,train,1.0,1.0,1.0,1.0,52,297,0,0,1.0,1.0,1.0,1.0,0.8541069723018149,0.8541069723018149
random_forest,val,1.0,1.0,1.0,1.0,11,63,0,0,1.0,1.0,1.0,1.0,0.853063063063063,0.853063063063063
random_forest,test,0.961038961038961,1.0,0.75,0.8571428571428571,9,65,0,3,0.961038961038961,0.75,1.0,0.8571428571428571,0.8838961038961041,0.8838961038961041
