model,split,accuracy,precision,recall,f1,tp,tn,fp,fn,C,RP,P,A,TI,trust_mean
logistic_regression,train,1.0,1.0,1.0,1.0,52,297,0,0,1.0,1.0,1.0,1.0,0.8476639320531104,0.8476639320531104
logistic_regression,val,0.972972972972973,0.8461538461538461,1.0,0.9166666666666666,11,61,2,0,0.972972972972973,1.0,0.8461538461538461,0.9166666666666666,0.8122793056688489,0.8122793056688489
logistic_regression,test,0.987012987012987,0.9230769230769231,1.0,0.9600000000000001,12,64,1,0,0.987012987012987,1.0,0.9230769230769231,0.9600000000000001,0.8282615339088583,0.8282615339088583
random_forest,train,1.0,1.0,1.0,1.0,52,297,0,0,1.0,1.0,1.0,1.0,0.8542502387774594,0.8542502387774594
random_forest,val,0.9864864864864865,1.0,0.9090909090909091,0.9523809523809523,10,63,0,1,0.9864864864864865,0.9090909090909091,1.0,0.9523809523809523,0.8522072072072073,0.8522072072072073
random_forest,test,0.935064935064935,1.0,0.5833333333333334,0.7368421052631579,7,65,0,5,0.935064935064935,0.5833333333333334,1.0,0.7368421052631579,0.8794372294372295,0.8794372294372295
