model,split,accuracy,precision,recall,f1,tp,tn,fp,fn,C,RP,P,A,TI,trust_mean
lstm_baseline,train,1.0,1.0,1.0,1.0,49,271,0,0,1.0,1.0,1.0,1.0,0.824499110271449,0.824499110271449
lstm_baseline,val,1.0,1.0,1.0,1.0,11,63,0,0,1.0,1.0,1.0,1.0,0.8210554850230578,0.8210554850230578
lstm_baseline,test,0.974025974025974,1.0,0.8333333333333334,0.9090909090909091,10,65,0,2,0.974025974025974,0.8333333333333334,1.0,0.9090909090909091,0.8582887594155358,0.8582887594155358
