model,split,accuracy,precision,recall,f1,tp,tn,fp,fn,C,RP,P,A,TI,trust_mean
lstm_baseline,train,0.9875,0.9787234042553191,0.9387755102040817,0.9583333333333333,46,270,1,3,0.9875,0.9387755102040817,0.9787234042553191,0.9583333333333333,0.8286378585572187,0.8286378585572187
lstm_baseline,val,1.0,1.0,1.0,1.0,11,63,0,0,1.0,1.0,1.0,1.0,0.8248894384936432,0.8248894384936432
lstm_baseline,test,0.948051948051948,1.0,0.6666666666666666,0.8,8,65,0,4,0.948051948051948,0.6666666666666666,1.0,0.8,0.8596461810774177,0.8596461810774177
