model,split,accuracy,precision,recall,f1,tp,tn,fp,fn,C,RP,P,A,TI,trust_mean
lstm_baseline,train,0.15,0.15,1.0,0.2608695652173913,48,0,272,0,0.15,1.0,0.15,0.2608695652173913,0.5209863346582139,0.5209863346582139
lstm_baseline,val,0.14864864864864866,0.14864864864864866,1.0,0.25882352941176473,11,0,63,0,0.14864864864864866,1.0,0.14864864864864866,0.25882352941176473,0.5209970126536376,0.5209970126536376
lstm_baseline,test,0.15584415584415584,0.15584415584415584,1.0,0.2696629213483146,12,0,65,0,0.15584415584415584,1.0,0.15584415584415584,0.2696629213483146,0.5210761551991058,0.5210761551991058
