{
  "accuracy": 0.92,
  "balanced_accuracy": 0.7837301587301587,
  "precision": 0.875,
  "recall": 0.5833333333333334,
  "f1": 0.7000000000000001,
  "roc_auc": 0.9484126984126984,
  "pr_auc": 0.8540099715099717,
  "class_distribution": {
    "0": 63,
    "1": 12
  },
  "per_class_precision_recall": {
    "class_0": {
      "precision": 0.9253731343283582,
      "recall": 0.9841269841269841
    },
    "class_1": {
      "precision": 0.875,
      "recall": 0.5833333333333334
    }
  },
  "confusion_matrix": {
    "tn": 62,
    "fp": 1,
    "fn": 5,
    "tp": 7
  },
  "confusion_matrix_normalized": {
    "tn": 0.9841269841269841,
    "fp": 0.015873015873015872,
    "fn": 0.4166666666666667,
    "tp": 0.5833333333333334
  },
  "threshold": 0.44999999999999996,
  "n_samples": 75,
  "mean_probability": 0.1642087996006012,
  "pr_curve": {
    "precision": [
      0.16,
      0.16216216216216217,
      0.1643835616438356,
      0.16666666666666666,
      0.16901408450704225,
      0.17142857142857143,
      0.17391304347826086,
      0.17647058823529413,
      0.1791044776119403,
      0.18181818181818182,
      0.18461538461538463,
      0.1875,
      0.19047619047619047,
      0.1935483870967742,
      0.19672131147540983,
      0.2,
      0.2033898305084746,
      0.20689655172413793,
      0.21052631578947367,
      0.21428571428571427,
      0.21818181818181817,
      0.2222222222222222,
      0.22641509433962265,
      0.23076923076923078,
      0.23529411764705882,
      0.24,
      0.24489795918367346,
      0.25,
      0.2553191489361702,
      0.2608695652173913,
      0.26666666666666666,
      0.2727272727272727,
      0.27906976744186046,
      0.2857142857142857,
      0.2926829268292683,
      0.3,
      0.3076923076923077,
      0.3157894736842105,
      0.32432432432432434,
      0.3333333333333333,
      0.34285714285714286,
      0.35294117647058826,
      0.36363636363636365,
      0.375,
      0.3870967741935484,
      0.4,
      0.3793103448275862,
      0.39285714285714285,
      0.4074074074074074,
      0.4230769230769231,
      0.44,
      0.4166666666666667,
      0.43478260869565216,
      0.45454545454545453,
      0.47619047619047616,
      0.5,
      0.5263157894736842,
      0.5555555555555556,
      0.5882352941176471,
      0.625,
      0.6666666666666666,
      0.7142857142857143,
      0.7692307692307693,
      0.75,
      0.7272727272727273,
      0.8,
      0.8888888888888888,
      0.875,
      1.0,
      1.0,
      1.0,
      1.0,
      1.0,
      1.0,
      1.0,
      1.0
    ],
    "recall": [
      1.0,
      1.0,
      1.0,
      1.0,
      1.0,
      1.0,
      1.0,
      1.0,
      1.0,
      1.0,
      1.0,
      1.0,
      1.0,
      1.0,
      1.0,
      1.0,
      1.0,
      1.0,
      1.0,
      1.0,
      1.0,
      1.0,
      1.0,
      1.0,
      1.0,
      1.0,
      1.0,
      1.0,
      1.0,
      1.0,
      1.0,
      1.0,
      1.0,
      1.0,
      1.0,
      1.0,
      1.0,
      1.0,
      1.0,
      1.0,
      1.0,
      1.0,
      1.0,
      1.0,
      1.0,
      1.0,
      0.9166666666666666,
      0.9166666666666666,
      0.9166666666666666,
      0.9166666666666666,
      0.9166666666666666,
      0.8333333333333334,
      0.8333333333333334,
      0.8333333333333334,
      0.8333333333333334,
      0.8333333333333334,
      0.8333333333333334,
      0.8333333333333334,
      0.8333333333333334,
      0.8333333333333334,
      0.8333333333333334,
      0.8333333333333334,
      0.8333333333333334,
      0.75,
      0.6666666666666666,
      0.6666666666666666,
      0.6666666666666666,
      0.5833333333333334,
      0.5833333333333334,
      0.5,
      0.4166666666666667,
      0.3333333333333333,
      0.25,
      0.16666666666666666,
      0.08333333333333333,
      0.0
    ],
    "thresholds": [
      0.004345748107880354,
      0.005587603431195021,
      0.005701120942831039,
      0.007477561943233013,
      0.00768322916701436,
      0.008033491671085358,
      0.008372321724891663,
      0.008623379282653332,
      0.009063423611223698,
      0.009913688525557518,
      0.010246570222079754,
      0.010557420551776886,
      0.010577542707324028,
      0.011391635052859783,
      0.011967276223003864,
      0.012575376778841019,
      0.013439757749438286,
      0.013498632237315178,
      0.013568855822086334,
      0.013922958634793758,
      0.014138482511043549,
      0.01729319803416729,
      0.01767275296151638,
      0.018730249255895615,
      0.01965419016778469,
      0.019908035174012184,
      0.02055484615266323,
      0.021458307281136513,
      0.02277490124106407,
      0.022854486480355263,
      0.02414989471435547,
      0.024370843544602394,
      0.025191422551870346,
      0.02525711990892887,
      0.026104193180799484,
      0.026790298521518707,
      0.028885770589113235,
      0.030181685462594032,
      0.030456723645329475,
      0.036500390619039536,
      0.03712616488337517,
      0.037194058299064636,
      0.03982042893767357,
      0.0411054827272892,
      0.051180921494960785,
      0.05368942767381668,
      0.05393882840871811,
      0.05872634798288345,
      0.06274380534887314,
      0.06958726793527603,
      0.08508323132991791,
      0.09040051698684692,
      0.09227277338504791,
      0.13738849759101868,
      0.14313621819019318,
      0.1586054265499115,
      0.18508855998516083,
      0.20205891132354736,
      0.20265737175941467,
      0.2157272845506668,
      0.2315443754196167,
      0.2515976130962372,
      0.29535776376724243,
      0.3126215636730194,
      0.33978164196014404,
      0.3989925682544708,
      0.4170011281967163,
      0.556850254535675,
      0.9263672828674316,
      0.9335759282112122,
      0.9724172353744507,
      0.9961621761322021,
      0.9973147511482239,
      0.999453604221344,
      0.9996157884597778
    ]
  }
}