{
  "y_true": [
    0,
    0,
    0,
    0,
    0,
    0,
    0,
    0,
    0,
    0,
    0,
    0,
    0,
    0,
    0,
    0,
    0,
    0,
    0,
    0,
    0,
    0,
    0,
    0,
    0,
    0,
    0,
    0,
    0,
    0,
    0,
    0,
    0,
    0,
    0,
    0,
    0,
    0,
    0,
    0,
    0,
    0,
    0,
    0,
    0,
    0,
    0,
    0,
    0,
    0,
    0,
    0,
    0,
    0,
    0,
    0,
    0,
    0,
    0,
    0,
    0,
    0,
    0,
    1,
    1,
    1,
    1,
    1,
    1,
    1,
    1,
    1,
    1,
    1,
    1
  ],
  "y_pred": [
    0,
    0,
    1,
    0,
    0,
    0,
    0,
    0,
    0,
    0,
    0,
    0,
    0,
    0,
    0,
    0,
    0,
    0,
    0,
    0,
    0,
    0,
    0,
    0,
    0,
    0,
    0,
    0,
    0,
    0,
    0,
    0,
    0,
    0,
    0,
    0,
    0,
    0,
    0,
    0,
    0,
    0,
    0,
    0,
    0,
    0,
    0,
    0,
    0,
    0,
    0,
    0,
    0,
    0,
    0,
    0,
    0,
    0,
    0,
    0,
    0,
    0,
    0,
    1,
    1,
    1,
    1,
    1,
    0,
    0,
    0,
    0,
    0,
    1,
    1
  ],
  "y_prob": [
    0.18508855998516083,
    0.030456723645329475,
    0.556850254535675,
    0.1586054265499115,
    0.3989925682544708,
    0.014138482511043549,
    0.010557420551776886,
    0.022854486480355263,
    0.06958726793527603,
    0.02525711990892887,
    0.021458307281136513,
    0.030181685462594032,
    0.013922958634793758,
    0.00768322916701436,
    0.013498632237315178,
    0.010577542707324028,
    0.06274380534887314,
    0.20205891132354736,
    0.03982042893767357,
    0.02414989471435547,
    0.026104193180799484,
    0.013568855822086334,
    0.05872634798288345,
    0.008372321724891663,
    0.011967276223003864,
    0.01965419016778469,
    0.01729319803416729,
    0.051180921494960785,
    0.028885770589113235,
    0.013439757749438286,
    0.007477561943233013,
    0.009913688525557518,
    0.012575376778841019,
    0.20265737175941467,
    0.2157272845506668,
    0.13738849759101868,
    0.018730249255895615,
    0.14313621819019318,
    0.05393882840871811,
    0.037194058299064636,
    0.024370843544602394,
    0.019908035174012184,
    0.026790298521518707,
    0.2315443754196167,
    0.0411054827272892,
    0.036500390619039536,
    0.01767275296151638,
    0.005587603431195021,
    0.025191422551870346,
    0.008033491671085358,
    0.2515976130962372,
    0.004345748107880354,
    0.010246570222079754,
    0.02055484615266323,
    0.005701120942831039,
    0.011391635052859783,
    0.33978164196014404,
    0.09227277338504791,
    0.03712616488337517,
    0.009063423611223698,
    0.02277490124106407,
    0.008623379282653332,
    0.09040051698684692,
    0.9996157884597778,
    0.9263672828674316,
    0.9961621761322021,
    0.9973147511482239,
    0.999453604221344,
    0.3126215636730194,
    0.08508323132991791,
    0.29535776376724243,
    0.4170011281967163,
    0.05368942767381668,
    0.9335759282112122,
    0.9724172353744507
  ]
}