{
  "confusion_matrix": {
    "tn": 52,
    "fp": 11,
    "fn": 7,
    "tp": 5
  },
  "confusion_matrix_normalized": {
    "tn": 0.8253968253968254,
    "fp": 0.1746031746031746,
    "fn": 0.5833333333333334,
    "tp": 0.4166666666666667
  }
}