{
  "accuracy": 0.76,
  "balanced_accuracy": 0.621031746031746,
  "precision": 0.3125,
  "recall": 0.4166666666666667,
  "f1": 0.35714285714285715,
  "roc_auc": 0.6468253968253969,
  "pr_auc": 0.35598366300824386,
  "class_distribution": {
    "0": 63,
    "1": 12
  },
  "per_class_precision_recall": {
    "class_0": {
      "precision": 0.8813559322033898,
      "recall": 0.8253968253968254
    },
    "class_1": {
      "precision": 0.3125,
      "recall": 0.4166666666666667
    }
  },
  "confusion_matrix": {
    "tn": 52,
    "fp": 11,
    "fn": 7,
    "tp": 5
  },
  "confusion_matrix_normalized": {
    "tn": 0.8253968253968254,
    "fp": 0.1746031746031746,
    "fn": 0.5833333333333334,
    "tp": 0.4166666666666667
  },
  "threshold": 0.5,
  "n_samples": 75,
  "mean_probability": 0.30237746238708496
}