{
  "accuracy": 0.9066666666666666,
  "precision": 0.7272727272727273,
  "recall": 0.6666666666666666,
  "f1": 0.6956521739130435,
  "threshold": 0.5,
  "n_samples": 75,
  "mean_probability": 0.1792222410440445,
  "confusion_matrix": {
    "tn": 60,
    "fp": 3,
    "fn": 4,
    "tp": 8
  }
}