{
  "precision": [
    0.16,
    0.16216216216216217,
    0.1643835616438356,
    0.1527777777777778,
    0.15492957746478872,
    0.15714285714285714,
    0.14492753623188406,
    0.14705882352941177,
    0.14925373134328357,
    0.15151515151515152,
    0.15384615384615385,
    0.15625,
    0.15873015873015872,
    0.16129032258064516,
    0.14754098360655737,
    0.15,
    0.15254237288135594,
    0.15517241379310345,
    0.15789473684210525,
    0.16071428571428573,
    0.16363636363636364,
    0.16666666666666666,
    0.16981132075471697,
    0.17307692307692307,
    0.17647058823529413,
    0.18,
    0.1836734693877551,
    0.1875,
    0.19148936170212766,
    0.1956521739130435,
    0.2,
    0.20454545454545456,
    0.20930232558139536,
    0.21428571428571427,
    0.21951219512195122,
    0.225,
    0.23076923076923078,
    0.23684210526315788,
    0.24324324324324326,
    0.25,
    0.2571428571428571,
    0.2647058823529412,
    0.2727272727272727,
    0.28125,
    0.2903225806451613,
    0.3,
    0.3103448275862069,
    0.32142857142857145,
    0.3333333333333333,
    0.34615384615384615,
    0.32,
    0.3333333333333333,
    0.34782608695652173,
    0.36363636363636365,
    0.38095238095238093,
    0.4,
    0.42105263157894735,
    0.4444444444444444,
    0.47058823529411764,
    0.5,
    0.5333333333333333,
    0.5,
    0.5384615384615384,
    0.5833333333333334,
    0.5454545454545454,
    0.6,
    0.6666666666666666,
    0.75,
    0.8571428571428571,
    1.0,
    1.0,
    1.0,
    1.0,
    1.0,
    1.0,
    1.0
  ],
  "recall": [
    1.0,
    1.0,
    1.0,
    0.9166666666666666,
    0.9166666666666666,
    0.9166666666666666,
    0.8333333333333334,
    0.8333333333333334,
    0.8333333333333334,
    0.8333333333333334,
    0.8333333333333334,
    0.8333333333333334,
    0.8333333333333334,
    0.8333333333333334,
    0.75,
    0.75,
    0.75,
    0.75,
    0.75,
    0.75,
    0.75,
    0.75,
    0.75,
    0.75,
    0.75,
    0.75,
    0.75,
    0.75,
    0.75,
    0.75,
    0.75,
    0.75,
    0.75,
    0.75,
    0.75,
    0.75,
    0.75,
    0.75,
    0.75,
    0.75,
    0.75,
    0.75,
    0.75,
    0.75,
    0.75,
    0.75,
    0.75,
    0.75,
    0.75,
    0.75,
    0.6666666666666666,
    0.6666666666666666,
    0.6666666666666666,
    0.6666666666666666,
    0.6666666666666666,
    0.6666666666666666,
    0.6666666666666666,
    0.6666666666666666,
    0.6666666666666666,
    0.6666666666666666,
    0.6666666666666666,
    0.5833333333333334,
    0.5833333333333334,
    0.5833333333333334,
    0.5,
    0.5,
    0.5,
    0.5,
    0.5,
    0.5,
    0.4166666666666667,
    0.3333333333333333,
    0.25,
    0.16666666666666666,
    0.08333333333333333,
    0.0
  ],
  "thresholds": [
    0.11549089103937149,
    0.11555682122707367,
    0.11603381484746933,
    0.11641600728034973,
    0.11657634377479553,
    0.11687514930963516,
    0.11691374331712723,
    0.11707960814237595,
    0.11710970103740692,
    0.11716167628765106,
    0.11780593544244766,
    0.11796093732118607,
    0.11797043681144714,
    0.11804558336734772,
    0.11820841580629349,
    0.11837340146303177,
    0.11839006841182709,
    0.11843011528253555,
    0.11855687201023102,
    0.11864916235208511,
    0.11865002661943436,
    0.11869993805885315,
    0.11870482563972473,
    0.11903008073568344,
    0.11917220801115036,
    0.11923717707395554,
    0.11927634477615356,
    0.11941269040107727,
    0.11970096081495285,
    0.1197027787566185,
    0.11980064958333969,
    0.11987651884555817,
    0.11988262087106705,
    0.11988817155361176,
    0.12012239545583725,
    0.12114115059375763,
    0.1212841272354126,
    0.12195933610200882,
    0.12200034409761429,
    0.12226824462413788,
    0.12270895391702652,
    0.12295079231262207,
    0.12313823401927948,
    0.12326783686876297,
    0.12456401437520981,
    0.12459514290094376,
    0.12470220774412155,
    0.12503407895565033,
    0.12543487548828125,
    0.12559203803539276,
    0.1268157958984375,
    0.12782396376132965,
    0.12921574711799622,
    0.13131006062030792,
    0.1315872222185135,
    0.1323481947183609,
    0.13315396010875702,
    0.1351006180047989,
    0.13764145970344543,
    0.14390535652637482,
    0.14869076013565063,
    0.14976759254932404,
    0.15035785734653473,
    0.1716163456439972,
    0.18175117671489716,
    0.24106018245220184,
    0.2511304020881653,
    0.38544225692749023,
    0.5361567139625549,
    0.8180668354034424,
    0.8651887774467468,
    0.9085556268692017,
    0.9145492911338806,
    0.9226149320602417,
    0.9230486750602722
  ]
}