{
  "y_true": [
    0,
    0,
    0,
    0,
    0,
    0,
    0,
    0,
    0,
    0,
    0,
    0,
    0,
    0,
    0,
    0,
    0,
    0,
    0,
    0,
    0,
    0,
    0,
    0,
    0,
    0,
    0,
    0,
    0,
    0,
    0,
    0,
    0,
    0,
    0,
    0,
    0,
    0,
    0,
    0,
    0,
    0,
    0,
    0,
    0,
    0,
    0,
    0,
    0,
    0,
    0,
    0,
    0,
    0,
    0,
    0,
    0,
    0,
    0,
    0,
    0,
    0,
    0,
    1,
    1,
    1,
    1,
    1,
    1,
    1,
    1,
    1,
    1,
    1,
    1
  ],
  "y_pred": [
    0,
    0,
    0,
    0,
    0,
    0,
    0,
    0,
    0,
    0,
    0,
    0,
    0,
    0,
    0,
    0,
    0,
    0,
    0,
    0,
    0,
    0,
    0,
    0,
    0,
    0,
    0,
    0,
    0,
    0,
    0,
    0,
    0,
    0,
    0,
    0,
    0,
    0,
    0,
    0,
    0,
    0,
    0,
    1,
    0,
    0,
    0,
    0,
    0,
    0,
    0,
    0,
    0,
    0,
    0,
    0,
    0,
    0,
    0,
    0,
    0,
    0,
    0,
    1,
    1,
    1,
    1,
    1,
    0,
    0,
    0,
    0,
    0,
    0,
    1
  ],
  "y_prob": [
    0.11903008073568344,
    0.11549089103937149,
    0.1323481947183609,
    0.38544225692749023,
    0.24106018245220184,
    0.11710970103740692,
    0.11941269040107727,
    0.14976759254932404,
    0.12313823401927948,
    0.12543487548828125,
    0.11780593544244766,
    0.11864916235208511,
    0.15035785734653473,
    0.12503407895565033,
    0.11865002661943436,
    0.12226824462413788,
    0.13315396010875702,
    0.12782396376132965,
    0.1268157958984375,
    0.11988817155361176,
    0.11820841580629349,
    0.11839006841182709,
    0.13131006062030792,
    0.11837340146303177,
    0.11843011528253555,
    0.11917220801115036,
    0.12295079231262207,
    0.12195933610200882,
    0.11707960814237595,
    0.11657634377479553,
    0.12326783686876297,
    0.11988262087106705,
    0.11927634477615356,
    0.12456401437520981,
    0.13764145970344543,
    0.11716167628765106,
    0.12459514290094376,
    0.12012239545583725,
    0.18175117671489716,
    0.11691374331712723,
    0.11980064958333969,
    0.1212841272354126,
    0.11555682122707367,
    0.5361567139625549,
    0.2511304020881653,
    0.11797043681144714,
    0.12921574711799622,
    0.12200034409761429,
    0.12470220774412155,
    0.11641600728034973,
    0.11987651884555817,
    0.11870482563972473,
    0.11869993805885315,
    0.1197027787566185,
    0.11855687201023102,
    0.11970096081495285,
    0.12270895391702652,
    0.14390535652637482,
    0.12114115059375763,
    0.11923717707395554,
    0.11796093732118607,
    0.1351006180047989,
    0.1315872222185135,
    0.9230486750602722,
    0.8651887774467468,
    0.9145492911338806,
    0.9085556268692017,
    0.9226149320602417,
    0.11603381484746933,
    0.11687514930963516,
    0.14869076013565063,
    0.12559203803539276,
    0.11804558336734772,
    0.1716163456439972,
    0.8180668354034424
  ]
}