{
  "y_true": [
    0,
    0,
    0,
    0,
    0,
    0,
    0,
    0,
    0,
    0,
    0,
    0,
    0,
    0,
    0,
    0,
    0,
    0,
    0,
    0,
    0,
    0,
    0,
    0,
    0,
    0,
    0,
    0,
    0,
    0,
    0,
    0,
    0,
    0,
    0,
    0,
    0,
    0,
    0,
    0,
    0,
    0,
    0,
    0,
    0,
    0,
    0,
    0,
    0,
    0,
    0,
    0,
    0,
    0,
    0,
    0,
    0,
    0,
    0,
    0,
    0,
    0,
    0,
    1,
    1,
    1,
    1,
    1,
    1,
    1,
    1,
    1,
    1,
    1,
    1
  ],
  "y_pred": [
    0,
    0,
    0,
    0,
    0,
    0,
    0,
    0,
    0,
    0,
    0,
    0,
    0,
    0,
    0,
    0,
    0,
    0,
    0,
    0,
    0,
    0,
    0,
    0,
    0,
    0,
    0,
    0,
    0,
    0,
    0,
    0,
    0,
    0,
    0,
    0,
    0,
    0,
    0,
    0,
    0,
    0,
    0,
    0,
    0,
    0,
    0,
    0,
    0,
    0,
    0,
    0,
    0,
    0,
    0,
    0,
    0,
    0,
    0,
    0,
    0,
    0,
    0,
    1,
    0,
    1,
    1,
    1,
    0,
    0,
    0,
    1,
    0,
    0,
    1
  ],
  "y_prob": [
    0.20999999344348907,
    0.009999999776482582,
    0.2849999964237213,
    0.23000000417232513,
    0.19499999284744263,
    0.029999999329447746,
    0.014999999664723873,
    0.019999999552965164,
    0.11500000208616257,
    0.014999999664723873,
    0.019999999552965164,
    0.05000000074505806,
    0.06499999761581421,
    0.004999999888241291,
    0.07000000029802322,
    0.0,
    0.0,
    0.1550000011920929,
    0.019999999552965164,
    0.07500000298023224,
    0.014999999664723873,
    0.014999999664723873,
    0.17000000178813934,
    0.004999999888241291,
    0.009999999776482582,
    0.05000000074505806,
    0.004999999888241291,
    0.014999999664723873,
    0.019999999552965164,
    0.029999999329447746,
    0.0,
    0.004999999888241291,
    0.014999999664723873,
    0.20499999821186066,
    0.14000000059604645,
    0.12999999523162842,
    0.0,
    0.13500000536441803,
    0.03999999910593033,
    0.019999999552965164,
    0.009999999776482582,
    0.019999999552965164,
    0.05999999865889549,
    0.125,
    0.03500000014901161,
    0.029999999329447746,
    0.02500000037252903,
    0.0,
    0.004999999888241291,
    0.014999999664723873,
    0.16500000655651093,
    0.004999999888241291,
    0.004999999888241291,
    0.029999999329447746,
    0.019999999552965164,
    0.004999999888241291,
    0.17499999701976776,
    0.12999999523162842,
    0.02500000037252903,
    0.009999999776482582,
    0.10499999672174454,
    0.029999999329447746,
    0.16500000655651093,
    0.5699999928474426,
    0.24500000476837158,
    0.38499999046325684,
    0.8500000238418579,
    0.5950000286102295,
    0.30000001192092896,
    0.07999999821186066,
    0.20000000298023224,
    0.36000001430511475,
    0.004999999888241291,
    0.30000001192092896,
    0.4449999928474426
  ]
}