model,f1_mean,f1_std,roc_auc_mean,roc_auc_std,pr_auc_mean,pr_auc_std,balanced_accuracy_mean,balanced_accuracy_std
hybrid_temporal,0.7851329105676932,0.05938856664857537,0.9636904761904763,0.008852245002415639,0.8850765689610143,0.019884698970853418,0.851388888888889,0.043716723203548226
random_forest,0.7080612598690401,0.04043365444925001,0.900297619047619,0.0124453275349133,0.8087626080706741,0.022233143087904767,0.7870039682539682,0.025662985987018862
logistic_regression,0.6666666666666666,0.0,0.8637566137566137,0.0,0.7572035005224661,0.0,0.7757936507936508,0.0
lstm,0.6443627786042646,0.040291385907265165,0.8199074074074074,0.042158606421467154,0.6972761892783327,0.03449493155111019,0.7512896825396826,0.02161337549815717
