{
  "confusion_matrix": {
    "tn": 56,
    "fp": 7,
    "fn": 3,
    "tp": 9
  },
  "confusion_matrix_normalized": {
    "tn": 0.8888888888888888,
    "fp": 0.1111111111111111,
    "fn": 0.25,
    "tp": 0.75
  }
}