{
  "accuracy": 0.92,
  "balanced_accuracy": 0.7837301587301587,
  "precision": 0.875,
  "recall": 0.5833333333333334,
  "f1": 0.7000000000000001,
  "roc_auc": 0.906084656084656,
  "pr_auc": 0.8254114866614867,
  "class_distribution": {
    "0": 63,
    "1": 12
  },
  "per_class_precision_recall": {
    "class_0": {
      "precision": 0.9253731343283582,
      "recall": 0.9841269841269841
    },
    "class_1": {
      "precision": 0.875,
      "recall": 0.5833333333333334
    }
  },
  "confusion_matrix": {
    "tn": 62,
    "fp": 1,
    "fn": 5,
    "tp": 7
  },
  "confusion_matrix_normalized": {
    "tn": 0.9841269841269841,
    "fp": 0.015873015873015872,
    "fn": 0.4166666666666667,
    "tp": 0.5833333333333334
  },
  "threshold": 0.3,
  "n_samples": 75,
  "mean_probability": 0.11433334648609161
}