{
  "accuracy": 0.5466666666666666,
  "balanced_accuracy": 0.49404761904761907,
  "precision": 0.15625,
  "recall": 0.4166666666666667,
  "f1": 0.22727272727272727,
  "roc_auc": 0.47619047619047616,
  "pr_auc": 0.16463259988132797,
  "class_distribution": {
    "0": 63,
    "1": 12
  },
  "per_class_precision_recall": {
    "class_0": {
      "precision": 0.8372093023255814,
      "recall": 0.5714285714285714
    },
    "class_1": {
      "precision": 0.15625,
      "recall": 0.4166666666666667
    }
  },
  "confusion_matrix": {
    "tn": 36,
    "fp": 27,
    "fn": 7,
    "tp": 5
  },
  "confusion_matrix_normalized": {
    "tn": 0.5714285714285714,
    "fp": 0.42857142857142855,
    "fn": 0.5833333333333334,
    "tp": 0.4166666666666667
  },
  "threshold": 0.49999999999999994,
  "n_samples": 75,
  "mean_probability": 0.4919137954711914
}