metric,before,after_mean
accuracy,1.0,0.935064935064935
precision,0.9999999991666666,0.8833333323488096
recall,0.9999999991666666,0.6944444438657408
f1,0.9999999941666666,0.768341302229378
ece,0.2122387911205168,0.07523092216291984
brier,0.0502220019698143,0.054995703200499214
fp,0.0,1.3333333333333333
