{
  "accuracy": 0.9333333333333333,
  "balanced_accuracy": 0.7916666666666667,
  "precision": 1.0,
  "recall": 0.5833333333333334,
  "f1": 0.7368421052631579,
  "roc_auc": 0.8855820105820105,
  "pr_auc": 0.7995130715151303,
  "class_distribution": {
    "0": 63,
    "1": 12
  },
  "per_class_precision_recall": {
    "class_0": {
      "precision": 0.9264705882352942,
      "recall": 1.0
    },
    "class_1": {
      "precision": 1.0,
      "recall": 0.5833333333333334
    }
  },
  "confusion_matrix": {
    "tn": 63,
    "fp": 0,
    "fn": 5,
    "tp": 7
  },
  "confusion_matrix_normalized": {
    "tn": 1.0,
    "fp": 0.0,
    "fn": 0.4166666666666667,
    "tp": 0.5833333333333334
  },
  "threshold": 0.3,
  "n_samples": 75,
  "mean_probability": 0.11266667395830154,
  "pr_curve": {
    "precision": [
      0.16,
      0.1791044776119403,
      0.1864406779661017,
      0.2037037037037037,
      0.21568627450980393,
      0.22916666666666666,
      0.275,
      0.28205128205128205,
      0.2894736842105263,
      0.2972972972972973,
      0.3235294117647059,
      0.34375,
      0.3548387096774194,
      0.36666666666666664,
      0.3793103448275862,
      0.35714285714285715,
      0.37037037037037035,
      0.38461538461538464,
      0.4,
      0.43478260869565216,
      0.45454545454545453,
      0.42857142857142855,
      0.47368421052631576,
      0.5,
      0.5625,
      0.6923076923076923,
      0.6666666666666666,
      0.7272727272727273,
      0.8888888888888888,
      0.875,
      1.0,
      1.0,
      1.0,
      1.0,
      1.0,
      1.0,
      1.0,
      1.0
    ],
    "recall": [
      1.0,
      1.0,
      0.9166666666666666,
      0.9166666666666666,
      0.9166666666666666,
      0.9166666666666666,
      0.9166666666666666,
      0.9166666666666666,
      0.9166666666666666,
      0.9166666666666666,
      0.9166666666666666,
      0.9166666666666666,
      0.9166666666666666,
      0.9166666666666666,
      0.9166666666666666,
      0.8333333333333334,
      0.8333333333333334,
      0.8333333333333334,
      0.8333333333333334,
      0.8333333333333334,
      0.8333333333333334,
      0.75,
      0.75,
      0.75,
      0.75,
      0.75,
      0.6666666666666666,
      0.6666666666666666,
      0.6666666666666666,
      0.5833333333333334,
      0.5833333333333334,
      0.5,
      0.4166666666666667,
      0.3333333333333333,
      0.25,
      0.16666666666666666,
      0.08333333333333333,
      0.0
    ],
    "thresholds": [
      0.0,
      0.004999999888241291,
      0.009999999776482582,
      0.014999999664723873,
      0.019999999552965164,
      0.02500000037252903,
      0.029999999329447746,
      0.03500000014901161,
      0.03999999910593033,
      0.04500000178813934,
      0.05000000074505806,
      0.054999999701976776,
      0.05999999865889549,
      0.06499999761581421,
      0.07000000029802322,
      0.08500000089406967,
      0.10000000149011612,
      0.125,
      0.14499999582767487,
      0.15000000596046448,
      0.1599999964237213,
      0.17000000178813934,
      0.17499999701976776,
      0.1899999976158142,
      0.19499999284744263,
      0.20000000298023224,
      0.23499999940395355,
      0.23999999463558197,
      0.25,
      0.2549999952316284,
      0.33500000834465027,
      0.41999998688697815,
      0.4399999976158142,
      0.4749999940395355,
      0.5649999976158142,
      0.5849999785423279,
      0.8349999785423279
    ]
  }
}