{
  "y_true": [
    0,
    0,
    0,
    0,
    0,
    0,
    0,
    0,
    0,
    0,
    0,
    0,
    0,
    0,
    0,
    0,
    0,
    0,
    0,
    0,
    0,
    0,
    0,
    0,
    0,
    0,
    0,
    0,
    0,
    0,
    0,
    0,
    0,
    0,
    0,
    0,
    0,
    0,
    0,
    0,
    0,
    0,
    0,
    0,
    0,
    0,
    0,
    0,
    0,
    0,
    0,
    0,
    0,
    0,
    0,
    0,
    0,
    0,
    0,
    0,
    0,
    0,
    0,
    1,
    1,
    1,
    1,
    1,
    1,
    1,
    1,
    1,
    1,
    1,
    1
  ],
  "y_pred": [
    0,
    0,
    0,
    0,
    0,
    0,
    0,
    0,
    0,
    0,
    0,
    0,
    0,
    0,
    0,
    0,
    0,
    0,
    0,
    0,
    0,
    0,
    0,
    0,
    0,
    0,
    0,
    0,
    0,
    0,
    0,
    0,
    0,
    0,
    0,
    0,
    0,
    0,
    0,
    0,
    0,
    0,
    0,
    0,
    0,
    0,
    0,
    0,
    0,
    0,
    0,
    0,
    0,
    0,
    0,
    0,
    0,
    0,
    0,
    0,
    0,
    0,
    0,
    1,
    0,
    1,
    1,
    1,
    0,
    0,
    0,
    1,
    0,
    1,
    1
  ],
  "y_prob": [
    0.2549999952316284,
    0.009999999776482582,
    0.23999999463558197,
    0.23499999940395355,
    0.23999999463558197,
    0.04500000178813934,
    0.02500000037252903,
    0.02500000037252903,
    0.17000000178813934,
    0.0,
    0.06499999761581421,
    0.10000000149011612,
    0.04500000178813934,
    0.004999999888241291,
    0.05000000074505806,
    0.0,
    0.004999999888241291,
    0.15000000596046448,
    0.054999999701976776,
    0.03500000014901161,
    0.0,
    0.009999999776482582,
    0.14499999582767487,
    0.004999999888241291,
    0.009999999776482582,
    0.02500000037252903,
    0.014999999664723873,
    0.009999999776482582,
    0.03999999910593033,
    0.019999999552965164,
    0.029999999329447746,
    0.004999999888241291,
    0.009999999776482582,
    0.1899999976158142,
    0.19499999284744263,
    0.17499999701976776,
    0.0,
    0.08500000089406967,
    0.02500000037252903,
    0.02500000037252903,
    0.04500000178813934,
    0.02500000037252903,
    0.05999999865889549,
    0.17000000178813934,
    0.004999999888241291,
    0.014999999664723873,
    0.004999999888241291,
    0.0,
    0.019999999552965164,
    0.0,
    0.1899999976158142,
    0.0,
    0.004999999888241291,
    0.05000000074505806,
    0.02500000037252903,
    0.0,
    0.19499999284744263,
    0.19499999284744263,
    0.019999999552965164,
    0.014999999664723873,
    0.125,
    0.02500000037252903,
    0.14499999582767487,
    0.5649999976158142,
    0.20000000298023224,
    0.4399999976158142,
    0.8349999785423279,
    0.5849999785423279,
    0.25,
    0.07000000029802322,
    0.1599999964237213,
    0.41999998688697815,
    0.004999999888241291,
    0.33500000834465027,
    0.4749999940395355
  ]
}