{
  "y_true": [
    0,
    0,
    0,
    0,
    0,
    0,
    0,
    0,
    0,
    0,
    0,
    0,
    0,
    0,
    0,
    0,
    0,
    0,
    0,
    0,
    0,
    0,
    0,
    0,
    0,
    0,
    0,
    0,
    0,
    0,
    0,
    0,
    0,
    0,
    0,
    0,
    0,
    0,
    0,
    0,
    0,
    0,
    0,
    0,
    0,
    0,
    0,
    0,
    0,
    0,
    0,
    0,
    0,
    0,
    0,
    0,
    0,
    0,
    0,
    0,
    0,
    0,
    0,
    1,
    1,
    1,
    1,
    1,
    1,
    1,
    1,
    1,
    1,
    1,
    1
  ],
  "y_pred": [
    1,
    0,
    1,
    0,
    0,
    0,
    0,
    0,
    0,
    0,
    0,
    0,
    0,
    0,
    0,
    0,
    0,
    0,
    0,
    0,
    0,
    0,
    0,
    0,
    0,
    0,
    0,
    0,
    0,
    0,
    0,
    0,
    0,
    0,
    0,
    0,
    0,
    0,
    0,
    0,
    0,
    0,
    0,
    0,
    0,
    0,
    0,
    0,
    0,
    0,
    0,
    0,
    0,
    0,
    0,
    0,
    0,
    0,
    0,
    0,
    0,
    0,
    0,
    1,
    1,
    1,
    1,
    1,
    0,
    0,
    0,
    1,
    0,
    1,
    1
  ],
  "y_prob": [
    0.33000001311302185,
    0.019999999552965164,
    0.3149999976158142,
    0.24500000476837158,
    0.22499999403953552,
    0.054999999701976776,
    0.004999999888241291,
    0.019999999552965164,
    0.16500000655651093,
    0.009999999776482582,
    0.04500000178813934,
    0.05000000074505806,
    0.03999999910593033,
    0.004999999888241291,
    0.054999999701976776,
    0.0,
    0.03500000014901161,
    0.1899999976158142,
    0.06499999761581421,
    0.054999999701976776,
    0.004999999888241291,
    0.009999999776482582,
    0.11999999731779099,
    0.004999999888241291,
    0.014999999664723873,
    0.054999999701976776,
    0.004999999888241291,
    0.02500000037252903,
    0.04500000178813934,
    0.014999999664723873,
    0.014999999664723873,
    0.009999999776482582,
    0.009999999776482582,
    0.17499999701976776,
    0.16500000655651093,
    0.13500000536441803,
    0.0,
    0.10000000149011612,
    0.03500000014901161,
    0.02500000037252903,
    0.02500000037252903,
    0.004999999888241291,
    0.07500000298023224,
    0.1599999964237213,
    0.004999999888241291,
    0.019999999552965164,
    0.014999999664723873,
    0.0,
    0.019999999552965164,
    0.0,
    0.23499999940395355,
    0.0,
    0.009999999776482582,
    0.03999999910593033,
    0.02500000037252903,
    0.0,
    0.20000000298023224,
    0.14000000059604645,
    0.014999999664723873,
    0.019999999552965164,
    0.1550000011920929,
    0.03500000014901161,
    0.16500000655651093,
    0.5600000023841858,
    0.3199999928474426,
    0.46000000834465027,
    0.8550000190734863,
    0.6299999952316284,
    0.2800000011920929,
    0.07500000298023224,
    0.1899999976158142,
    0.36500000953674316,
    0.004999999888241291,
    0.33500000834465027,
    0.44999998807907104
  ]
}