{
  "y_true": [
    0,
    0,
    0,
    0,
    0,
    0,
    0,
    0,
    0,
    0,
    0,
    0,
    0,
    0,
    0,
    0,
    0,
    0,
    0,
    0,
    0,
    0,
    0,
    0,
    0,
    0,
    0,
    0,
    0,
    0,
    0,
    0,
    0,
    0,
    0,
    0,
    0,
    0,
    0,
    0,
    0,
    0,
    0,
    0,
    0,
    0,
    0,
    0,
    0,
    0,
    0,
    0,
    0,
    0,
    0,
    0,
    0,
    0,
    0,
    0,
    0,
    0,
    0,
    1,
    1,
    1,
    1,
    1,
    1,
    1,
    1,
    1,
    1,
    1,
    1
  ],
  "y_pred": [
    0,
    0,
    0,
    0,
    0,
    0,
    0,
    0,
    0,
    0,
    0,
    0,
    0,
    0,
    0,
    0,
    0,
    0,
    0,
    0,
    0,
    0,
    0,
    0,
    0,
    0,
    0,
    0,
    0,
    0,
    0,
    0,
    0,
    0,
    0,
    0,
    0,
    0,
    0,
    0,
    0,
    0,
    0,
    0,
    0,
    0,
    0,
    0,
    0,
    0,
    0,
    0,
    0,
    0,
    0,
    0,
    0,
    0,
    0,
    0,
    0,
    0,
    0,
    1,
    0,
    1,
    1,
    1,
    1,
    0,
    0,
    1,
    0,
    1,
    1
  ],
  "y_prob": [
    0.28999999165534973,
    0.009999999776482582,
    0.22499999403953552,
    0.20499999821186066,
    0.1899999976158142,
    0.03500000014901161,
    0.014999999664723873,
    0.009999999776482582,
    0.125,
    0.004999999888241291,
    0.03999999910593033,
    0.05999999865889549,
    0.06499999761581421,
    0.004999999888241291,
    0.054999999701976776,
    0.0,
    0.009999999776482582,
    0.2150000035762787,
    0.029999999329447746,
    0.05000000074505806,
    0.009999999776482582,
    0.004999999888241291,
    0.1599999964237213,
    0.0,
    0.0,
    0.029999999329447746,
    0.009999999776482582,
    0.019999999552965164,
    0.03500000014901161,
    0.029999999329447746,
    0.004999999888241291,
    0.004999999888241291,
    0.014999999664723873,
    0.20499999821186066,
    0.1850000023841858,
    0.1550000011920929,
    0.004999999888241291,
    0.0949999988079071,
    0.03500000014901161,
    0.04500000178813934,
    0.004999999888241291,
    0.009999999776482582,
    0.05000000074505806,
    0.20000000298023224,
    0.03500000014901161,
    0.02500000037252903,
    0.009999999776482582,
    0.0,
    0.0,
    0.009999999776482582,
    0.20000000298023224,
    0.0,
    0.009999999776482582,
    0.03500000014901161,
    0.009999999776482582,
    0.004999999888241291,
    0.19499999284744263,
    0.1550000011920929,
    0.03999999910593033,
    0.014999999664723873,
    0.10499999672174454,
    0.014999999664723873,
    0.23000000417232513,
    0.5249999761581421,
    0.24500000476837158,
    0.4399999976158142,
    0.8500000238418579,
    0.550000011920929,
    0.30000001192092896,
    0.07999999821186066,
    0.14499999582767487,
    0.3799999952316284,
    0.014999999664723873,
    0.33000001311302185,
    0.4950000047683716
  ]
}