{
  "accuracy": 0.9333333333333333,
  "balanced_accuracy": 0.8253968253968254,
  "precision": 0.8888888888888888,
  "recall": 0.6666666666666666,
  "f1": 0.761904761904762,
  "roc_auc": 0.9708994708994709,
  "pr_auc": 0.8994693902588641,
  "class_distribution": {
    "0": 63,
    "1": 12
  },
  "per_class_precision_recall": {
    "class_0": {
      "precision": 0.9393939393939394,
      "recall": 0.9841269841269841
    },
    "class_1": {
      "precision": 0.8888888888888888,
      "recall": 0.6666666666666666
    }
  },
  "confusion_matrix": {
    "tn": 62,
    "fp": 1,
    "fn": 4,
    "tp": 8
  },
  "confusion_matrix_normalized": {
    "tn": 0.9841269841269841,
    "fp": 0.015873015873015872,
    "fn": 0.3333333333333333,
    "tp": 0.6666666666666666
  },
  "threshold": 0.39999999999999997,
  "n_samples": 75,
  "mean_probability": 0.1668805629014969,
  "pr_curve": {
    "precision": [
      0.16,
      0.16216216216216217,
      0.1643835616438356,
      0.16666666666666666,
      0.16901408450704225,
      0.17142857142857143,
      0.17391304347826086,
      0.17647058823529413,
      0.1791044776119403,
      0.18181818181818182,
      0.18461538461538463,
      0.1875,
      0.19047619047619047,
      0.1935483870967742,
      0.19672131147540983,
      0.2,
      0.2033898305084746,
      0.20689655172413793,
      0.21052631578947367,
      0.21428571428571427,
      0.21818181818181817,
      0.2222222222222222,
      0.22641509433962265,
      0.23076923076923078,
      0.23529411764705882,
      0.24,
      0.24489795918367346,
      0.25,
      0.2553191489361702,
      0.2608695652173913,
      0.26666666666666666,
      0.2727272727272727,
      0.27906976744186046,
      0.2857142857142857,
      0.2926829268292683,
      0.3,
      0.3076923076923077,
      0.3157894736842105,
      0.32432432432432434,
      0.3333333333333333,
      0.34285714285714286,
      0.35294117647058826,
      0.36363636363636365,
      0.375,
      0.3870967741935484,
      0.4,
      0.41379310344827586,
      0.42857142857142855,
      0.4444444444444444,
      0.46153846153846156,
      0.48,
      0.5,
      0.5217391304347826,
      0.5454545454545454,
      0.5238095238095238,
      0.55,
      0.5789473684210527,
      0.5555555555555556,
      0.5882352941176471,
      0.625,
      0.6666666666666666,
      0.7142857142857143,
      0.7692307692307693,
      0.75,
      0.8181818181818182,
      0.9,
      0.8888888888888888,
      1.0,
      1.0,
      1.0,
      1.0,
      1.0,
      1.0,
      1.0,
      1.0,
      1.0
    ],
    "recall": [
      1.0,
      1.0,
      1.0,
      1.0,
      1.0,
      1.0,
      1.0,
      1.0,
      1.0,
      1.0,
      1.0,
      1.0,
      1.0,
      1.0,
      1.0,
      1.0,
      1.0,
      1.0,
      1.0,
      1.0,
      1.0,
      1.0,
      1.0,
      1.0,
      1.0,
      1.0,
      1.0,
      1.0,
      1.0,
      1.0,
      1.0,
      1.0,
      1.0,
      1.0,
      1.0,
      1.0,
      1.0,
      1.0,
      1.0,
      1.0,
      1.0,
      1.0,
      1.0,
      1.0,
      1.0,
      1.0,
      1.0,
      1.0,
      1.0,
      1.0,
      1.0,
      1.0,
      1.0,
      1.0,
      0.9166666666666666,
      0.9166666666666666,
      0.9166666666666666,
      0.8333333333333334,
      0.8333333333333334,
      0.8333333333333334,
      0.8333333333333334,
      0.8333333333333334,
      0.8333333333333334,
      0.75,
      0.75,
      0.75,
      0.6666666666666666,
      0.6666666666666666,
      0.5833333333333334,
      0.5,
      0.4166666666666667,
      0.3333333333333333,
      0.25,
      0.16666666666666666,
      0.08333333333333333,
      0.0
    ],
    "thresholds": [
      0.0016389654483646154,
      0.0036212741397321224,
      0.0036386288702487946,
      0.004750082269310951,
      0.005859243683516979,
      0.0060020084492862225,
      0.006170108448714018,
      0.006218796130269766,
      0.006339837796986103,
      0.006400451064109802,
      0.0066043902188539505,
      0.009117228910326958,
      0.009958011098206043,
      0.010434543713927269,
      0.010515726171433926,
      0.010598387569189072,
      0.010845153592526913,
      0.011361141689121723,
      0.011694657616317272,
      0.013841305859386921,
      0.017317013815045357,
      0.01744040846824646,
      0.017804456874728203,
      0.018894532695412636,
      0.018914466723799706,
      0.020471973344683647,
      0.02404552325606346,
      0.02489880844950676,
      0.024975048378109932,
      0.028148753568530083,
      0.028906002640724182,
      0.02977832965552807,
      0.03015238232910633,
      0.03188036382198334,
      0.03189263492822647,
      0.035834118723869324,
      0.03647246211767197,
      0.038565173745155334,
      0.04776492714881897,
      0.05177503824234009,
      0.052365850657224655,
      0.05488013103604317,
      0.05634307116270065,
      0.0619119368493557,
      0.06279415637254715,
      0.06279987096786499,
      0.07369831949472427,
      0.08050479739904404,
      0.08350760489702225,
      0.09519490599632263,
      0.09673400968313217,
      0.10283217579126358,
      0.11044062674045563,
      0.13922858238220215,
      0.17982105910778046,
      0.1854752004146576,
      0.18742060661315918,
      0.19827191531658173,
      0.21567299962043762,
      0.2302662879228592,
      0.2405250370502472,
      0.2767297625541687,
      0.2879757583141327,
      0.28908011317253113,
      0.3136782944202423,
      0.3800418972969055,
      0.44585132598876953,
      0.46587637066841125,
      0.9031990766525269,
      0.9301475286483765,
      0.9665020704269409,
      0.9746885299682617,
      0.9894729256629944,
      0.9938619136810303,
      0.9967048764228821
    ]
  }
}