{
  "y_true": [
    0,
    0,
    0,
    0,
    0,
    0,
    0,
    0,
    0,
    0,
    0,
    0,
    0,
    0,
    0,
    0,
    0,
    0,
    0,
    0,
    0,
    0,
    0,
    0,
    0,
    0,
    0,
    0,
    0,
    0,
    0,
    0,
    0,
    0,
    0,
    0,
    0,
    0,
    0,
    0,
    0,
    0,
    0,
    0,
    0,
    0,
    0,
    0,
    0,
    0,
    0,
    0,
    0,
    0,
    0,
    0,
    0,
    0,
    0,
    0,
    0,
    0,
    0,
    1,
    1,
    1,
    1,
    1,
    1,
    1,
    1,
    1,
    1,
    1,
    1
  ],
  "y_pred": [
    0,
    0,
    0,
    0,
    1,
    0,
    0,
    0,
    0,
    0,
    0,
    0,
    0,
    0,
    0,
    0,
    0,
    0,
    0,
    0,
    0,
    0,
    0,
    0,
    0,
    0,
    0,
    0,
    0,
    0,
    0,
    0,
    0,
    0,
    0,
    0,
    0,
    0,
    0,
    0,
    0,
    0,
    0,
    0,
    0,
    0,
    0,
    0,
    0,
    0,
    0,
    0,
    0,
    0,
    0,
    0,
    0,
    0,
    0,
    0,
    0,
    0,
    0,
    1,
    1,
    1,
    1,
    1,
    1,
    0,
    0,
    0,
    0,
    1,
    1
  ],
  "y_prob": [
    0.09673400968313217,
    0.05177503824234009,
    0.2302662879228592,
    0.06279987096786499,
    0.44585132598876953,
    0.006339837796986103,
    0.004750082269310951,
    0.028906002640724182,
    0.09519490599632263,
    0.08050479739904404,
    0.017804456874728203,
    0.02404552325606346,
    0.006218796130269766,
    0.005859243683516979,
    0.01744040846824646,
    0.010845153592526913,
    0.052365850657224655,
    0.19827191531658173,
    0.05634307116270065,
    0.03189263492822647,
    0.05488013103604317,
    0.011694657616317272,
    0.06279415637254715,
    0.010434543713927269,
    0.009117228910326958,
    0.028148753568530083,
    0.02977832965552807,
    0.07369831949472427,
    0.018894532695412636,
    0.018914466723799706,
    0.006400451064109802,
    0.03188036382198334,
    0.010515726171433926,
    0.3136782944202423,
    0.21567299962043762,
    0.17982105910778046,
    0.020471973344683647,
    0.28908011317253113,
    0.08350760489702225,
    0.038565173745155334,
    0.03015238232910633,
    0.02489880844950676,
    0.024975048378109932,
    0.2767297625541687,
    0.017317013815045357,
    0.035834118723869324,
    0.013841305859386921,
    0.0060020084492862225,
    0.04776492714881897,
    0.0066043902188539505,
    0.2405250370502472,
    0.0036386288702487946,
    0.006170108448714018,
    0.03647246211767197,
    0.0016389654483646154,
    0.011361141689121723,
    0.1854752004146576,
    0.11044062674045563,
    0.0619119368493557,
    0.009958011098206043,
    0.010598387569189072,
    0.0036212741397321224,
    0.10283217579126358,
    0.9967048764228821,
    0.9031990766525269,
    0.9746885299682617,
    0.9894729256629944,
    0.9938619136810303,
    0.46587637066841125,
    0.18742060661315918,
    0.2879757583141327,
    0.3800418972969055,
    0.13922858238220215,
    0.9301475286483765,
    0.9665020704269409
  ]
}