{
  "y_true": [
    0,
    0,
    0,
    0,
    0,
    0,
    0,
    0,
    0,
    0,
    0,
    0,
    0,
    0,
    0,
    0,
    0,
    0,
    0,
    0,
    0,
    0,
    0,
    0,
    0,
    0,
    0,
    0,
    0,
    0,
    0,
    0,
    0,
    0,
    0,
    0,
    0,
    0,
    0,
    0,
    0,
    0,
    0,
    0,
    0,
    0,
    0,
    0,
    0,
    0,
    0,
    0,
    0,
    0,
    0,
    0,
    0,
    0,
    0,
    0,
    0,
    0,
    0,
    1,
    1,
    1,
    1,
    1,
    1,
    1,
    1,
    1,
    1,
    1,
    1
  ],
  "y_pred": [
    0,
    0,
    1,
    0,
    0,
    0,
    0,
    0,
    0,
    0,
    0,
    0,
    0,
    0,
    0,
    0,
    0,
    0,
    0,
    0,
    0,
    0,
    0,
    0,
    0,
    0,
    0,
    0,
    0,
    0,
    0,
    0,
    0,
    0,
    0,
    0,
    0,
    0,
    0,
    0,
    0,
    0,
    0,
    0,
    0,
    0,
    0,
    0,
    0,
    0,
    0,
    0,
    0,
    0,
    0,
    0,
    0,
    0,
    0,
    0,
    0,
    0,
    0,
    1,
    0,
    1,
    1,
    1,
    0,
    0,
    0,
    1,
    0,
    1,
    1
  ],
  "y_prob": [
    0.26499998569488525,
    0.014999999664723873,
    0.3050000071525574,
    0.18000000715255737,
    0.20999999344348907,
    0.04500000178813934,
    0.019999999552965164,
    0.009999999776482582,
    0.11500000208616257,
    0.0,
    0.04500000178813934,
    0.07000000029802322,
    0.04500000178813934,
    0.019999999552965164,
    0.04500000178813934,
    0.004999999888241291,
    0.03999999910593033,
    0.23499999940395355,
    0.02500000037252903,
    0.06499999761581421,
    0.004999999888241291,
    0.0,
    0.17499999701976776,
    0.004999999888241291,
    0.004999999888241291,
    0.04500000178813934,
    0.009999999776482582,
    0.009999999776482582,
    0.05000000074505806,
    0.019999999552965164,
    0.014999999664723873,
    0.004999999888241291,
    0.009999999776482582,
    0.20999999344348907,
    0.19499999284744263,
    0.19499999284744263,
    0.0,
    0.11999999731779099,
    0.019999999552965164,
    0.014999999664723873,
    0.029999999329447746,
    0.014999999664723873,
    0.07500000298023224,
    0.12999999523162842,
    0.014999999664723873,
    0.04500000178813934,
    0.019999999552965164,
    0.009999999776482582,
    0.014999999664723873,
    0.0,
    0.20499999821186066,
    0.0,
    0.014999999664723873,
    0.03500000014901161,
    0.019999999552965164,
    0.0,
    0.17499999701976776,
    0.14000000059604645,
    0.04500000178813934,
    0.0,
    0.16500000655651093,
    0.029999999329447746,
    0.16500000655651093,
    0.5299999713897705,
    0.2750000059604645,
    0.38499999046325684,
    0.824999988079071,
    0.5849999785423279,
    0.2549999952316284,
    0.10499999672174454,
    0.18000000715255737,
    0.36000001430511475,
    0.004999999888241291,
    0.3449999988079071,
    0.5450000166893005
  ]
}