{
  "accuracy": 0.92,
  "balanced_accuracy": 0.8849206349206349,
  "precision": 0.7142857142857143,
  "recall": 0.8333333333333334,
  "f1": 0.7692307692307692,
  "roc_auc": 0.9523809523809523,
  "pr_auc": 0.871851851851852,
  "class_distribution": {
    "0": 63,
    "1": 12
  },
  "per_class_precision_recall": {
    "class_0": {
      "precision": 0.9672131147540983,
      "recall": 0.9365079365079365
    },
    "class_1": {
      "precision": 0.7142857142857143,
      "recall": 0.8333333333333334
    }
  },
  "confusion_matrix": {
    "tn": 59,
    "fp": 4,
    "fn": 2,
    "tp": 10
  },
  "confusion_matrix_normalized": {
    "tn": 0.9365079365079365,
    "fp": 0.06349206349206349,
    "fn": 0.16666666666666666,
    "tp": 0.8333333333333334
  },
  "threshold": 0.35,
  "n_samples": 75,
  "mean_probability": 0.1750682294368744,
  "pr_curve": {
    "precision": [
      0.16,
      0.16216216216216217,
      0.1643835616438356,
      0.16666666666666666,
      0.16901408450704225,
      0.17142857142857143,
      0.17391304347826086,
      0.17647058823529413,
      0.1791044776119403,
      0.18181818181818182,
      0.18461538461538463,
      0.1875,
      0.19047619047619047,
      0.1935483870967742,
      0.19672131147540983,
      0.2,
      0.2033898305084746,
      0.20689655172413793,
      0.21052631578947367,
      0.21428571428571427,
      0.21818181818181817,
      0.2222222222222222,
      0.22641509433962265,
      0.23076923076923078,
      0.23529411764705882,
      0.24,
      0.24489795918367346,
      0.25,
      0.2553191489361702,
      0.2608695652173913,
      0.26666666666666666,
      0.2727272727272727,
      0.27906976744186046,
      0.2857142857142857,
      0.2926829268292683,
      0.3,
      0.3076923076923077,
      0.3157894736842105,
      0.32432432432432434,
      0.3333333333333333,
      0.34285714285714286,
      0.35294117647058826,
      0.36363636363636365,
      0.375,
      0.3870967741935484,
      0.4,
      0.3793103448275862,
      0.39285714285714285,
      0.4074074074074074,
      0.4230769230769231,
      0.44,
      0.4166666666666667,
      0.43478260869565216,
      0.45454545454545453,
      0.47619047619047616,
      0.5,
      0.5263157894736842,
      0.5555555555555556,
      0.5882352941176471,
      0.625,
      0.6666666666666666,
      0.7142857142857143,
      0.7692307692307693,
      0.8333333333333334,
      0.8181818181818182,
      0.9,
      0.8888888888888888,
      0.875,
      1.0,
      1.0,
      1.0,
      1.0,
      1.0,
      1.0,
      1.0,
      1.0
    ],
    "recall": [
      1.0,
      1.0,
      1.0,
      1.0,
      1.0,
      1.0,
      1.0,
      1.0,
      1.0,
      1.0,
      1.0,
      1.0,
      1.0,
      1.0,
      1.0,
      1.0,
      1.0,
      1.0,
      1.0,
      1.0,
      1.0,
      1.0,
      1.0,
      1.0,
      1.0,
      1.0,
      1.0,
      1.0,
      1.0,
      1.0,
      1.0,
      1.0,
      1.0,
      1.0,
      1.0,
      1.0,
      1.0,
      1.0,
      1.0,
      1.0,
      1.0,
      1.0,
      1.0,
      1.0,
      1.0,
      1.0,
      0.9166666666666666,
      0.9166666666666666,
      0.9166666666666666,
      0.9166666666666666,
      0.9166666666666666,
      0.8333333333333334,
      0.8333333333333334,
      0.8333333333333334,
      0.8333333333333334,
      0.8333333333333334,
      0.8333333333333334,
      0.8333333333333334,
      0.8333333333333334,
      0.8333333333333334,
      0.8333333333333334,
      0.8333333333333334,
      0.8333333333333334,
      0.8333333333333334,
      0.75,
      0.75,
      0.6666666666666666,
      0.5833333333333334,
      0.5833333333333334,
      0.5,
      0.4166666666666667,
      0.3333333333333333,
      0.25,
      0.16666666666666666,
      0.08333333333333333,
      0.0
    ],
    "thresholds": [
      0.0034843990579247475,
      0.004211632534861565,
      0.004793931730091572,
      0.004809086211025715,
      0.005713411141186953,
      0.005896245129406452,
      0.006042385008186102,
      0.006190053187310696,
      0.006323463749140501,
      0.007945286110043526,
      0.0086235785856843,
      0.01096779853105545,
      0.01096950564533472,
      0.012193266302347183,
      0.0123717300593853,
      0.012743142433464527,
      0.012806225568056107,
      0.013433454558253288,
      0.014713418669998646,
      0.01557871699333191,
      0.01639454811811447,
      0.01852780394256115,
      0.019941650331020355,
      0.020888015627861023,
      0.021279629319906235,
      0.022028591483831406,
      0.023123912513256073,
      0.025305289775133133,
      0.02578028291463852,
      0.025788284838199615,
      0.028602363541722298,
      0.028734400868415833,
      0.030778812244534492,
      0.031605448573827744,
      0.033239707350730896,
      0.034829091280698776,
      0.036009613424539566,
      0.04151758924126625,
      0.04214924946427345,
      0.04383465275168419,
      0.04446388781070709,
      0.04483902081847191,
      0.04747723415493965,
      0.04767898470163345,
      0.04991939663887024,
      0.05279936641454697,
      0.07212662696838379,
      0.07904774695634842,
      0.07943601906299591,
      0.09410428255796432,
      0.11541211605072021,
      0.12449729442596436,
      0.13302451372146606,
      0.13550081849098206,
      0.19139760732650757,
      0.2041109800338745,
      0.2108098566532135,
      0.21480676531791687,
      0.2231554239988327,
      0.23467257618904114,
      0.25228509306907654,
      0.3892464339733124,
      0.4051029682159424,
      0.4052343964576721,
      0.4118223190307617,
      0.41816678643226624,
      0.4540939927101135,
      0.6100559234619141,
      0.8353726863861084,
      0.9053557515144348,
      0.9557168483734131,
      0.9596524238586426,
      0.9908370971679688,
      0.9936171770095825,
      0.9941080808639526
    ]
  }
}