{
  "y_true": [
    0,
    0,
    0,
    0,
    0,
    0,
    0,
    0,
    0,
    0,
    0,
    0,
    0,
    0,
    0,
    0,
    0,
    0,
    0,
    0,
    0,
    0,
    0,
    0,
    0,
    0,
    0,
    0,
    0,
    0,
    0,
    0,
    0,
    0,
    0,
    0,
    0,
    0,
    0,
    0,
    0,
    0,
    0,
    0,
    0,
    0,
    0,
    0,
    0,
    0,
    0,
    0,
    0,
    0,
    0,
    0,
    0,
    0,
    0,
    0,
    0,
    0,
    0,
    1,
    1,
    1,
    1,
    1,
    1,
    1,
    1,
    1,
    1,
    1,
    1
  ],
  "y_pred": [
    0,
    0,
    1,
    1,
    1,
    0,
    0,
    0,
    0,
    0,
    0,
    0,
    0,
    0,
    0,
    0,
    0,
    0,
    0,
    0,
    0,
    0,
    0,
    0,
    0,
    0,
    0,
    0,
    0,
    0,
    0,
    0,
    0,
    0,
    0,
    0,
    0,
    0,
    0,
    0,
    0,
    0,
    0,
    0,
    0,
    0,
    0,
    0,
    0,
    0,
    0,
    0,
    0,
    0,
    0,
    0,
    1,
    0,
    0,
    0,
    0,
    0,
    0,
    1,
    1,
    1,
    1,
    1,
    1,
    0,
    1,
    1,
    0,
    1,
    1
  ],
  "y_prob": [
    0.13550081849098206,
    0.034829091280698776,
    0.6100559234619141,
    0.4051029682159424,
    0.3892464339733124,
    0.013433454558253288,
    0.012806225568056107,
    0.025788284838199615,
    0.04446388781070709,
    0.04383465275168419,
    0.028602363541722298,
    0.04214924946427345,
    0.023123912513256073,
    0.006323463749140501,
    0.019941650331020355,
    0.01096950564533472,
    0.07904774695634842,
    0.23467257618904114,
    0.04991939663887024,
    0.030778812244534492,
    0.021279629319906235,
    0.0123717300593853,
    0.13302451372146606,
    0.007945286110043526,
    0.012743142433464527,
    0.031605448573827744,
    0.01557871699333191,
    0.04747723415493965,
    0.04151758924126625,
    0.020888015627861023,
    0.004809086211025715,
    0.0086235785856843,
    0.012193266302347183,
    0.2231554239988327,
    0.21480676531791687,
    0.2108098566532135,
    0.033239707350730896,
    0.2041109800338745,
    0.036009613424539566,
    0.04767898470163345,
    0.02578028291463852,
    0.01852780394256115,
    0.028734400868415833,
    0.19139760732650757,
    0.07212662696838379,
    0.07943601906299591,
    0.014713418669998646,
    0.004793931730091572,
    0.025305289775133133,
    0.006042385008186102,
    0.25228509306907654,
    0.0034843990579247475,
    0.01096779853105545,
    0.01639454811811447,
    0.004211632534861565,
    0.005896245129406452,
    0.4118223190307617,
    0.09410428255796432,
    0.04483902081847191,
    0.005713411141186953,
    0.022028591483831406,
    0.006190053187310696,
    0.12449729442596436,
    0.9936171770095825,
    0.8353726863861084,
    0.9596524238586426,
    0.9908370971679688,
    0.9941080808639526,
    0.41816678643226624,
    0.11541211605072021,
    0.4052343964576721,
    0.4540939927101135,
    0.05279936641454697,
    0.9053557515144348,
    0.9557168483734131
  ]
}