{
  "precision": [
    0.16,
    0.16216216216216217,
    0.1643835616438356,
    0.16666666666666666,
    0.16901408450704225,
    0.17142857142857143,
    0.17391304347826086,
    0.17647058823529413,
    0.1791044776119403,
    0.18181818181818182,
    0.18461538461538463,
    0.1875,
    0.19047619047619047,
    0.1935483870967742,
    0.19672131147540983,
    0.2,
    0.2033898305084746,
    0.20689655172413793,
    0.21052631578947367,
    0.21428571428571427,
    0.21818181818181817,
    0.2222222222222222,
    0.22641509433962265,
    0.23076923076923078,
    0.23529411764705882,
    0.24,
    0.22448979591836735,
    0.22916666666666666,
    0.23404255319148937,
    0.2391304347826087,
    0.24444444444444444,
    0.25,
    0.2558139534883721,
    0.2619047619047619,
    0.2682926829268293,
    0.275,
    0.28205128205128205,
    0.2894736842105263,
    0.2972972972972973,
    0.3055555555555556,
    0.3142857142857143,
    0.3235294117647059,
    0.3333333333333333,
    0.34375,
    0.3548387096774194,
    0.36666666666666664,
    0.3793103448275862,
    0.39285714285714285,
    0.4074074074074074,
    0.4230769230769231,
    0.44,
    0.4583333333333333,
    0.43478260869565216,
    0.45454545454545453,
    0.47619047619047616,
    0.5,
    0.5263157894736842,
    0.5555555555555556,
    0.5294117647058824,
    0.5625,
    0.5333333333333333,
    0.5714285714285714,
    0.6153846153846154,
    0.6666666666666666,
    0.7272727272727273,
    0.8,
    0.8888888888888888,
    1.0,
    1.0,
    1.0,
    1.0,
    1.0,
    1.0,
    1.0,
    1.0,
    1.0
  ],
  "recall": [
    1.0,
    1.0,
    1.0,
    1.0,
    1.0,
    1.0,
    1.0,
    1.0,
    1.0,
    1.0,
    1.0,
    1.0,
    1.0,
    1.0,
    1.0,
    1.0,
    1.0,
    1.0,
    1.0,
    1.0,
    1.0,
    1.0,
    1.0,
    1.0,
    1.0,
    1.0,
    0.9166666666666666,
    0.9166666666666666,
    0.9166666666666666,
    0.9166666666666666,
    0.9166666666666666,
    0.9166666666666666,
    0.9166666666666666,
    0.9166666666666666,
    0.9166666666666666,
    0.9166666666666666,
    0.9166666666666666,
    0.9166666666666666,
    0.9166666666666666,
    0.9166666666666666,
    0.9166666666666666,
    0.9166666666666666,
    0.9166666666666666,
    0.9166666666666666,
    0.9166666666666666,
    0.9166666666666666,
    0.9166666666666666,
    0.9166666666666666,
    0.9166666666666666,
    0.9166666666666666,
    0.9166666666666666,
    0.9166666666666666,
    0.8333333333333334,
    0.8333333333333334,
    0.8333333333333334,
    0.8333333333333334,
    0.8333333333333334,
    0.8333333333333334,
    0.75,
    0.75,
    0.6666666666666666,
    0.6666666666666666,
    0.6666666666666666,
    0.6666666666666666,
    0.6666666666666666,
    0.6666666666666666,
    0.6666666666666666,
    0.6666666666666666,
    0.5833333333333334,
    0.5,
    0.4166666666666667,
    0.3333333333333333,
    0.25,
    0.16666666666666666,
    0.08333333333333333,
    0.0
  ],
  "thresholds": [
    0.08688347786664963,
    0.08730552345514297,
    0.08753596991300583,
    0.08768481761217117,
    0.08802898228168488,
    0.08806505054235458,
    0.08817172050476074,
    0.08827169239521027,
    0.08853503316640854,
    0.08854313939809799,
    0.08857758343219757,
    0.08880163729190826,
    0.08891653269529343,
    0.08891942352056503,
    0.08901061117649078,
    0.08912360668182373,
    0.0891609862446785,
    0.08923932164907455,
    0.08929160982370377,
    0.0894295796751976,
    0.0898248478770256,
    0.0900149866938591,
    0.09019573032855988,
    0.09025133401155472,
    0.09029098600149155,
    0.09045697003602982,
    0.09046275913715363,
    0.09060531854629517,
    0.09063339233398438,
    0.09064146876335144,
    0.0909482091665268,
    0.09115134179592133,
    0.09124010801315308,
    0.09138061851263046,
    0.09190022200345993,
    0.09210590273141861,
    0.09213066846132278,
    0.09219980984926224,
    0.09223681688308716,
    0.09262514114379883,
    0.09263141453266144,
    0.09287512302398682,
    0.0930839478969574,
    0.0931323692202568,
    0.09340830147266388,
    0.09371478855609894,
    0.09372080117464066,
    0.0939791351556778,
    0.0942554622888565,
    0.09427864849567413,
    0.0945582389831543,
    0.09505429118871689,
    0.0951954796910286,
    0.09628570079803467,
    0.09640871733427048,
    0.09713557362556458,
    0.09766418486833572,
    0.09821829199790955,
    0.09985222667455673,
    0.10125186294317245,
    0.10232750326395035,
    0.1038525328040123,
    0.10604198276996613,
    0.10612818598747253,
    0.11243622750043869,
    0.11535697430372238,
    0.1350567489862442,
    0.16015112400054932,
    0.894815981388092,
    0.9148460626602173,
    0.9706409573554993,
    0.9730973243713379,
    0.9733526110649109,
    0.9739925265312195,
    0.9746806025505066
  ]
}