{
  "y_true": [
    0,
    0,
    0,
    0,
    0,
    0,
    0,
    0,
    0,
    0,
    0,
    0,
    0,
    0,
    0,
    0,
    0,
    0,
    0,
    0,
    0,
    0,
    0,
    0,
    0,
    0,
    0,
    0,
    0,
    0,
    0,
    0,
    0,
    0,
    0,
    0,
    0,
    0,
    0,
    0,
    0,
    0,
    0,
    0,
    0,
    0,
    0,
    0,
    0,
    0,
    0,
    0,
    0,
    0,
    0,
    0,
    0,
    0,
    0,
    0,
    0,
    0,
    0,
    1,
    1,
    1,
    1,
    1,
    1,
    1,
    1,
    1,
    1,
    1,
    1
  ],
  "y_pred": [
    0,
    0,
    0,
    0,
    0,
    0,
    0,
    0,
    0,
    0,
    0,
    0,
    0,
    0,
    0,
    0,
    0,
    0,
    0,
    0,
    0,
    0,
    0,
    0,
    0,
    0,
    0,
    0,
    0,
    0,
    0,
    0,
    0,
    0,
    0,
    0,
    0,
    0,
    0,
    0,
    0,
    0,
    0,
    0,
    0,
    0,
    0,
    0,
    0,
    0,
    0,
    0,
    0,
    0,
    0,
    0,
    0,
    0,
    0,
    0,
    0,
    0,
    0,
    1,
    1,
    1,
    1,
    1,
    0,
    0,
    0,
    0,
    0,
    1,
    1
  ],
  "y_prob": [
    0.09427864849567413,
    0.0930839478969574,
    0.09287512302398682,
    0.11535697430372238,
    0.11243622750043869,
    0.08827169239521027,
    0.0900149866938591,
    0.09029098600149155,
    0.0942554622888565,
    0.09262514114379883,
    0.09263141453266144,
    0.0898248478770256,
    0.09046275913715363,
    0.0894295796751976,
    0.10232750326395035,
    0.08730552345514297,
    0.09210590273141861,
    0.10612818598747253,
    0.08853503316640854,
    0.10604198276996613,
    0.09213066846132278,
    0.08929160982370377,
    0.0939791351556778,
    0.0909482091665268,
    0.08688347786664963,
    0.0951954796910286,
    0.08768481761217117,
    0.09115134179592133,
    0.08857758343219757,
    0.09223681688308716,
    0.08891942352056503,
    0.09064146876335144,
    0.09138061851263046,
    0.09640871733427048,
    0.09025133401155472,
    0.09124010801315308,
    0.09628570079803467,
    0.08817172050476074,
    0.09371478855609894,
    0.09766418486833572,
    0.0945582389831543,
    0.08912360668182373,
    0.09060531854629517,
    0.1350567489862442,
    0.08806505054235458,
    0.0931323692202568,
    0.08891653269529343,
    0.09019573032855988,
    0.08802898228168488,
    0.08901061117649078,
    0.08854313939809799,
    0.08880163729190826,
    0.09713557362556458,
    0.09340830147266388,
    0.08753596991300583,
    0.09063339233398438,
    0.09985222667455673,
    0.09190022200345993,
    0.09372080117464066,
    0.09219980984926224,
    0.08923932164907455,
    0.0891609862446785,
    0.1038525328040123,
    0.9739925265312195,
    0.9730973243713379,
    0.9733526110649109,
    0.9706409573554993,
    0.9746806025505066,
    0.09821829199790955,
    0.09505429118871689,
    0.16015112400054932,
    0.10125186294317245,
    0.09045697003602982,
    0.894815981388092,
    0.9148460626602173
  ]
}