{
  "confusion_matrix": {
    "tn": 28,
    "fp": 35,
    "fn": 5,
    "tp": 7
  },
  "confusion_matrix_normalized": {
    "tn": 0.4444444444444444,
    "fp": 0.5555555555555556,
    "fn": 0.4166666666666667,
    "tp": 0.5833333333333334
  }
}