{
  "precision": [
    0.16,
    0.16216216216216217,
    0.1643835616438356,
    0.16666666666666666,
    0.16901408450704225,
    0.17142857142857143,
    0.17391304347826086,
    0.16176470588235295,
    0.16417910447761194,
    0.16666666666666666,
    0.15384615384615385,
    0.15625,
    0.15873015873015872,
    0.16129032258064516,
    0.16393442622950818,
    0.16666666666666666,
    0.1694915254237288,
    0.1724137931034483,
    0.15789473684210525,
    0.14285714285714285,
    0.14545454545454545,
    0.14814814814814814,
    0.1509433962264151,
    0.15384615384615385,
    0.1568627450980392,
    0.16,
    0.16326530612244897,
    0.16666666666666666,
    0.1702127659574468,
    0.17391304347826086,
    0.17777777777777778,
    0.18181818181818182,
    0.18604651162790697,
    0.19047619047619047,
    0.1951219512195122,
    0.2,
    0.20512820512820512,
    0.21052631578947367,
    0.21621621621621623,
    0.2222222222222222,
    0.22857142857142856,
    0.23529411764705882,
    0.24242424242424243,
    0.25,
    0.25806451612903225,
    0.26666666666666666,
    0.27586206896551724,
    0.25,
    0.25925925925925924,
    0.2692307692307692,
    0.28,
    0.2916666666666667,
    0.30434782608695654,
    0.3181818181818182,
    0.3333333333333333,
    0.35,
    0.3684210526315789,
    0.3888888888888889,
    0.4117647058823529,
    0.375,
    0.4,
    0.42857142857142855,
    0.46153846153846156,
    0.5,
    0.5454545454545454,
    0.6,
    0.6666666666666666,
    0.75,
    0.8571428571428571,
    1.0,
    1.0,
    1.0,
    1.0,
    1.0,
    1.0,
    1.0
  ],
  "recall": [
    1.0,
    1.0,
    1.0,
    1.0,
    1.0,
    1.0,
    1.0,
    0.9166666666666666,
    0.9166666666666666,
    0.9166666666666666,
    0.8333333333333334,
    0.8333333333333334,
    0.8333333333333334,
    0.8333333333333334,
    0.8333333333333334,
    0.8333333333333334,
    0.8333333333333334,
    0.8333333333333334,
    0.75,
    0.6666666666666666,
    0.6666666666666666,
    0.6666666666666666,
    0.6666666666666666,
    0.6666666666666666,
    0.6666666666666666,
    0.6666666666666666,
    0.6666666666666666,
    0.6666666666666666,
    0.6666666666666666,
    0.6666666666666666,
    0.6666666666666666,
    0.6666666666666666,
    0.6666666666666666,
    0.6666666666666666,
    0.6666666666666666,
    0.6666666666666666,
    0.6666666666666666,
    0.6666666666666666,
    0.6666666666666666,
    0.6666666666666666,
    0.6666666666666666,
    0.6666666666666666,
    0.6666666666666666,
    0.6666666666666666,
    0.6666666666666666,
    0.6666666666666666,
    0.6666666666666666,
    0.5833333333333334,
    0.5833333333333334,
    0.5833333333333334,
    0.5833333333333334,
    0.5833333333333334,
    0.5833333333333334,
    0.5833333333333334,
    0.5833333333333334,
    0.5833333333333334,
    0.5833333333333334,
    0.5833333333333334,
    0.5833333333333334,
    0.5,
    0.5,
    0.5,
    0.5,
    0.5,
    0.5,
    0.5,
    0.5,
    0.5,
    0.5,
    0.5,
    0.4166666666666667,
    0.3333333333333333,
    0.25,
    0.16666666666666666,
    0.08333333333333333,
    0.0
  ],
  "thresholds": [
    0.10687655955553055,
    0.10719726979732513,
    0.10757869482040405,
    0.10766962170600891,
    0.10777253657579422,
    0.10780999809503555,
    0.10786605626344681,
    0.10804262012243271,
    0.10806909948587418,
    0.10809826850891113,
    0.10810139030218124,
    0.10810445994138718,
    0.10815596580505371,
    0.10816825181245804,
    0.10826226323843002,
    0.10847359150648117,
    0.10853717476129532,
    0.10863959044218063,
    0.10864891111850739,
    0.10870827734470367,
    0.10894041508436203,
    0.10902052372694016,
    0.10912633687257767,
    0.10933241993188858,
    0.10952452570199966,
    0.10968592762947083,
    0.10968837141990662,
    0.10969811677932739,
    0.10983395576477051,
    0.11031247675418854,
    0.11036647856235504,
    0.11062169820070267,
    0.11063345521688461,
    0.11070577800273895,
    0.11075502634048462,
    0.11100373417139053,
    0.11135562509298325,
    0.11161645501852036,
    0.11182215064764023,
    0.11216382682323456,
    0.11232680827379227,
    0.11237768828868866,
    0.11297471821308136,
    0.11332788318395615,
    0.11470520496368408,
    0.11532682925462723,
    0.11660084128379822,
    0.11695559322834015,
    0.11765801906585693,
    0.11885928362607956,
    0.11894707381725311,
    0.11931836605072021,
    0.11952757835388184,
    0.12033286690711975,
    0.12065798044204712,
    0.12182044982910156,
    0.12208542972803116,
    0.12863591313362122,
    0.13205412030220032,
    0.13252021372318268,
    0.13710665702819824,
    0.1417527198791504,
    0.1542329341173172,
    0.15788163244724274,
    0.20702217519283295,
    0.26249173283576965,
    0.31338897347450256,
    0.3217781186103821,
    0.7181997895240784,
    0.8706117272377014,
    0.944392740726471,
    0.9614425301551819,
    0.9629119634628296,
    0.9659179449081421,
    0.966253936290741
  ]
}