{
  "y_true": [
    0,
    0,
    0,
    0,
    0,
    0,
    0,
    0,
    0,
    0,
    0,
    0,
    0,
    0,
    0,
    0,
    0,
    0,
    0,
    0,
    0,
    0,
    0,
    0,
    0,
    0,
    0,
    0,
    0,
    0,
    0,
    0,
    0,
    0,
    0,
    0,
    0,
    0,
    0,
    0,
    0,
    0,
    0,
    0,
    0,
    0,
    0,
    0,
    0,
    0,
    0,
    0,
    0,
    0,
    0,
    0,
    0,
    0,
    0,
    0,
    0,
    0,
    0,
    1,
    1,
    1,
    1,
    1,
    1,
    1,
    1,
    1,
    1,
    1,
    1
  ],
  "y_pred": [
    0,
    0,
    0,
    0,
    0,
    0,
    0,
    0,
    0,
    0,
    0,
    0,
    0,
    0,
    0,
    0,
    0,
    0,
    0,
    0,
    0,
    0,
    0,
    0,
    0,
    0,
    0,
    0,
    0,
    0,
    0,
    0,
    0,
    0,
    0,
    0,
    0,
    0,
    0,
    0,
    0,
    0,
    0,
    1,
    0,
    0,
    0,
    0,
    0,
    0,
    0,
    0,
    0,
    0,
    0,
    0,
    0,
    0,
    0,
    0,
    0,
    0,
    0,
    1,
    1,
    1,
    1,
    1,
    0,
    0,
    0,
    0,
    0,
    0,
    1
  ],
  "y_prob": [
    0.11036647856235504,
    0.10804262012243271,
    0.11695559322834015,
    0.20702217519283295,
    0.3217781186103821,
    0.10780999809503555,
    0.10983395576477051,
    0.26249173283576965,
    0.11332788318395615,
    0.11237768828868866,
    0.11075502634048462,
    0.10902052372694016,
    0.31338897347450256,
    0.15788163244724274,
    0.11135562509298325,
    0.12033286690711975,
    0.11070577800273895,
    0.11100373417139053,
    0.11894707381725311,
    0.10826226323843002,
    0.10870827734470367,
    0.10719726979732513,
    0.13710665702819824,
    0.10757869482040405,
    0.10777253657579422,
    0.10912633687257767,
    0.11931836605072021,
    0.11182215064764023,
    0.10969811677932739,
    0.10968837141990662,
    0.11232680827379227,
    0.10810139030218124,
    0.10766962170600891,
    0.11532682925462723,
    0.11765801906585693,
    0.12065798044204712,
    0.12208542972803116,
    0.11297471821308136,
    0.1542329341173172,
    0.10687655955553055,
    0.10815596580505371,
    0.10853717476129532,
    0.10968592762947083,
    0.7181997895240784,
    0.12863591313362122,
    0.10952452570199966,
    0.1417527198791504,
    0.11161645501852036,
    0.11952757835388184,
    0.10816825181245804,
    0.11885928362607956,
    0.10810445994138718,
    0.11062169820070267,
    0.10933241993188858,
    0.10847359150648117,
    0.10806909948587418,
    0.11216382682323456,
    0.13252021372318268,
    0.11063345521688461,
    0.10894041508436203,
    0.11031247675418854,
    0.12182044982910156,
    0.11470520496368408,
    0.9659179449081421,
    0.944392740726471,
    0.9629119634628296,
    0.9614425301551819,
    0.966253936290741,
    0.10863959044218063,
    0.10864891111850739,
    0.11660084128379822,
    0.10786605626344681,
    0.10809826850891113,
    0.13205412030220032,
    0.8706117272377014
  ]
}