{
  "precision": [
    0.16,
    0.16216216216216217,
    0.1643835616438356,
    0.16666666666666666,
    0.16901408450704225,
    0.17142857142857143,
    0.17391304347826086,
    0.17647058823529413,
    0.1791044776119403,
    0.18181818181818182,
    0.18461538461538463,
    0.1875,
    0.19047619047619047,
    0.1935483870967742,
    0.19672131147540983,
    0.2,
    0.2033898305084746,
    0.20689655172413793,
    0.21052631578947367,
    0.21428571428571427,
    0.21818181818181817,
    0.2222222222222222,
    0.22641509433962265,
    0.23076923076923078,
    0.23529411764705882,
    0.24,
    0.24489795918367346,
    0.25,
    0.2553191489361702,
    0.2608695652173913,
    0.26666666666666666,
    0.2727272727272727,
    0.27906976744186046,
    0.2857142857142857,
    0.2926829268292683,
    0.3,
    0.3076923076923077,
    0.3157894736842105,
    0.32432432432432434,
    0.3333333333333333,
    0.34285714285714286,
    0.35294117647058826,
    0.36363636363636365,
    0.375,
    0.3870967741935484,
    0.4,
    0.41379310344827586,
    0.42857142857142855,
    0.4444444444444444,
    0.46153846153846156,
    0.48,
    0.4583333333333333,
    0.4782608695652174,
    0.5,
    0.5238095238095238,
    0.5,
    0.5263157894736842,
    0.5555555555555556,
    0.5882352941176471,
    0.625,
    0.6666666666666666,
    0.7142857142857143,
    0.6923076923076923,
    0.75,
    0.8181818181818182,
    0.9,
    1.0,
    1.0,
    1.0,
    1.0,
    1.0,
    1.0,
    1.0,
    1.0,
    1.0,
    1.0
  ],
  "recall": [
    1.0,
    1.0,
    1.0,
    1.0,
    1.0,
    1.0,
    1.0,
    1.0,
    1.0,
    1.0,
    1.0,
    1.0,
    1.0,
    1.0,
    1.0,
    1.0,
    1.0,
    1.0,
    1.0,
    1.0,
    1.0,
    1.0,
    1.0,
    1.0,
    1.0,
    1.0,
    1.0,
    1.0,
    1.0,
    1.0,
    1.0,
    1.0,
    1.0,
    1.0,
    1.0,
    1.0,
    1.0,
    1.0,
    1.0,
    1.0,
    1.0,
    1.0,
    1.0,
    1.0,
    1.0,
    1.0,
    1.0,
    1.0,
    1.0,
    1.0,
    1.0,
    0.9166666666666666,
    0.9166666666666666,
    0.9166666666666666,
    0.9166666666666666,
    0.8333333333333334,
    0.8333333333333334,
    0.8333333333333334,
    0.8333333333333334,
    0.8333333333333334,
    0.8333333333333334,
    0.8333333333333334,
    0.75,
    0.75,
    0.75,
    0.75,
    0.75,
    0.6666666666666666,
    0.5833333333333334,
    0.5,
    0.4166666666666667,
    0.3333333333333333,
    0.25,
    0.16666666666666666,
    0.08333333333333333,
    0.0
  ],
  "thresholds": [
    0.005100643262267113,
    0.005920822266489267,
    0.006614615675061941,
    0.008063985966145992,
    0.009070029482245445,
    0.009764889255166054,
    0.010380185209214687,
    0.010423797182738781,
    0.011921939440071583,
    0.011993600986897945,
    0.012147250585258007,
    0.012193897739052773,
    0.012976296246051788,
    0.013203698210418224,
    0.013990294188261032,
    0.014406953938305378,
    0.01512241642922163,
    0.015501930378377438,
    0.015540569089353085,
    0.018448323011398315,
    0.018779395148158073,
    0.018796298652887344,
    0.019452176988124847,
    0.02008826471865177,
    0.02140641398727894,
    0.025185467675328255,
    0.025688298046588898,
    0.0267455093562603,
    0.02946624532341957,
    0.03287363052368164,
    0.03409755229949951,
    0.034342508763074875,
    0.03984702751040459,
    0.04110544174909592,
    0.041687119752168655,
    0.0439128652215004,
    0.047324877232313156,
    0.05255484580993652,
    0.05428451672196388,
    0.056926995515823364,
    0.05922814458608627,
    0.05928804725408554,
    0.06077726185321808,
    0.0615110769867897,
    0.0650162324309349,
    0.06523397564888,
    0.07327587157487869,
    0.08993875235319138,
    0.09111236035823822,
    0.10650159418582916,
    0.1187252327799797,
    0.1532716155052185,
    0.1538035273551941,
    0.1739351451396942,
    0.18662455677986145,
    0.19689013063907623,
    0.19934378564357758,
    0.20835158228874207,
    0.21007569134235382,
    0.23026248812675476,
    0.2323414534330368,
    0.27146828174591064,
    0.29328927397727966,
    0.3824017643928528,
    0.3828717768192291,
    0.42676734924316406,
    0.5283510088920593,
    0.5391408801078796,
    0.5585312247276306,
    0.6128493547439575,
    0.837075412273407,
    0.9862678050994873,
    0.9890196919441223,
    0.9970024228096008,
    0.9990847110748291
  ]
}