{
  "y_true": [
    0,
    0,
    0,
    0,
    0,
    0,
    0,
    0,
    0,
    0,
    0,
    0,
    0,
    0,
    0,
    0,
    0,
    0,
    0,
    0,
    0,
    0,
    0,
    0,
    0,
    0,
    0,
    0,
    0,
    0,
    0,
    0,
    0,
    0,
    0,
    0,
    0,
    0,
    0,
    0,
    0,
    0,
    0,
    0,
    0,
    0,
    0,
    0,
    0,
    0,
    0,
    0,
    0,
    0,
    0,
    0,
    0,
    0,
    0,
    0,
    0,
    0,
    0,
    1,
    1,
    1,
    1,
    1,
    1,
    1,
    1,
    1,
    1,
    1,
    1
  ],
  "y_pred": [
    0,
    0,
    0,
    0,
    0,
    0,
    0,
    0,
    0,
    0,
    0,
    0,
    0,
    0,
    0,
    0,
    0,
    0,
    0,
    0,
    0,
    0,
    0,
    0,
    0,
    0,
    0,
    0,
    0,
    0,
    0,
    0,
    0,
    0,
    0,
    0,
    0,
    0,
    0,
    0,
    0,
    0,
    0,
    0,
    0,
    0,
    0,
    0,
    0,
    0,
    0,
    0,
    0,
    0,
    0,
    0,
    0,
    0,
    0,
    0,
    0,
    0,
    0,
    1,
    1,
    1,
    1,
    1,
    1,
    0,
    0,
    1,
    0,
    1,
    1
  ],
  "y_prob": [
    0.1532716155052185,
    0.0439128652215004,
    0.3824017643928528,
    0.19689013063907623,
    0.42676734924316406,
    0.009764889255166054,
    0.015501930378377438,
    0.019452176988124847,
    0.09111236035823822,
    0.05928804725408554,
    0.025185467675328255,
    0.0267455093562603,
    0.011921939440071583,
    0.009070029482245445,
    0.012976296246051788,
    0.012193897739052773,
    0.06523397564888,
    0.20835158228874207,
    0.0615110769867897,
    0.056926995515823364,
    0.041687119752168655,
    0.013990294188261032,
    0.07327587157487869,
    0.012147250585258007,
    0.013203698210418224,
    0.02140641398727894,
    0.05922814458608627,
    0.05255484580993652,
    0.04110544174909592,
    0.02008826471865177,
    0.011993600986897945,
    0.018779395148158073,
    0.01512241642922163,
    0.1739351451396942,
    0.23026248812675476,
    0.1538035273551941,
    0.02946624532341957,
    0.2323414534330368,
    0.10650159418582916,
    0.03984702751040459,
    0.03287363052368164,
    0.025688298046588898,
    0.06077726185321808,
    0.3828717768192291,
    0.034342508763074875,
    0.05428451672196388,
    0.014406953938305378,
    0.006614615675061941,
    0.047324877232313156,
    0.010380185209214687,
    0.29328927397727966,
    0.005920822266489267,
    0.010423797182738781,
    0.03409755229949951,
    0.005100643262267113,
    0.018448323011398315,
    0.19934378564357758,
    0.21007569134235382,
    0.0650162324309349,
    0.015540569089353085,
    0.018796298652887344,
    0.008063985966145992,
    0.08993875235319138,
    0.9990847110748291,
    0.6128493547439575,
    0.9862678050994873,
    0.9890196919441223,
    0.9970024228096008,
    0.5585312247276306,
    0.18662455677986145,
    0.27146828174591064,
    0.5391408801078796,
    0.1187252327799797,
    0.5283510088920593,
    0.837075412273407
  ]
}