{
  "confusion_matrix": {
    "tn": 58,
    "fp": 5,
    "fn": 0,
    "tp": 12
  },
  "confusion_matrix_normalized": {
    "tn": 0.9206349206349206,
    "fp": 0.07936507936507936,
    "fn": 0.0,
    "tp": 1.0
  }
}