{
  "accuracy": 0.9333333333333333,
  "balanced_accuracy": 0.9603174603174602,
  "precision": 0.7058823529411765,
  "recall": 1.0,
  "f1": 0.8275862068965517,
  "roc_auc": 1.0,
  "pr_auc": 1.0,
  "class_distribution": {
    "0": 63,
    "1": 12
  },
  "per_class_precision_recall": {
    "class_0": {
      "precision": 1.0,
      "recall": 0.9206349206349206
    },
    "class_1": {
      "precision": 0.7058823529411765,
      "recall": 1.0
    }
  },
  "confusion_matrix": {
    "tn": 58,
    "fp": 5,
    "fn": 0,
    "tp": 12
  },
  "confusion_matrix_normalized": {
    "tn": 0.9206349206349206,
    "fp": 0.07936507936507936,
    "fn": 0.0,
    "tp": 1.0
  },
  "threshold": 0.25,
  "n_samples": 75,
  "mean_probability": 0.22155624628067017
}