{
  "feature_mean": [
    0.29831138253211975,
    -0.0004487578116822988,
    0.29672878980636597,
    0.1078735813498497,
    -0.009358909912407398,
    0.00011000598169630393,
    0.14928662776947021,
    -0.0008830958395265043,
    0.14914371073246002,
    0.06212553754448891,
    -0.001232059090398252,
    -0.0003856388502754271,
    0.5653946995735168,
    -0.0008161929436028004,
    0.5643967986106873,
    0.09195057302713394,
    0.0001977130159502849,
    -0.0009036841220222414,
    0.16137704253196716,
    -4.723504389403388e-05,
    0.1614762842655182,
    0.06309423595666885,
    0.0034607420675456524,
    -0.0005452305194921792,
    0.6188471913337708,
    -0.0008529775659553707,
    0.6197911500930786,
    0.09324344247579575,
    0.0028581724036484957,
    -0.0013742679730057716
  ],
  "feature_std": [
    0.22292295098304749,
    0.23947077989578247,
    0.17296084761619568,
    0.09144704043865204,
    0.940510094165802,
    0.13198238611221313,
    0.13996270298957825,
    0.12947393953800201,
    0.11371388286352158,
    0.04981468990445137,
    0.9565137624740601,
    0.07840888947248459,
    0.31418943405151367,
    0.2117660939693451,
    0.2854984402656555,
    0.10028038173913956,
    0.9486168026924133,
    0.14056721329689026,
    0.14579549431800842,
    0.13207204639911652,
    0.12145716696977615,
    0.05080726370215416,
    0.9553213715553284,
    0.08079587668180466,
    0.33557698130607605,
    0.22190698981285095,
    0.3029225170612335,
    0.1085212305188179,
    0.9419441223144531,
    0.14840087294578552
  ]
}