{
  "precision": [
    0.16,
    0.16216216216216217,
    0.1643835616438356,
    0.16666666666666666,
    0.16901408450704225,
    0.17142857142857143,
    0.17391304347826086,
    0.17647058823529413,
    0.1791044776119403,
    0.18181818181818182,
    0.18461538461538463,
    0.1875,
    0.19047619047619047,
    0.1935483870967742,
    0.19672131147540983,
    0.2,
    0.2033898305084746,
    0.20689655172413793,
    0.21052631578947367,
    0.21428571428571427,
    0.21818181818181817,
    0.2222222222222222,
    0.22641509433962265,
    0.23076923076923078,
    0.23529411764705882,
    0.24,
    0.24489795918367346,
    0.25,
    0.2553191489361702,
    0.2608695652173913,
    0.26666666666666666,
    0.2727272727272727,
    0.27906976744186046,
    0.2857142857142857,
    0.2926829268292683,
    0.3,
    0.3076923076923077,
    0.3157894736842105,
    0.32432432432432434,
    0.3333333333333333,
    0.34285714285714286,
    0.35294117647058826,
    0.36363636363636365,
    0.375,
    0.3870967741935484,
    0.4,
    0.41379310344827586,
    0.42857142857142855,
    0.4074074074074074,
    0.4230769230769231,
    0.44,
    0.4583333333333333,
    0.4782608695652174,
    0.5,
    0.5238095238095238,
    0.55,
    0.5263157894736842,
    0.5555555555555556,
    0.5882352941176471,
    0.625,
    0.6666666666666666,
    0.7142857142857143,
    0.7692307692307693,
    0.75,
    0.8181818181818182,
    0.9,
    1.0,
    1.0,
    1.0,
    1.0,
    1.0,
    1.0,
    1.0,
    1.0,
    1.0,
    1.0
  ],
  "recall": [
    1.0,
    1.0,
    1.0,
    1.0,
    1.0,
    1.0,
    1.0,
    1.0,
    1.0,
    1.0,
    1.0,
    1.0,
    1.0,
    1.0,
    1.0,
    1.0,
    1.0,
    1.0,
    1.0,
    1.0,
    1.0,
    1.0,
    1.0,
    1.0,
    1.0,
    1.0,
    1.0,
    1.0,
    1.0,
    1.0,
    1.0,
    1.0,
    1.0,
    1.0,
    1.0,
    1.0,
    1.0,
    1.0,
    1.0,
    1.0,
    1.0,
    1.0,
    1.0,
    1.0,
    1.0,
    1.0,
    1.0,
    1.0,
    0.9166666666666666,
    0.9166666666666666,
    0.9166666666666666,
    0.9166666666666666,
    0.9166666666666666,
    0.9166666666666666,
    0.9166666666666666,
    0.9166666666666666,
    0.8333333333333334,
    0.8333333333333334,
    0.8333333333333334,
    0.8333333333333334,
    0.8333333333333334,
    0.8333333333333334,
    0.8333333333333334,
    0.75,
    0.75,
    0.75,
    0.75,
    0.6666666666666666,
    0.5833333333333334,
    0.5,
    0.4166666666666667,
    0.3333333333333333,
    0.25,
    0.16666666666666666,
    0.08333333333333333,
    0.0
  ],
  "thresholds": [
    0.005273191258311272,
    0.006175696384161711,
    0.006729867309331894,
    0.007392702158540487,
    0.00842457264661789,
    0.009198442101478577,
    0.009753981605172157,
    0.010373367927968502,
    0.01132955215871334,
    0.012076866813004017,
    0.012544265016913414,
    0.012672518379986286,
    0.01308016199618578,
    0.015154415741562843,
    0.015687819570302963,
    0.01569938287138939,
    0.016286518424749374,
    0.016332535073161125,
    0.01754395291209221,
    0.018020348623394966,
    0.02026977948844433,
    0.02112995833158493,
    0.023343609645962715,
    0.02345171384513378,
    0.02429806999862194,
    0.026791967451572418,
    0.027263587340712547,
    0.028499191626906395,
    0.030148539692163467,
    0.031053828075528145,
    0.03147963061928749,
    0.03372596949338913,
    0.035257160663604736,
    0.03789040818810463,
    0.03922915831208229,
    0.04064537212252617,
    0.043657053261995316,
    0.043883465230464935,
    0.04430776834487915,
    0.04571886360645294,
    0.04988592490553856,
    0.054047200828790665,
    0.056978460401296616,
    0.06236879527568817,
    0.06289175152778625,
    0.06554502993822098,
    0.08481383323669434,
    0.0874340683221817,
    0.09321987628936768,
    0.09736128896474838,
    0.12195257097482681,
    0.1292673647403717,
    0.1448594182729721,
    0.17504459619522095,
    0.19056138396263123,
    0.19318118691444397,
    0.20169703662395477,
    0.23122991621494293,
    0.2450486123561859,
    0.24923594295978546,
    0.2632579505443573,
    0.26857489347457886,
    0.2972773015499115,
    0.31258001923561096,
    0.32233670353889465,
    0.370842307806015,
    0.4826020300388336,
    0.5346988439559937,
    0.6438604593276978,
    0.8487663269042969,
    0.9022972583770752,
    0.963049590587616,
    0.9945167899131775,
    0.995710015296936,
    0.9967111349105835
  ]
}