{
  "y_true": [
    0,
    0,
    0,
    0,
    0,
    0,
    0,
    0,
    0,
    0,
    0,
    0,
    0,
    0,
    0,
    0,
    0,
    0,
    0,
    0,
    0,
    0,
    0,
    0,
    0,
    0,
    0,
    0,
    0,
    0,
    0,
    0,
    0,
    0,
    0,
    0,
    0,
    0,
    0,
    0,
    0,
    0,
    0,
    0,
    0,
    0,
    0,
    0,
    0,
    0,
    0,
    0,
    0,
    0,
    0,
    0,
    0,
    0,
    0,
    0,
    0,
    0,
    0,
    1,
    1,
    1,
    1,
    1,
    1,
    1,
    1,
    1,
    1,
    1,
    1
  ],
  "y_pred": [
    0,
    0,
    0,
    0,
    0,
    0,
    0,
    0,
    0,
    0,
    0,
    0,
    0,
    0,
    0,
    0,
    0,
    0,
    0,
    0,
    0,
    0,
    0,
    0,
    0,
    0,
    0,
    0,
    0,
    0,
    0,
    0,
    0,
    0,
    0,
    0,
    0,
    0,
    0,
    0,
    0,
    0,
    0,
    0,
    0,
    0,
    0,
    0,
    0,
    0,
    0,
    0,
    0,
    0,
    0,
    0,
    0,
    0,
    0,
    0,
    0,
    0,
    0,
    1,
    1,
    1,
    1,
    1,
    0,
    0,
    0,
    1,
    0,
    1,
    1
  ],
  "y_prob": [
    0.12195257097482681,
    0.04988592490553856,
    0.26857489347457886,
    0.19056138396263123,
    0.370842307806015,
    0.02112995833158493,
    0.007392702158540487,
    0.043657053261995316,
    0.09736128896474838,
    0.056978460401296616,
    0.02026977948844433,
    0.02429806999862194,
    0.012076866813004017,
    0.01132955215871334,
    0.010373367927968502,
    0.012544265016913414,
    0.04571886360645294,
    0.24923594295978546,
    0.06289175152778625,
    0.031053828075528145,
    0.035257160663604736,
    0.01569938287138939,
    0.08481383323669434,
    0.012672518379986286,
    0.01754395291209221,
    0.03147963061928749,
    0.02345171384513378,
    0.06554502993822098,
    0.026791967451572418,
    0.016286518424749374,
    0.009753981605172157,
    0.023343609645962715,
    0.015687819570302963,
    0.20169703662395477,
    0.23122991621494293,
    0.17504459619522095,
    0.03922915831208229,
    0.2632579505443573,
    0.09321987628936768,
    0.054047200828790665,
    0.03789040818810463,
    0.030148539692163467,
    0.04430776834487915,
    0.32233670353889465,
    0.027263587340712547,
    0.06236879527568817,
    0.028499191626906395,
    0.009198442101478577,
    0.043883465230464935,
    0.01308016199618578,
    0.31258001923561096,
    0.005273191258311272,
    0.00842457264661789,
    0.03372596949338913,
    0.006175696384161711,
    0.018020348623394966,
    0.2450486123561859,
    0.1448594182729721,
    0.04064537212252617,
    0.016332535073161125,
    0.015154415741562843,
    0.006729867309331894,
    0.1292673647403717,
    0.9967111349105835,
    0.6438604593276978,
    0.963049590587616,
    0.9945167899131775,
    0.995710015296936,
    0.4826020300388336,
    0.19318118691444397,
    0.2972773015499115,
    0.5346988439559937,
    0.0874340683221817,
    0.8487663269042969,
    0.9022972583770752
  ]
}