{
  "precision": [
    0.16,
    0.16216216216216217,
    0.1643835616438356,
    0.16666666666666666,
    0.16901408450704225,
    0.17142857142857143,
    0.17391304347826086,
    0.17647058823529413,
    0.1791044776119403,
    0.18181818181818182,
    0.18461538461538463,
    0.1875,
    0.19047619047619047,
    0.1935483870967742,
    0.19672131147540983,
    0.2,
    0.2033898305084746,
    0.20689655172413793,
    0.21052631578947367,
    0.21428571428571427,
    0.21818181818181817,
    0.2222222222222222,
    0.22641509433962265,
    0.23076923076923078,
    0.23529411764705882,
    0.24,
    0.24489795918367346,
    0.25,
    0.2553191489361702,
    0.2608695652173913,
    0.26666666666666666,
    0.2727272727272727,
    0.27906976744186046,
    0.2857142857142857,
    0.2926829268292683,
    0.3,
    0.3076923076923077,
    0.3157894736842105,
    0.32432432432432434,
    0.3333333333333333,
    0.34285714285714286,
    0.35294117647058826,
    0.36363636363636365,
    0.375,
    0.3870967741935484,
    0.4,
    0.41379310344827586,
    0.42857142857142855,
    0.4444444444444444,
    0.46153846153846156,
    0.48,
    0.5,
    0.4782608695652174,
    0.5,
    0.47619047619047616,
    0.5,
    0.5263157894736842,
    0.5555555555555556,
    0.5882352941176471,
    0.625,
    0.6666666666666666,
    0.7142857142857143,
    0.7692307692307693,
    0.8333333333333334,
    0.9090909090909091,
    0.9,
    0.8888888888888888,
    1.0,
    1.0,
    1.0,
    1.0,
    1.0,
    1.0,
    1.0,
    1.0,
    1.0
  ],
  "recall": [
    1.0,
    1.0,
    1.0,
    1.0,
    1.0,
    1.0,
    1.0,
    1.0,
    1.0,
    1.0,
    1.0,
    1.0,
    1.0,
    1.0,
    1.0,
    1.0,
    1.0,
    1.0,
    1.0,
    1.0,
    1.0,
    1.0,
    1.0,
    1.0,
    1.0,
    1.0,
    1.0,
    1.0,
    1.0,
    1.0,
    1.0,
    1.0,
    1.0,
    1.0,
    1.0,
    1.0,
    1.0,
    1.0,
    1.0,
    1.0,
    1.0,
    1.0,
    1.0,
    1.0,
    1.0,
    1.0,
    1.0,
    1.0,
    1.0,
    1.0,
    1.0,
    1.0,
    0.9166666666666666,
    0.9166666666666666,
    0.8333333333333334,
    0.8333333333333334,
    0.8333333333333334,
    0.8333333333333334,
    0.8333333333333334,
    0.8333333333333334,
    0.8333333333333334,
    0.8333333333333334,
    0.8333333333333334,
    0.8333333333333334,
    0.8333333333333334,
    0.75,
    0.6666666666666666,
    0.6666666666666666,
    0.5833333333333334,
    0.5,
    0.4166666666666667,
    0.3333333333333333,
    0.25,
    0.16666666666666666,
    0.08333333333333333,
    0.0
  ],
  "thresholds": [
    0.004123416263610125,
    0.005970716942101717,
    0.0061049992218613625,
    0.0067429612390697,
    0.008507980033755302,
    0.008706518448889256,
    0.0088444659486413,
    0.010261736810207367,
    0.01108021941035986,
    0.01139186043292284,
    0.012851516716182232,
    0.013609475456178188,
    0.013787581585347652,
    0.013931053690612316,
    0.014865360222756863,
    0.015227098017930984,
    0.0155324162915349,
    0.01597432978451252,
    0.015982983633875847,
    0.01693783700466156,
    0.02134748362004757,
    0.021390412002801895,
    0.021837584674358368,
    0.02193921059370041,
    0.023618485778570175,
    0.023996051400899887,
    0.02497577853500843,
    0.02600901387631893,
    0.027149243280291557,
    0.028351981192827225,
    0.03284889832139015,
    0.03313693776726723,
    0.03382345288991928,
    0.03457926958799362,
    0.03458085283637047,
    0.036540672183036804,
    0.036822475492954254,
    0.04071849212050438,
    0.04151122272014618,
    0.04381009563803673,
    0.04439995065331459,
    0.045793741941452026,
    0.04707267880439758,
    0.05856543779373169,
    0.06044645234942436,
    0.06115211173892021,
    0.07672271877527237,
    0.08012957870960236,
    0.08176808804273605,
    0.08281952142715454,
    0.08412869274616241,
    0.08645594865083694,
    0.1257539540529251,
    0.13313722610473633,
    0.13321450352668762,
    0.14820028841495514,
    0.1559499055147171,
    0.1991582214832306,
    0.21065612137317657,
    0.2371131032705307,
    0.28021833300590515,
    0.2979799211025238,
    0.33064019680023193,
    0.341280460357666,
    0.35049566626548767,
    0.3973289430141449,
    0.4521948993206024,
    0.5028642416000366,
    0.9113160967826843,
    0.9290671944618225,
    0.9780206084251404,
    0.9819949269294739,
    0.9931161999702454,
    0.9974035620689392,
    0.9979299306869507
  ]
}