{
  "y_true": [
    0,
    0,
    0,
    0,
    0,
    0,
    0,
    0,
    0,
    0,
    0,
    0,
    0,
    0,
    0,
    0,
    0,
    0,
    0,
    0,
    0,
    0,
    0,
    0,
    0,
    0,
    0,
    0,
    0,
    0,
    0,
    0,
    0,
    0,
    0,
    0,
    0,
    0,
    0,
    0,
    0,
    0,
    0,
    0,
    0,
    0,
    0,
    0,
    0,
    0,
    0,
    0,
    0,
    0,
    0,
    0,
    0,
    0,
    0,
    0,
    0,
    0,
    0,
    1,
    1,
    1,
    1,
    1,
    1,
    1,
    1,
    1,
    1,
    1,
    1
  ],
  "y_pred": [
    0,
    0,
    1,
    0,
    1,
    0,
    0,
    0,
    0,
    0,
    0,
    0,
    0,
    0,
    0,
    0,
    0,
    0,
    0,
    0,
    0,
    0,
    0,
    0,
    0,
    0,
    0,
    0,
    0,
    0,
    0,
    0,
    0,
    1,
    0,
    0,
    0,
    0,
    0,
    0,
    0,
    0,
    0,
    0,
    0,
    0,
    0,
    0,
    0,
    0,
    0,
    0,
    0,
    0,
    0,
    0,
    0,
    0,
    0,
    0,
    0,
    0,
    0,
    1,
    1,
    1,
    1,
    1,
    1,
    0,
    1,
    1,
    0,
    1,
    1
  ],
  "y_prob": [
    0.06115211173892021,
    0.04381009563803673,
    0.33064019680023193,
    0.1257539540529251,
    0.4521948993206024,
    0.013787581585347652,
    0.008706518448889256,
    0.04439995065331459,
    0.07672271877527237,
    0.06044645234942436,
    0.023996051400899887,
    0.036540672183036804,
    0.013931053690612316,
    0.008507980033755302,
    0.021837584674358368,
    0.0155324162915349,
    0.045793741941452026,
    0.21065612137317657,
    0.04151122272014618,
    0.023618485778570175,
    0.027149243280291557,
    0.01693783700466156,
    0.08176808804273605,
    0.013609475456178188,
    0.012851516716182232,
    0.03284889832139015,
    0.021390412002801895,
    0.08412869274616241,
    0.02497577853500843,
    0.02600901387631893,
    0.005970716942101717,
    0.01597432978451252,
    0.015227098017930984,
    0.341280460357666,
    0.13321450352668762,
    0.14820028841495514,
    0.03382345288991928,
    0.28021833300590515,
    0.05856543779373169,
    0.04071849212050438,
    0.036822475492954254,
    0.03458085283637047,
    0.02134748362004757,
    0.1991582214832306,
    0.02193921059370041,
    0.08281952142715454,
    0.03313693776726723,
    0.0067429612390697,
    0.03457926958799362,
    0.010261736810207367,
    0.2979799211025238,
    0.0061049992218613625,
    0.014865360222756863,
    0.028351981192827225,
    0.004123416263610125,
    0.01108021941035986,
    0.2371131032705307,
    0.08012957870960236,
    0.04707267880439758,
    0.01139186043292284,
    0.015982983633875847,
    0.0088444659486413,
    0.1559499055147171,
    0.9974035620689392,
    0.9113160967826843,
    0.9819949269294739,
    0.9931161999702454,
    0.9979299306869507,
    0.3973289430141449,
    0.13313722610473633,
    0.35049566626548767,
    0.5028642416000366,
    0.08645594865083694,
    0.9290671944618225,
    0.9780206084251404
  ]
}