{
  "accuracy": 0.9066666666666666,
  "balanced_accuracy": 0.8095238095238095,
  "precision": 0.7272727272727273,
  "recall": 0.6666666666666666,
  "f1": 0.6956521739130435,
  "roc_auc": 0.9107142857142857,
  "pr_auc": 0.8027089609428678,
  "class_distribution": {
    "0": 63,
    "1": 12
  },
  "per_class_precision_recall": {
    "class_0": {
      "precision": 0.9375,
      "recall": 0.9523809523809523
    },
    "class_1": {
      "precision": 0.7272727272727273,
      "recall": 0.6666666666666666
    }
  },
  "confusion_matrix": {
    "tn": 60,
    "fp": 3,
    "fn": 4,
    "tp": 8
  },
  "confusion_matrix_normalized": {
    "tn": 0.9523809523809523,
    "fp": 0.047619047619047616,
    "fn": 0.3333333333333333,
    "tp": 0.6666666666666666
  },
  "threshold": 0.25,
  "n_samples": 75,
  "mean_probability": 0.1117333248257637,
  "pr_curve": {
    "precision": [
      0.16,
      0.1791044776119403,
      0.2033898305084746,
      0.21428571428571427,
      0.22641509433962265,
      0.23404255319148937,
      0.2558139534883721,
      0.275,
      0.2972972972972973,
      0.3235294117647059,
      0.3333333333333333,
      0.3548387096774194,
      0.36666666666666664,
      0.3793103448275862,
      0.39285714285714285,
      0.38461538461538464,
      0.4,
      0.43478260869565216,
      0.45454545454545453,
      0.47619047619047616,
      0.5263157894736842,
      0.5882352941176471,
      0.5625,
      0.6,
      0.6428571428571429,
      0.75,
      0.7272727272727273,
      0.8,
      0.875,
      0.8571428571428571,
      1.0,
      1.0,
      1.0,
      1.0,
      1.0,
      1.0,
      1.0
    ],
    "recall": [
      1.0,
      1.0,
      1.0,
      1.0,
      1.0,
      0.9166666666666666,
      0.9166666666666666,
      0.9166666666666666,
      0.9166666666666666,
      0.9166666666666666,
      0.9166666666666666,
      0.9166666666666666,
      0.9166666666666666,
      0.9166666666666666,
      0.9166666666666666,
      0.8333333333333334,
      0.8333333333333334,
      0.8333333333333334,
      0.8333333333333334,
      0.8333333333333334,
      0.8333333333333334,
      0.8333333333333334,
      0.75,
      0.75,
      0.75,
      0.75,
      0.6666666666666666,
      0.6666666666666666,
      0.5833333333333334,
      0.5,
      0.5,
      0.4166666666666667,
      0.3333333333333333,
      0.25,
      0.16666666666666666,
      0.08333333333333333,
      0.0
    ],
    "thresholds": [
      0.0,
      0.004999999888241291,
      0.009999999776482582,
      0.014999999664723873,
      0.019999999552965164,
      0.02500000037252903,
      0.029999999329447746,
      0.03500000014901161,
      0.03999999910593033,
      0.04500000178813934,
      0.05999999865889549,
      0.06499999761581421,
      0.07000000029802322,
      0.07500000298023224,
      0.07999999821186066,
      0.11999999731779099,
      0.125,
      0.14000000059604645,
      0.15000000596046448,
      0.1550000011920929,
      0.1599999964237213,
      0.17499999701976776,
      0.18000000715255737,
      0.1899999976158142,
      0.19499999284744263,
      0.22499999403953552,
      0.26499998569488525,
      0.27000001072883606,
      0.3050000071525574,
      0.3149999976158142,
      0.35499998927116394,
      0.41499999165534973,
      0.5,
      0.5849999785423279,
      0.5899999737739563,
      0.875
    ]
  }
}