{
  "confusion_matrix": {
    "tn": 63,
    "fp": 0,
    "fn": 2,
    "tp": 10
  },
  "confusion_matrix_normalized": {
    "tn": 1.0,
    "fp": 0.0,
    "fn": 0.16666666666666666,
    "tp": 0.8333333333333334
  }
}