{
  "confusion_matrix": {
    "tn": 58,
    "fp": 5,
    "fn": 7,
    "tp": 5
  },
  "confusion_matrix_normalized": {
    "tn": 0.9206349206349206,
    "fp": 0.07936507936507936,
    "fn": 0.5833333333333334,
    "tp": 0.4166666666666667
  }
}