{
  "accuracy": 0.84,
  "balanced_accuracy": 0.6686507936507936,
  "precision": 0.5,
  "recall": 0.4166666666666667,
  "f1": 0.45454545454545453,
  "roc_auc": 0.7367724867724867,
  "pr_auc": 0.47867195966666526,
  "class_distribution": {
    "0": 63,
    "1": 12
  },
  "per_class_precision_recall": {
    "class_0": {
      "precision": 0.8923076923076924,
      "recall": 0.9206349206349206
    },
    "class_1": {
      "precision": 0.5,
      "recall": 0.4166666666666667
    }
  },
  "confusion_matrix": {
    "tn": 58,
    "fp": 5,
    "fn": 7,
    "tp": 5
  },
  "confusion_matrix_normalized": {
    "tn": 0.9206349206349206,
    "fp": 0.07936507936507936,
    "fn": 0.5833333333333334,
    "tp": 0.4166666666666667
  },
  "threshold": 0.5,
  "n_samples": 75,
  "mean_probability": 0.2589597702026367
}