model,seed,accuracy,balanced_accuracy,precision,recall,f1,roc_auc,pr_auc,params,runtime_seconds
random_forest,42,0.92,0.75,1.0,0.5,0.6666666666666666,0.9212962962962963,0.8000705678337257,0,0.4724752902984619
random_forest,43,0.96,0.875,1.0,0.75,0.8571428571428571,0.9583333333333334,0.8771929824561405,0,0.4365057945251465
random_forest,44,0.9733333333333334,0.9166666666666667,1.0,0.8333333333333334,0.9090909090909091,0.9735449735449736,0.9242424242424243,0,0.4546220302581787
random_forest,45,0.9466666666666667,0.8333333333333333,1.0,0.6666666666666666,0.8,0.91005291005291,0.8331584081109699,0,0.49669432640075684
random_forest,46,0.96,0.9087301587301587,0.9090909090909091,0.8333333333333334,0.8695652173913043,0.9841269841269841,0.9464285714285715,0,0.4714787006378174
