{
  "confusion_matrix": {
    "tn": 45,
    "fp": 18,
    "fn": 12,
    "tp": 0
  },
  "confusion_matrix_normalized": {
    "tn": 0.7142857142857143,
    "fp": 0.2857142857142857,
    "fn": 1.0,
    "tp": 0.0
  }
}