{
  "accuracy": 0.6,
  "balanced_accuracy": 0.35714285714285715,
  "precision": 0.0,
  "recall": 0.0,
  "f1": 0.0,
  "roc_auc": 0.3108465608465609,
  "pr_auc": 0.12041348549468704,
  "class_distribution": {
    "0": 63,
    "1": 12
  },
  "per_class_precision_recall": {
    "class_0": {
      "precision": 0.7894736842105263,
      "recall": 0.7142857142857143
    },
    "class_1": {
      "precision": 0.0,
      "recall": 0.0
    }
  },
  "confusion_matrix": {
    "tn": 45,
    "fp": 18,
    "fn": 12,
    "tp": 0
  },
  "confusion_matrix_normalized": {
    "tn": 0.7142857142857143,
    "fp": 0.2857142857142857,
    "fn": 1.0,
    "tp": 0.0
  },
  "threshold": 0.5499999999999999,
  "n_samples": 75,
  "mean_probability": 0.4873908460140228
}