{
  "train": {
    "n": 180371,
    "pos": 94760,
    "neg": 85611,
    "pos_ratio": 0.5253616157808073,
    "neg_ratio": 0.4746383842191927
  },
  "val": {
    "n": 38651,
    "pos": 33391,
    "neg": 5260,
    "pos_ratio": 0.8639103774805309,
    "neg_ratio": 0.1360896225194691
  },
  "test": {
    "n": 38651,
    "pos": 36522,
    "neg": 2129,
    "pos_ratio": 0.9449173371969677,
    "neg_ratio": 0.05508266280303231
  }
}