metric,mean,std
f1,0.9694565516407476,0.0004569182962015135
roc_auc,0.8036741193768983,0.018890646656973653
pr_auc,0.9849620335683464,0.0020435452632242353
balanced_accuracy,0.5071076730412785,0.0018873265349650511
