{
  "precision": [
    0.16,
    0.16216216216216217,
    0.1643835616438356,
    0.16666666666666666,
    0.16901408450704225,
    0.17142857142857143,
    0.17391304347826086,
    0.17647058823529413,
    0.1791044776119403,
    0.18181818181818182,
    0.18461538461538463,
    0.1875,
    0.19047619047619047,
    0.1935483870967742,
    0.19672131147540983,
    0.2,
    0.2033898305084746,
    0.20689655172413793,
    0.21052631578947367,
    0.21428571428571427,
    0.21818181818181817,
    0.2222222222222222,
    0.22641509433962265,
    0.23076923076923078,
    0.23529411764705882,
    0.24,
    0.24489795918367346,
    0.25,
    0.2553191489361702,
    0.2608695652173913,
    0.26666666666666666,
    0.2727272727272727,
    0.27906976744186046,
    0.2619047619047619,
    0.2682926829268293,
    0.275,
    0.28205128205128205,
    0.2894736842105263,
    0.2972972972972973,
    0.3055555555555556,
    0.3142857142857143,
    0.3235294117647059,
    0.3333333333333333,
    0.34375,
    0.3225806451612903,
    0.3333333333333333,
    0.3448275862068966,
    0.35714285714285715,
    0.37037037037037035,
    0.38461538461538464,
    0.36,
    0.375,
    0.34782608695652173,
    0.36363636363636365,
    0.38095238095238093,
    0.4,
    0.3684210526315789,
    0.3888888888888889,
    0.4117647058823529,
    0.4375,
    0.4666666666666667,
    0.5,
    0.5384615384615384,
    0.5,
    0.5454545454545454,
    0.6,
    0.6666666666666666,
    0.625,
    0.5714285714285714,
    0.6666666666666666,
    0.6,
    0.75,
    0.6666666666666666,
    1.0,
    1.0,
    1.0
  ],
  "recall": [
    1.0,
    1.0,
    1.0,
    1.0,
    1.0,
    1.0,
    1.0,
    1.0,
    1.0,
    1.0,
    1.0,
    1.0,
    1.0,
    1.0,
    1.0,
    1.0,
    1.0,
    1.0,
    1.0,
    1.0,
    1.0,
    1.0,
    1.0,
    1.0,
    1.0,
    1.0,
    1.0,
    1.0,
    1.0,
    1.0,
    1.0,
    1.0,
    1.0,
    0.9166666666666666,
    0.9166666666666666,
    0.9166666666666666,
    0.9166666666666666,
    0.9166666666666666,
    0.9166666666666666,
    0.9166666666666666,
    0.9166666666666666,
    0.9166666666666666,
    0.9166666666666666,
    0.9166666666666666,
    0.8333333333333334,
    0.8333333333333334,
    0.8333333333333334,
    0.8333333333333334,
    0.8333333333333334,
    0.8333333333333334,
    0.75,
    0.75,
    0.6666666666666666,
    0.6666666666666666,
    0.6666666666666666,
    0.6666666666666666,
    0.5833333333333334,
    0.5833333333333334,
    0.5833333333333334,
    0.5833333333333334,
    0.5833333333333334,
    0.5833333333333334,
    0.5833333333333334,
    0.5,
    0.5,
    0.5,
    0.5,
    0.4166666666666667,
    0.3333333333333333,
    0.3333333333333333,
    0.25,
    0.25,
    0.16666666666666666,
    0.16666666666666666,
    0.08333333333333333,
    0.0
  ],
  "thresholds": [
    2.3987473465880704e-11,
    2.5090084523893275e-11,
    3.329454767442286e-11,
    6.423104409458702e-11,
    7.496618603664018e-11,
    1.181542919059808e-10,
    1.2389905768017684e-10,
    1.7769227755870531e-10,
    1.855611497791898e-10,
    1.94951804699528e-10,
    2.0572368808480235e-10,
    1.407424954358305e-09,
    1.5012826537486035e-09,
    1.7905393834283245e-09,
    1.874687516334461e-09,
    1.900153367984103e-09,
    2.094047379941344e-09,
    2.645377472632049e-09,
    2.6559945354165393e-09,
    2.8538176266579285e-09,
    7.143527547270878e-09,
    9.687875390795853e-09,
    9.979514103974907e-09,
    1.353417733440665e-08,
    1.7819342446045994e-08,
    1.912925462477233e-08,
    2.3911271185284022e-08,
    2.4943492604734274e-08,
    2.5760478195024916e-08,
    3.125489556055072e-08,
    3.649435953434477e-08,
    6.598462931606264e-08,
    1.0105303260843357e-07,
    1.9253184291301295e-07,
    1.9548284058146237e-07,
    2.77444740959254e-07,
    2.992551912939234e-07,
    4.383317673273268e-07,
    6.717871201544767e-07,
    7.048539032439294e-07,
    1.037127503877855e-06,
    1.5494997569476254e-06,
    1.616585564079287e-06,
    2.4192288492486114e-06,
    3.398793069209205e-06,
    3.747198434211896e-06,
    4.072388492204482e-06,
    4.212596650177147e-06,
    4.36379150414723e-06,
    6.096162906032987e-06,
    7.066481430229032e-06,
    1.4931730220268946e-05,
    1.5030151189421304e-05,
    1.5190100384643301e-05,
    2.483619209669996e-05,
    2.701723133213818e-05,
    2.8768285119440407e-05,
    3.0229357435018755e-05,
    3.479368388070725e-05,
    7.30380488676019e-05,
    0.00010349662625230849,
    0.00019816965505015105,
    0.00029818550683557987,
    0.0004300029540900141,
    0.0007129638688638806,
    0.0007702704169787467,
    0.0011349590495228767,
    0.01761123538017273,
    0.03234826400876045,
    0.0936318188905716,
    0.12221712619066238,
    0.4995628893375397,
    0.6683527231216431,
    0.9552628397941589,
    0.9594765901565552
  ]
}