{
  "y_true": [
    0,
    0,
    0,
    0,
    0,
    0,
    0,
    0,
    0,
    0,
    0,
    0,
    0,
    0,
    0,
    0,
    0,
    0,
    0,
    0,
    0,
    0,
    0,
    0,
    0,
    0,
    0,
    0,
    0,
    0,
    0,
    0,
    0,
    0,
    0,
    0,
    0,
    0,
    0,
    0,
    0,
    0,
    0,
    0,
    0,
    0,
    0,
    0,
    0,
    0,
    0,
    0,
    0,
    0,
    0,
    0,
    0,
    0,
    0,
    0,
    0,
    0,
    0,
    1,
    1,
    1,
    1,
    1,
    1,
    1,
    1,
    1,
    1,
    1,
    1
  ],
  "y_pred": [
    0,
    0,
    0,
    0,
    0,
    0,
    0,
    0,
    0,
    0,
    0,
    0,
    0,
    0,
    0,
    0,
    0,
    0,
    0,
    0,
    0,
    0,
    0,
    0,
    0,
    0,
    0,
    0,
    0,
    0,
    0,
    0,
    0,
    0,
    0,
    1,
    0,
    0,
    0,
    0,
    0,
    0,
    0,
    0,
    0,
    0,
    0,
    0,
    0,
    0,
    0,
    0,
    0,
    0,
    0,
    0,
    0,
    0,
    0,
    0,
    0,
    0,
    0,
    1,
    0,
    0,
    0,
    1,
    0,
    0,
    0,
    0,
    0,
    0,
    0
  ],
  "y_prob": [
    3.747198434211896e-06,
    0.0004300029540900141,
    1.5030151189421304e-05,
    0.0007129638688638806,
    0.0007702704169787467,
    3.398793069209205e-06,
    3.329454767442286e-11,
    2.8768285119440407e-05,
    0.00019816965505015105,
    3.479368388070725e-05,
    2.483619209669996e-05,
    1.353417733440665e-08,
    2.3987473465880704e-11,
    1.5494997569476254e-06,
    2.77444740959254e-07,
    1.037127503877855e-06,
    1.407424954358305e-09,
    0.12221712619066238,
    2.6559945354165393e-09,
    1.874687516334461e-09,
    1.912925462477233e-08,
    1.9253184291301295e-07,
    4.072388492204482e-06,
    6.717871201544767e-07,
    2.0572368808480235e-10,
    1.5012826537486035e-09,
    9.687875390795853e-09,
    2.4943492604734274e-08,
    1.7819342446045994e-08,
    1.2389905768017684e-10,
    1.855611497791898e-10,
    2.094047379941344e-09,
    7.496618603664018e-11,
    7.30380488676019e-05,
    2.3911271185284022e-08,
    0.6683527231216431,
    0.00010349662625230849,
    1.7905393834283245e-09,
    3.0229357435018755e-05,
    2.992551912939234e-07,
    7.066481430229032e-06,
    3.649435953434477e-08,
    3.125489556055072e-08,
    0.03234826400876045,
    1.900153367984103e-09,
    1.94951804699528e-10,
    4.383317673273268e-07,
    1.181542919059808e-10,
    4.36379150414723e-06,
    2.5760478195024916e-08,
    1.5190100384643301e-05,
    1.7769227755870531e-10,
    6.423104409458702e-11,
    9.979514103974907e-09,
    2.8538176266579285e-09,
    2.5090084523893275e-11,
    4.212596650177147e-06,
    6.598462931606264e-08,
    1.616585564079287e-06,
    2.645377472632049e-09,
    1.9548284058146237e-07,
    7.143527547270878e-09,
    7.048539032439294e-07,
    0.9594765901565552,
    0.01761123538017273,
    0.4995628893375397,
    0.00029818550683557987,
    0.9552628397941589,
    2.4192288492486114e-06,
    1.0105303260843357e-07,
    2.701723133213818e-05,
    1.4931730220268946e-05,
    6.096162906032987e-06,
    0.0936318188905716,
    0.0011349590495228767
  ]
}