{
  "confusion_matrix": {
    "tn": 61,
    "fp": 2,
    "fn": 7,
    "tp": 5
  },
  "confusion_matrix_normalized": {
    "tn": 0.9682539682539683,
    "fp": 0.031746031746031744,
    "fn": 0.5833333333333334,
    "tp": 0.4166666666666667
  }
}