{
  "metadata": {
    "approach": "Threshold sweep on validation set, applied to test set",
    "note": "Prevents data leakage: threshold and temperature selected on validation ONLY"
  },
  "data_hardening": {
    "n_original": 349,
    "n_augmented": 377,
    "class_counts_before": {
      "0": 297,
      "1": 52
    },
    "class_counts_after": {
      "0": 319,
      "1": 58
    },
    "label_flip_count": 10,
    "hard_sample_duplicates": 28,
    "gaussian_noise_sigma_frac": 0.1,
    "overlap_alpha_range": [
      0.6,
      0.9
    ],
    "feature_dropout_rate": 0.08
  },
  "best_validation": {
    "epoch": 10,
    "loss": 0.9862904677519927,
    "accuracy": 0.5675675675675675,
    "precision": 0.4999999997222222,
    "recall": 0.8181818174380164,
    "f1": 0.6206896500356718,
    "recall_weighted_f1": 0.7227272721232781,
    "ece": 0.31570909947559644,
    "brier": 0.21054795384407043
  },
  "test": {
    "threshold_used": 0.7000000000000001,
    "loss": 0.6151094041861497,
    "accuracy": 0.9090909090909091,
    "precision": 0.6666666662222221,
    "recall": 0.8333333326388889,
    "f1": 0.7407407352537724,
    "roc_auc": 0.9205128205128205,
    "pr_auc": 0.8682451061483322,
    "ece": 0.26916380255640326,
    "brier": 0.14553095400333405
  },
  "test_diagnostics": {
    "fraction_predicted_positive": 0.19480519480519481,
    "fraction_predicted_negative": 0.8051948051948052,
    "tp": 10,
    "tn": 60,
    "fp": 5,
    "fn": 2
  },
  "calibration": {
    "temperature": 1.5,
    "selection_source": "uncalibrated_validation_selection",
    "ece_bins": 10
  }
}