{
  "metadata": {
    "approach": "Threshold sweep on validation set, applied to test set",
    "note": "Prevents data leakage: threshold and temperature selected on validation ONLY"
  },
  "data_hardening": {
    "n_original": 349,
    "n_augmented": 377,
    "class_counts_before": {
      "0": 297,
      "1": 52
    },
    "class_counts_after": {
      "0": 319,
      "1": 58
    },
    "label_flip_count": 10,
    "hard_sample_duplicates": 28,
    "gaussian_noise_sigma_frac": 0.1,
    "overlap_alpha_range": [
      0.6,
      0.9
    ],
    "feature_dropout_rate": 0.08
  },
  "best_validation": {
    "epoch": 1,
    "loss": 0.9679049575651014,
    "accuracy": 0.21621621621621623,
    "precision": 0.9999999987499999,
    "recall": 0.7272727266115702,
    "f1": 0.8421052573961219,
    "adjusted_f1": 0.8353052573961218,
    "fallback_score": 0.8984631539376731,
    "ece": 0.4508503806349393,
    "brier": 0.2792803943157196
  },
  "test": {
    "threshold_used": 0.5000000000000001,
    "loss": 0.8669745744048775,
    "accuracy": 0.935064935064935,
    "precision": 0.9999999985714286,
    "recall": 0.5833333328472222,
    "f1": 0.7368420998337951,
    "roc_auc": 0.9192307692307692,
    "pr_auc": 0.8339191510244143,
    "ece": 0.0635073094979509,
    "brier": 0.0571381151676178
  },
  "test_diagnostics": {
    "fraction_predicted_positive": 0.09090909090909091,
    "fraction_predicted_negative": 0.9090909090909091,
    "tp": 7,
    "tn": 65,
    "fp": 0,
    "fn": 5
  },
  "calibration": {
    "temperature": 1.5,
    "selection_source": "validation_3fold_platt",
    "ece_bins": 10
  }
}