{
  "confusion_matrix": {
    "tn": 57,
    "fp": 6,
    "fn": 5,
    "tp": 7
  },
  "confusion_matrix_normalized": {
    "tn": 0.9047619047619048,
    "fp": 0.09523809523809523,
    "fn": 0.4166666666666667,
    "tp": 0.5833333333333334
  }
}