{
  "accuracy": 0.8533333333333334,
  "balanced_accuracy": 0.7440476190476191,
  "precision": 0.5384615384615384,
  "recall": 0.5833333333333334,
  "f1": 0.5599999999999999,
  "roc_auc": 0.9219576719576721,
  "pr_auc": 0.7814747709291054,
  "class_distribution": {
    "0": 63,
    "1": 12
  },
  "per_class_precision_recall": {
    "class_0": {
      "precision": 0.9193548387096774,
      "recall": 0.9047619047619048
    },
    "class_1": {
      "precision": 0.5384615384615384,
      "recall": 0.5833333333333334
    }
  },
  "confusion_matrix": {
    "tn": 57,
    "fp": 6,
    "fn": 5,
    "tp": 7
  },
  "confusion_matrix_normalized": {
    "tn": 0.9047619047619048,
    "fp": 0.09523809523809523,
    "fn": 0.4166666666666667,
    "tp": 0.5833333333333334
  },
  "threshold": 0.5,
  "n_samples": 75,
  "mean_probability": 0.20085741579532623
}