{
  "precision": [
    0.16,
    0.16216216216216217,
    0.1643835616438356,
    0.16666666666666666,
    0.16901408450704225,
    0.17142857142857143,
    0.17391304347826086,
    0.17647058823529413,
    0.1791044776119403,
    0.18181818181818182,
    0.18461538461538463,
    0.1875,
    0.19047619047619047,
    0.1935483870967742,
    0.19672131147540983,
    0.2,
    0.2033898305084746,
    0.20689655172413793,
    0.21052631578947367,
    0.21428571428571427,
    0.21818181818181817,
    0.2222222222222222,
    0.22641509433962265,
    0.23076923076923078,
    0.23529411764705882,
    0.24,
    0.24489795918367346,
    0.25,
    0.2553191489361702,
    0.2608695652173913,
    0.26666666666666666,
    0.2727272727272727,
    0.27906976744186046,
    0.2857142857142857,
    0.2926829268292683,
    0.3,
    0.3076923076923077,
    0.3157894736842105,
    0.32432432432432434,
    0.3333333333333333,
    0.34285714285714286,
    0.35294117647058826,
    0.36363636363636365,
    0.375,
    0.3870967741935484,
    0.4,
    0.41379310344827586,
    0.42857142857142855,
    0.4444444444444444,
    0.46153846153846156,
    0.48,
    0.5,
    0.4782608695652174,
    0.5,
    0.5238095238095238,
    0.5,
    0.5263157894736842,
    0.5555555555555556,
    0.5882352941176471,
    0.625,
    0.6666666666666666,
    0.7142857142857143,
    0.7692307692307693,
    0.8333333333333334,
    0.9090909090909091,
    0.9,
    0.8888888888888888,
    0.875,
    1.0,
    1.0,
    1.0,
    1.0,
    1.0,
    1.0,
    1.0,
    1.0
  ],
  "recall": [
    1.0,
    1.0,
    1.0,
    1.0,
    1.0,
    1.0,
    1.0,
    1.0,
    1.0,
    1.0,
    1.0,
    1.0,
    1.0,
    1.0,
    1.0,
    1.0,
    1.0,
    1.0,
    1.0,
    1.0,
    1.0,
    1.0,
    1.0,
    1.0,
    1.0,
    1.0,
    1.0,
    1.0,
    1.0,
    1.0,
    1.0,
    1.0,
    1.0,
    1.0,
    1.0,
    1.0,
    1.0,
    1.0,
    1.0,
    1.0,
    1.0,
    1.0,
    1.0,
    1.0,
    1.0,
    1.0,
    1.0,
    1.0,
    1.0,
    1.0,
    1.0,
    1.0,
    0.9166666666666666,
    0.9166666666666666,
    0.9166666666666666,
    0.8333333333333334,
    0.8333333333333334,
    0.8333333333333334,
    0.8333333333333334,
    0.8333333333333334,
    0.8333333333333334,
    0.8333333333333334,
    0.8333333333333334,
    0.8333333333333334,
    0.8333333333333334,
    0.75,
    0.6666666666666666,
    0.5833333333333334,
    0.5833333333333334,
    0.5,
    0.4166666666666667,
    0.3333333333333333,
    0.25,
    0.16666666666666666,
    0.08333333333333333,
    0.0
  ],
  "thresholds": [
    0.003025942714884877,
    0.003963741939514875,
    0.004519436042755842,
    0.0066313836723566055,
    0.00768426526337862,
    0.00808373000472784,
    0.008142638951539993,
    0.008484188467264175,
    0.008963117375969887,
    0.010174141265451908,
    0.011490880511701107,
    0.011847436428070068,
    0.013154426589608192,
    0.013755685649812222,
    0.015039336867630482,
    0.01540928054600954,
    0.015433606691658497,
    0.015621445141732693,
    0.016497982665896416,
    0.016515810042619705,
    0.017700033262372017,
    0.01887492835521698,
    0.02040267176926136,
    0.021405071020126343,
    0.022440137341618538,
    0.023752424865961075,
    0.024523800238966942,
    0.025944756343960762,
    0.026732653379440308,
    0.027678582817316055,
    0.028108716011047363,
    0.02823593094944954,
    0.0305732823908329,
    0.0308845154941082,
    0.03854848071932793,
    0.04012450575828552,
    0.04210994765162468,
    0.04486655443906784,
    0.04538831114768982,
    0.04632886126637459,
    0.05028606951236725,
    0.052851054817438126,
    0.05441628396511078,
    0.05719875916838646,
    0.059433676302433014,
    0.06104908883571625,
    0.061607085168361664,
    0.06726311147212982,
    0.0679038017988205,
    0.08120429515838623,
    0.09101130068302155,
    0.09730461239814758,
    0.10393223911523819,
    0.13956531882286072,
    0.1449556052684784,
    0.15800803899765015,
    0.17134708166122437,
    0.2043936550617218,
    0.21102768182754517,
    0.22705359756946564,
    0.2541208863258362,
    0.2725171148777008,
    0.2847379446029663,
    0.30708977580070496,
    0.37236079573631287,
    0.5262051224708557,
    0.6553958654403687,
    0.7352442741394043,
    0.8961570262908936,
    0.9629957675933838,
    0.9844269156455994,
    0.9870310425758362,
    0.9924393892288208,
    0.9984246492385864,
    0.9990580677986145
  ]
}