{
  "y_true": [
    0,
    0,
    0,
    0,
    0,
    0,
    0,
    0,
    0,
    0,
    0,
    0,
    0,
    0,
    0,
    0,
    0,
    0,
    0,
    0,
    0,
    0,
    0,
    0,
    0,
    0,
    0,
    0,
    0,
    0,
    0,
    0,
    0,
    0,
    0,
    0,
    0,
    0,
    0,
    0,
    0,
    0,
    0,
    0,
    0,
    0,
    0,
    0,
    0,
    0,
    0,
    0,
    0,
    0,
    0,
    0,
    0,
    0,
    0,
    0,
    0,
    0,
    0,
    1,
    1,
    1,
    1,
    1,
    1,
    1,
    1,
    1,
    1,
    1,
    1
  ],
  "y_pred": [
    0,
    0,
    0,
    0,
    1,
    0,
    0,
    0,
    0,
    0,
    0,
    0,
    0,
    0,
    0,
    0,
    0,
    0,
    0,
    0,
    0,
    0,
    0,
    0,
    0,
    0,
    0,
    0,
    0,
    0,
    0,
    0,
    0,
    0,
    0,
    0,
    0,
    0,
    0,
    0,
    0,
    0,
    0,
    0,
    0,
    0,
    0,
    0,
    0,
    0,
    0,
    0,
    0,
    0,
    0,
    0,
    0,
    0,
    0,
    0,
    0,
    0,
    0,
    1,
    1,
    1,
    1,
    1,
    0,
    0,
    0,
    1,
    0,
    1,
    1
  ],
  "y_prob": [
    0.04486655443906784,
    0.0305732823908329,
    0.2541208863258362,
    0.21102768182754517,
    0.7352442741394043,
    0.02040267176926136,
    0.00808373000472784,
    0.0679038017988205,
    0.09101130068302155,
    0.05719875916838646,
    0.025944756343960762,
    0.0308845154941082,
    0.01540928054600954,
    0.010174141265451908,
    0.017700033262372017,
    0.016515810042619705,
    0.05441628396511078,
    0.30708977580070496,
    0.052851054817438126,
    0.01887492835521698,
    0.028108716011047363,
    0.016497982665896416,
    0.08120429515838623,
    0.011847436428070068,
    0.015039336867630482,
    0.021405071020126343,
    0.013154426589608192,
    0.061607085168361664,
    0.022440137341618538,
    0.015621445141732693,
    0.004519436042755842,
    0.015433606691658497,
    0.023752424865961075,
    0.22705359756946564,
    0.10393223911523819,
    0.15800803899765015,
    0.027678582817316055,
    0.2847379446029663,
    0.04538831114768982,
    0.04632886126637459,
    0.04210994765162468,
    0.059433676302433014,
    0.026732653379440308,
    0.17134708166122437,
    0.024523800238966942,
    0.04012450575828552,
    0.06104908883571625,
    0.0066313836723566055,
    0.02823593094944954,
    0.011490880511701107,
    0.2043936550617218,
    0.003963741939514875,
    0.008963117375969887,
    0.03854848071932793,
    0.003025942714884877,
    0.008142638951539993,
    0.2725171148777008,
    0.06726311147212982,
    0.05028606951236725,
    0.008484188467264175,
    0.013755685649812222,
    0.00768426526337862,
    0.13956531882286072,
    0.9990580677986145,
    0.8961570262908936,
    0.9870310425758362,
    0.9924393892288208,
    0.9984246492385864,
    0.5262051224708557,
    0.1449556052684784,
    0.37236079573631287,
    0.6553958654403687,
    0.09730461239814758,
    0.9629957675933838,
    0.9844269156455994
  ]
}