model,seed,accuracy,balanced_accuracy,precision,recall,f1,roc_auc,pr_auc,params,runtime_seconds
majority,42,0.84,0.5,0.0,0.0,0.0,0.5,0.16,0,0.025348186492919922
majority,43,0.84,0.5,0.0,0.0,0.0,0.5,0.16,0,0.025633811950683594
majority,44,0.84,0.5,0.0,0.0,0.0,0.5,0.16,0,0.030275821685791016
majority,45,0.84,0.5,0.0,0.0,0.0,0.5,0.16,0,0.018659353256225586
majority,46,0.84,0.5,0.0,0.0,0.0,0.5,0.16,0,0.02315974235534668
