{
  "accuracy": 0.92,
  "balanced_accuracy": 0.7837301587301587,
  "precision": 0.875,
  "recall": 0.5833333333333334,
  "f1": 0.7000000000000001,
  "roc_auc": 0.9285714285714285,
  "pr_auc": 0.8045100732600734,
  "class_distribution": {
    "0": 63,
    "1": 12
  },
  "per_class_precision_recall": {
    "class_0": {
      "precision": 0.9253731343283582,
      "recall": 0.9841269841269841
    },
    "class_1": {
      "precision": 0.875,
      "recall": 0.5833333333333334
    }
  },
  "confusion_matrix": {
    "tn": 62,
    "fp": 1,
    "fn": 5,
    "tp": 7
  },
  "confusion_matrix_normalized": {
    "tn": 0.9841269841269841,
    "fp": 0.015873015873015872,
    "fn": 0.4166666666666667,
    "tp": 0.5833333333333334
  },
  "threshold": 0.5,
  "n_samples": 75,
  "mean_probability": 0.11954795569181442,
  "pr_curve": {
    "precision": [
      0.16,
      0.16216216216216217,
      0.1643835616438356,
      0.16666666666666666,
      0.16901408450704225,
      0.17142857142857143,
      0.17391304347826086,
      0.17647058823529413,
      0.1791044776119403,
      0.18181818181818182,
      0.18461538461538463,
      0.1875,
      0.19047619047619047,
      0.1935483870967742,
      0.19672131147540983,
      0.2,
      0.2033898305084746,
      0.20689655172413793,
      0.21052631578947367,
      0.21428571428571427,
      0.21818181818181817,
      0.2222222222222222,
      0.22641509433962265,
      0.23076923076923078,
      0.23529411764705882,
      0.24,
      0.24489795918367346,
      0.25,
      0.2553191489361702,
      0.2608695652173913,
      0.26666666666666666,
      0.2727272727272727,
      0.27906976744186046,
      0.2857142857142857,
      0.2926829268292683,
      0.3,
      0.3076923076923077,
      0.2894736842105263,
      0.2972972972972973,
      0.3055555555555556,
      0.3142857142857143,
      0.3235294117647059,
      0.3333333333333333,
      0.34375,
      0.3548387096774194,
      0.36666666666666664,
      0.3793103448275862,
      0.39285714285714285,
      0.4074074074074074,
      0.4230769230769231,
      0.44,
      0.4583333333333333,
      0.4782608695652174,
      0.5,
      0.5238095238095238,
      0.55,
      0.5263157894736842,
      0.5555555555555556,
      0.5882352941176471,
      0.625,
      0.6,
      0.5714285714285714,
      0.5384615384615384,
      0.5833333333333334,
      0.6363636363636364,
      0.7,
      0.7777777777777778,
      0.875,
      1.0,
      1.0,
      1.0,
      1.0,
      1.0,
      1.0,
      1.0,
      1.0
    ],
    "recall": [
      1.0,
      1.0,
      1.0,
      1.0,
      1.0,
      1.0,
      1.0,
      1.0,
      1.0,
      1.0,
      1.0,
      1.0,
      1.0,
      1.0,
      1.0,
      1.0,
      1.0,
      1.0,
      1.0,
      1.0,
      1.0,
      1.0,
      1.0,
      1.0,
      1.0,
      1.0,
      1.0,
      1.0,
      1.0,
      1.0,
      1.0,
      1.0,
      1.0,
      1.0,
      1.0,
      1.0,
      1.0,
      0.9166666666666666,
      0.9166666666666666,
      0.9166666666666666,
      0.9166666666666666,
      0.9166666666666666,
      0.9166666666666666,
      0.9166666666666666,
      0.9166666666666666,
      0.9166666666666666,
      0.9166666666666666,
      0.9166666666666666,
      0.9166666666666666,
      0.9166666666666666,
      0.9166666666666666,
      0.9166666666666666,
      0.9166666666666666,
      0.9166666666666666,
      0.9166666666666666,
      0.9166666666666666,
      0.8333333333333334,
      0.8333333333333334,
      0.8333333333333334,
      0.8333333333333334,
      0.75,
      0.6666666666666666,
      0.5833333333333334,
      0.5833333333333334,
      0.5833333333333334,
      0.5833333333333334,
      0.5833333333333334,
      0.5833333333333334,
      0.5833333333333334,
      0.5,
      0.4166666666666667,
      0.3333333333333333,
      0.25,
      0.16666666666666666,
      0.08333333333333333,
      0.0
    ],
    "thresholds": [
      5.385988515627105e-06,
      6.1777768678439315e-06,
      7.775526682962663e-06,
      1.0655701771611348e-05,
      1.1569524758670013e-05,
      1.3209048120188527e-05,
      1.6662937923683785e-05,
      1.7916536307893693e-05,
      2.005286114581395e-05,
      2.709637010411825e-05,
      3.2045645639300346e-05,
      5.7854598708217964e-05,
      7.072952575981617e-05,
      8.847840945236385e-05,
      9.431006037630141e-05,
      0.00013166027201805264,
      0.00016186697757802904,
      0.0001932411832967773,
      0.0001936286862473935,
      0.00020523318380583078,
      0.00020906560530420393,
      0.00021361974359024316,
      0.00024167573428712785,
      0.0002676879521459341,
      0.0003053497930523008,
      0.00032141906558535993,
      0.00033043173607438803,
      0.0003987764357589185,
      0.00041489076102152467,
      0.0004531487647909671,
      0.0005628778017126024,
      0.0005755788879469037,
      0.0006551856640726328,
      0.0007038322510197759,
      0.0007436458254233003,
      0.0007565236883237958,
      0.001028098282404244,
      0.0013322999002411962,
      0.001560091390274465,
      0.0018147927476093173,
      0.0018252835143357515,
      0.002342723309993744,
      0.0025393760297447443,
      0.002589138923212886,
      0.002686325227841735,
      0.0037252395413815975,
      0.0037823228631168604,
      0.007209866773337126,
      0.008193728514015675,
      0.008505253121256828,
      0.011195521801710129,
      0.011477076448500156,
      0.012663750909268856,
      0.012964051216840744,
      0.015172366984188557,
      0.016552509739995003,
      0.03279610723257065,
      0.0477924682199955,
      0.0500611811876297,
      0.07375819236040115,
      0.08441966027021408,
      0.12958379089832306,
      0.14079856872558594,
      0.1417258381843567,
      0.19806748628616333,
      0.4175749123096466,
      0.47829490900039673,
      0.5746894478797913,
      0.8043643236160278,
      0.8055070042610168,
      0.8693444728851318,
      0.9864563941955566,
      0.9936341047286987,
      0.9997643828392029,
      0.9997841715812683
    ]
  }
}