{
  "y_true": [
    0,
    0,
    0,
    0,
    0,
    0,
    0,
    0,
    0,
    0,
    0,
    0,
    0,
    0,
    0,
    0,
    0,
    0,
    0,
    0,
    0,
    0,
    0,
    0,
    0,
    0,
    0,
    0,
    0,
    0,
    0,
    0,
    0,
    0,
    0,
    0,
    0,
    0,
    0,
    0,
    0,
    0,
    0,
    0,
    0,
    0,
    0,
    0,
    0,
    0,
    0,
    0,
    0,
    0,
    0,
    0,
    0,
    0,
    0,
    0,
    0,
    0,
    0,
    1,
    1,
    1,
    1,
    1,
    1,
    1,
    1,
    1,
    1,
    1,
    1
  ],
  "y_pred": [
    0,
    0,
    0,
    0,
    0,
    0,
    0,
    0,
    0,
    0,
    0,
    0,
    0,
    0,
    0,
    0,
    0,
    0,
    0,
    0,
    0,
    0,
    0,
    0,
    0,
    0,
    0,
    0,
    0,
    0,
    0,
    0,
    0,
    0,
    0,
    1,
    0,
    0,
    0,
    0,
    0,
    0,
    0,
    0,
    0,
    0,
    0,
    0,
    0,
    0,
    0,
    0,
    0,
    0,
    0,
    0,
    0,
    0,
    0,
    0,
    0,
    0,
    0,
    1,
    1,
    1,
    1,
    1,
    0,
    0,
    0,
    0,
    0,
    1,
    1
  ],
  "y_prob": [
    0.0477924682199955,
    0.011477076448500156,
    0.0500611811876297,
    0.19806748628616333,
    0.14079856872558594,
    0.00041489076102152467,
    6.1777768678439315e-06,
    0.0037823228631168604,
    0.015172366984188557,
    0.008193728514015675,
    0.0037252395413815975,
    0.00020523318380583078,
    5.385988515627105e-06,
    0.0007436458254233003,
    0.0005628778017126024,
    0.0006551856640726328,
    0.00021361974359024316,
    0.47829490900039673,
    0.00033043173607438803,
    0.0004531487647909671,
    0.0003987764357589185,
    0.00013166027201805264,
    0.012964051216840744,
    0.0005755788879469037,
    2.709637010411825e-05,
    0.00032141906558535993,
    0.00024167573428712785,
    0.0007038322510197759,
    0.00020906560530420393,
    5.7854598708217964e-05,
    7.775526682962663e-06,
    0.0001936286862473935,
    1.1569524758670013e-05,
    0.1417258381843567,
    0.0025393760297447443,
    0.5746894478797913,
    0.012663750909268856,
    0.002686325227841735,
    0.007209866773337126,
    0.001560091390274465,
    0.008505253121256828,
    0.0018252835143357515,
    0.00016186697757802904,
    0.4175749123096466,
    8.847840945236385e-05,
    9.431006037630141e-05,
    0.0003053497930523008,
    1.0655701771611348e-05,
    0.002342723309993744,
    0.0001932411832967773,
    0.03279610723257065,
    1.6662937923683785e-05,
    1.7916536307893693e-05,
    0.0002676879521459341,
    2.005286114581395e-05,
    1.3209048120188527e-05,
    0.011195521801710129,
    0.002589138923212886,
    0.0013322999002411962,
    7.072952575981617e-05,
    0.0007565236883237958,
    3.2045645639300346e-05,
    0.0018147927476093173,
    0.9997643828392029,
    0.8055070042610168,
    0.9936341047286987,
    0.9864563941955566,
    0.9997841715812683,
    0.08441966027021408,
    0.001028098282404244,
    0.07375819236040115,
    0.12958379089832306,
    0.016552509739995003,
    0.8043643236160278,
    0.8693444728851318
  ]
}