{
  "accuracy": 0.92,
  "balanced_accuracy": 0.75,
  "precision": 1.0,
  "recall": 0.5,
  "f1": 0.6666666666666666,
  "roc_auc": 0.8994708994708994,
  "pr_auc": 0.8482142857142857,
  "class_distribution": {
    "0": 63,
    "1": 12
  },
  "per_class_precision_recall": {
    "class_0": {
      "precision": 0.9130434782608695,
      "recall": 1.0
    },
    "class_1": {
      "precision": 1.0,
      "recall": 0.5
    }
  },
  "confusion_matrix": {
    "tn": 63,
    "fp": 0,
    "fn": 6,
    "tp": 6
  },
  "confusion_matrix_normalized": {
    "tn": 1.0,
    "fp": 0.0,
    "fn": 0.5,
    "tp": 0.5
  },
  "threshold": 0.35,
  "n_samples": 75,
  "mean_probability": 0.1085333377122879
}