{
  "confusion_matrix": {
    "tn": 47,
    "fp": 16,
    "fn": 4,
    "tp": 8
  },
  "confusion_matrix_normalized": {
    "tn": 0.746031746031746,
    "fp": 0.25396825396825395,
    "fn": 0.3333333333333333,
    "tp": 0.6666666666666666
  }
}