{
  "confusion_matrix": {
    "tn": 60,
    "fp": 3,
    "fn": 3,
    "tp": 9
  },
  "confusion_matrix_normalized": {
    "tn": 0.9523809523809523,
    "fp": 0.047619047619047616,
    "fn": 0.25,
    "tp": 0.75
  }
}