{
  "confusion_matrix": {
    "tn": 58,
    "fp": 5,
    "fn": 2,
    "tp": 10
  },
  "confusion_matrix_normalized": {
    "tn": 0.9206349206349206,
    "fp": 0.07936507936507936,
    "fn": 0.16666666666666666,
    "tp": 0.8333333333333334
  }
}