{
  "accuracy": 0.9066666666666666,
  "balanced_accuracy": 0.876984126984127,
  "precision": 0.6666666666666666,
  "recall": 0.8333333333333334,
  "f1": 0.7407407407407408,
  "roc_auc": 0.9656084656084656,
  "pr_auc": 0.9185049019607844,
  "class_distribution": {
    "0": 63,
    "1": 12
  },
  "per_class_precision_recall": {
    "class_0": {
      "precision": 0.9666666666666667,
      "recall": 0.9206349206349206
    },
    "class_1": {
      "precision": 0.6666666666666666,
      "recall": 0.8333333333333334
    }
  },
  "confusion_matrix": {
    "tn": 58,
    "fp": 5,
    "fn": 2,
    "tp": 10
  },
  "confusion_matrix_normalized": {
    "tn": 0.9206349206349206,
    "fp": 0.07936507936507936,
    "fn": 0.16666666666666666,
    "tp": 0.8333333333333334
  },
  "threshold": 0.35,
  "n_samples": 75,
  "mean_probability": 0.24391603469848633
}