{
  "confusion_matrix": {
    "tn": 59,
    "fp": 4,
    "fn": 6,
    "tp": 6
  },
  "confusion_matrix_normalized": {
    "tn": 0.9365079365079365,
    "fp": 0.06349206349206349,
    "fn": 0.5,
    "tp": 0.5
  }
}