{
  "accuracy": 0.8666666666666667,
  "balanced_accuracy": 0.7182539682539683,
  "precision": 0.6,
  "recall": 0.5,
  "f1": 0.5454545454545454,
  "roc_auc": 0.8650793650793651,
  "pr_auc": 0.6427068302068303,
  "class_distribution": {
    "0": 63,
    "1": 12
  },
  "per_class_precision_recall": {
    "class_0": {
      "precision": 0.9076923076923077,
      "recall": 0.9365079365079365
    },
    "class_1": {
      "precision": 0.6,
      "recall": 0.5
    }
  },
  "confusion_matrix": {
    "tn": 59,
    "fp": 4,
    "fn": 6,
    "tp": 6
  },
  "confusion_matrix_normalized": {
    "tn": 0.9365079365079365,
    "fp": 0.06349206349206349,
    "fn": 0.5,
    "tp": 0.5
  },
  "threshold": 0.5,
  "n_samples": 75,
  "mean_probability": 0.167438805103302
}