{
  "accuracy": 0.92,
  "balanced_accuracy": 0.7837301587301587,
  "precision": 0.875,
  "recall": 0.5833333333333334,
  "f1": 0.7000000000000001,
  "roc_auc": 0.9193121693121693,
  "pr_auc": 0.8250291375291376,
  "class_distribution": {
    "0": 63,
    "1": 12
  },
  "per_class_precision_recall": {
    "class_0": {
      "precision": 0.9253731343283582,
      "recall": 0.9841269841269841
    },
    "class_1": {
      "precision": 0.875,
      "recall": 0.5833333333333334
    }
  },
  "confusion_matrix": {
    "tn": 62,
    "fp": 1,
    "fn": 5,
    "tp": 7
  },
  "confusion_matrix_normalized": {
    "tn": 0.9841269841269841,
    "fp": 0.015873015873015872,
    "fn": 0.4166666666666667,
    "tp": 0.5833333333333334
  },
  "threshold": 0.3,
  "n_samples": 75,
  "mean_probability": 0.11100000888109207,
  "pr_curve": {
    "precision": [
      0.16,
      0.17391304347826086,
      0.2033898305084746,
      0.20689655172413793,
      0.23076923076923078,
      0.24444444444444444,
      0.275,
      0.28205128205128205,
      0.3142857142857143,
      0.3333333333333333,
      0.34375,
      0.36666666666666664,
      0.3793103448275862,
      0.39285714285714285,
      0.4074074074074074,
      0.4230769230769231,
      0.4,
      0.4166666666666667,
      0.43478260869565216,
      0.45454545454545453,
      0.47619047619047616,
      0.5,
      0.5555555555555556,
      0.5882352941176471,
      0.625,
      0.7142857142857143,
      0.7692307692307693,
      0.75,
      0.7272727272727273,
      0.7,
      0.7777777777777778,
      0.875,
      1.0,
      1.0,
      1.0,
      1.0,
      1.0,
      1.0,
      1.0,
      1.0
    ],
    "recall": [
      1.0,
      1.0,
      1.0,
      1.0,
      1.0,
      0.9166666666666666,
      0.9166666666666666,
      0.9166666666666666,
      0.9166666666666666,
      0.9166666666666666,
      0.9166666666666666,
      0.9166666666666666,
      0.9166666666666666,
      0.9166666666666666,
      0.9166666666666666,
      0.9166666666666666,
      0.8333333333333334,
      0.8333333333333334,
      0.8333333333333334,
      0.8333333333333334,
      0.8333333333333334,
      0.8333333333333334,
      0.8333333333333334,
      0.8333333333333334,
      0.8333333333333334,
      0.8333333333333334,
      0.8333333333333334,
      0.75,
      0.6666666666666666,
      0.5833333333333334,
      0.5833333333333334,
      0.5833333333333334,
      0.5833333333333334,
      0.5,
      0.4166666666666667,
      0.3333333333333333,
      0.25,
      0.16666666666666666,
      0.08333333333333333,
      0.0
    ],
    "thresholds": [
      0.0,
      0.004999999888241291,
      0.009999999776482582,
      0.014999999664723873,
      0.019999999552965164,
      0.02500000037252903,
      0.029999999329447746,
      0.03500000014901161,
      0.03999999910593033,
      0.04500000178813934,
      0.05000000074505806,
      0.05999999865889549,
      0.07500000298023224,
      0.08500000089406967,
      0.0949999988079071,
      0.10499999672174454,
      0.125,
      0.13500000536441803,
      0.14499999582767487,
      0.15000000596046448,
      0.1550000011920929,
      0.16500000655651093,
      0.1850000023841858,
      0.19499999284744263,
      0.20000000298023224,
      0.20999999344348907,
      0.22499999403953552,
      0.23000000417232513,
      0.23499999940395355,
      0.23999999463558197,
      0.25999999046325684,
      0.32499998807907104,
      0.33500000834465027,
      0.3499999940395355,
      0.38499999046325684,
      0.4950000047683716,
      0.550000011920929,
      0.5699999928474426,
      0.8650000095367432
    ]
  }
}