{
  "precision": [
    0.16,
    0.16216216216216217,
    0.1643835616438356,
    0.16666666666666666,
    0.16901408450704225,
    0.17142857142857143,
    0.17391304347826086,
    0.17647058823529413,
    0.1791044776119403,
    0.18181818181818182,
    0.18461538461538463,
    0.1875,
    0.19047619047619047,
    0.1935483870967742,
    0.19672131147540983,
    0.2,
    0.2033898305084746,
    0.20689655172413793,
    0.21052631578947367,
    0.21428571428571427,
    0.21818181818181817,
    0.2222222222222222,
    0.20754716981132076,
    0.21153846153846154,
    0.21568627450980393,
    0.2,
    0.20408163265306123,
    0.20833333333333334,
    0.2127659574468085,
    0.21739130434782608,
    0.2222222222222222,
    0.22727272727272727,
    0.23255813953488372,
    0.23809523809523808,
    0.24390243902439024,
    0.25,
    0.23076923076923078,
    0.21052631578947367,
    0.21621621621621623,
    0.2222222222222222,
    0.22857142857142856,
    0.23529411764705882,
    0.24242424242424243,
    0.21875,
    0.22580645161290322,
    0.23333333333333334,
    0.2413793103448276,
    0.25,
    0.25925925925925924,
    0.2692307692307692,
    0.28,
    0.2916666666666667,
    0.30434782608695654,
    0.3181818181818182,
    0.3333333333333333,
    0.35,
    0.3684210526315789,
    0.3888888888888889,
    0.4117647058823529,
    0.4375,
    0.4666666666666667,
    0.5,
    0.5384615384615384,
    0.5833333333333334,
    0.6363636363636364,
    0.7,
    0.6666666666666666,
    0.75,
    0.8571428571428571,
    1.0,
    1.0,
    1.0,
    1.0,
    1.0,
    1.0,
    1.0
  ],
  "recall": [
    1.0,
    1.0,
    1.0,
    1.0,
    1.0,
    1.0,
    1.0,
    1.0,
    1.0,
    1.0,
    1.0,
    1.0,
    1.0,
    1.0,
    1.0,
    1.0,
    1.0,
    1.0,
    1.0,
    1.0,
    1.0,
    1.0,
    0.9166666666666666,
    0.9166666666666666,
    0.9166666666666666,
    0.8333333333333334,
    0.8333333333333334,
    0.8333333333333334,
    0.8333333333333334,
    0.8333333333333334,
    0.8333333333333334,
    0.8333333333333334,
    0.8333333333333334,
    0.8333333333333334,
    0.8333333333333334,
    0.8333333333333334,
    0.75,
    0.6666666666666666,
    0.6666666666666666,
    0.6666666666666666,
    0.6666666666666666,
    0.6666666666666666,
    0.6666666666666666,
    0.5833333333333334,
    0.5833333333333334,
    0.5833333333333334,
    0.5833333333333334,
    0.5833333333333334,
    0.5833333333333334,
    0.5833333333333334,
    0.5833333333333334,
    0.5833333333333334,
    0.5833333333333334,
    0.5833333333333334,
    0.5833333333333334,
    0.5833333333333334,
    0.5833333333333334,
    0.5833333333333334,
    0.5833333333333334,
    0.5833333333333334,
    0.5833333333333334,
    0.5833333333333334,
    0.5833333333333334,
    0.5833333333333334,
    0.5833333333333334,
    0.5833333333333334,
    0.5,
    0.5,
    0.5,
    0.5,
    0.4166666666666667,
    0.3333333333333333,
    0.25,
    0.16666666666666666,
    0.08333333333333333,
    0.0
  ],
  "thresholds": [
    0.08002646267414093,
    0.08139877021312714,
    0.08211100846529007,
    0.08215311169624329,
    0.08254601806402206,
    0.08327390253543854,
    0.08338113129138947,
    0.08346028625965118,
    0.08398021012544632,
    0.08422792702913284,
    0.08428436517715454,
    0.08481526374816895,
    0.08488821238279343,
    0.08497879654169083,
    0.08507142961025238,
    0.08513998240232468,
    0.08522368222475052,
    0.08540545403957367,
    0.0854935497045517,
    0.08557916432619095,
    0.08591672778129578,
    0.08667437732219696,
    0.08678881824016571,
    0.08679894357919693,
    0.08680109679698944,
    0.08692318946123123,
    0.08834239095449448,
    0.0884551852941513,
    0.0894467756152153,
    0.08947134763002396,
    0.08950679749250412,
    0.09020833671092987,
    0.09034354239702225,
    0.0904618501663208,
    0.09101898223161697,
    0.09114278852939606,
    0.09174785763025284,
    0.0921943262219429,
    0.09236075729131699,
    0.09239566326141357,
    0.09251369535923004,
    0.09301688522100449,
    0.09306782484054565,
    0.09375567734241486,
    0.09413392096757889,
    0.09452629834413528,
    0.0955292358994484,
    0.09573598951101303,
    0.09610627591609955,
    0.09689801186323166,
    0.09747380018234253,
    0.09772074222564697,
    0.09802643954753876,
    0.10139469057321548,
    0.10666651278734207,
    0.11026851832866669,
    0.11150704324245453,
    0.11447311192750931,
    0.129364013671875,
    0.13164177536964417,
    0.13254937529563904,
    0.16071045398712158,
    0.20291391015052795,
    0.22935180366039276,
    0.25751253962516785,
    0.30834701657295227,
    0.34006986021995544,
    0.4259519875049591,
    0.7521723508834839,
    0.7804999947547913,
    0.7994937300682068,
    0.869586706161499,
    0.9049022793769836,
    0.9095255732536316,
    0.909534752368927
  ]
}