{
  "precision": [
    0.16,
    0.16216216216216217,
    0.1643835616438356,
    0.16666666666666666,
    0.16901408450704225,
    0.17142857142857143,
    0.17391304347826086,
    0.17647058823529413,
    0.1791044776119403,
    0.18181818181818182,
    0.18461538461538463,
    0.1875,
    0.19047619047619047,
    0.1935483870967742,
    0.19672131147540983,
    0.2,
    0.1864406779661017,
    0.1896551724137931,
    0.19298245614035087,
    0.19642857142857142,
    0.18181818181818182,
    0.18518518518518517,
    0.18867924528301888,
    0.19230769230769232,
    0.19607843137254902,
    0.2,
    0.20408163265306123,
    0.20833333333333334,
    0.2127659574468085,
    0.21739130434782608,
    0.2222222222222222,
    0.22727272727272727,
    0.20930232558139536,
    0.21428571428571427,
    0.21951219512195122,
    0.225,
    0.23076923076923078,
    0.23684210526315788,
    0.24324324324324326,
    0.25,
    0.2571428571428571,
    0.2647058823529412,
    0.2727272727272727,
    0.28125,
    0.2903225806451613,
    0.3,
    0.3103448275862069,
    0.32142857142857145,
    0.3333333333333333,
    0.34615384615384615,
    0.36,
    0.375,
    0.34782608695652173,
    0.36363636363636365,
    0.3333333333333333,
    0.35,
    0.3684210526315789,
    0.3888888888888889,
    0.4117647058823529,
    0.4375,
    0.4666666666666667,
    0.5,
    0.5384615384615384,
    0.5833333333333334,
    0.6363636363636364,
    0.7,
    0.7777777777777778,
    0.75,
    0.8571428571428571,
    0.8333333333333334,
    1.0,
    1.0,
    1.0,
    1.0,
    1.0,
    1.0
  ],
  "recall": [
    1.0,
    1.0,
    1.0,
    1.0,
    1.0,
    1.0,
    1.0,
    1.0,
    1.0,
    1.0,
    1.0,
    1.0,
    1.0,
    1.0,
    1.0,
    1.0,
    0.9166666666666666,
    0.9166666666666666,
    0.9166666666666666,
    0.9166666666666666,
    0.8333333333333334,
    0.8333333333333334,
    0.8333333333333334,
    0.8333333333333334,
    0.8333333333333334,
    0.8333333333333334,
    0.8333333333333334,
    0.8333333333333334,
    0.8333333333333334,
    0.8333333333333334,
    0.8333333333333334,
    0.8333333333333334,
    0.75,
    0.75,
    0.75,
    0.75,
    0.75,
    0.75,
    0.75,
    0.75,
    0.75,
    0.75,
    0.75,
    0.75,
    0.75,
    0.75,
    0.75,
    0.75,
    0.75,
    0.75,
    0.75,
    0.75,
    0.6666666666666666,
    0.6666666666666666,
    0.5833333333333334,
    0.5833333333333334,
    0.5833333333333334,
    0.5833333333333334,
    0.5833333333333334,
    0.5833333333333334,
    0.5833333333333334,
    0.5833333333333334,
    0.5833333333333334,
    0.5833333333333334,
    0.5833333333333334,
    0.5833333333333334,
    0.5833333333333334,
    0.5,
    0.5,
    0.4166666666666667,
    0.4166666666666667,
    0.3333333333333333,
    0.25,
    0.16666666666666666,
    0.08333333333333333,
    0.0
  ],
  "thresholds": [
    0.12390120327472687,
    0.12403907626867294,
    0.1253107786178589,
    0.1258108764886856,
    0.12610960006713867,
    0.12682084739208221,
    0.12707512080669403,
    0.12725549936294556,
    0.12727446854114532,
    0.12739767134189606,
    0.12752927839756012,
    0.1278139054775238,
    0.12784934043884277,
    0.12812425196170807,
    0.1282191127538681,
    0.12857213616371155,
    0.1288527250289917,
    0.12905921041965485,
    0.12925663590431213,
    0.129473015666008,
    0.13011251389980316,
    0.130434051156044,
    0.13053321838378906,
    0.13076505064964294,
    0.13097819685935974,
    0.13109701871871948,
    0.13118012249469757,
    0.1316291242837906,
    0.13172590732574463,
    0.13179218769073486,
    0.1325068473815918,
    0.1326437145471573,
    0.13304544985294342,
    0.13321810960769653,
    0.13341578841209412,
    0.13385418057441711,
    0.13422666490077972,
    0.13435305655002594,
    0.13444702327251434,
    0.13485193252563477,
    0.1361759454011917,
    0.13675464689731598,
    0.137874037027359,
    0.13935889303684235,
    0.14132077991962433,
    0.1450854390859604,
    0.14880716800689697,
    0.14919820427894592,
    0.15202274918556213,
    0.1557365506887436,
    0.15923120081424713,
    0.16367168724536896,
    0.16810326278209686,
    0.17638671398162842,
    0.1796545386314392,
    0.18389350175857544,
    0.19025461375713348,
    0.19399936497211456,
    0.2007036656141281,
    0.20211318135261536,
    0.2165174037218094,
    0.2231275737285614,
    0.2238999754190445,
    0.22598177194595337,
    0.24800635874271393,
    0.26408693194389343,
    0.5503469109535217,
    0.6266881823539734,
    0.7132344841957092,
    0.7222685813903809,
    0.8403801321983337,
    0.9119048118591309,
    0.9376690983772278,
    0.9429906606674194,
    0.944336473941803
  ]
}