{
  "y_true": [
    0,
    0,
    0,
    0,
    0,
    0,
    0,
    0,
    0,
    0,
    0,
    0,
    0,
    0,
    0,
    0,
    0,
    0,
    0,
    0,
    0,
    0,
    0,
    0,
    0,
    0,
    0,
    0,
    0,
    0,
    0,
    0,
    0,
    0,
    0,
    0,
    0,
    0,
    0,
    0,
    0,
    0,
    0,
    0,
    0,
    0,
    0,
    0,
    0,
    0,
    0,
    0,
    0,
    0,
    0,
    0,
    0,
    0,
    0,
    0,
    0,
    0,
    0,
    1,
    1,
    1,
    1,
    1,
    1,
    1,
    1,
    1,
    1,
    1,
    1
  ],
  "y_pred": [
    0,
    0,
    0,
    0,
    0,
    0,
    0,
    0,
    0,
    0,
    0,
    0,
    0,
    0,
    0,
    0,
    0,
    0,
    0,
    0,
    0,
    0,
    0,
    0,
    0,
    0,
    0,
    0,
    0,
    0,
    0,
    0,
    0,
    0,
    0,
    0,
    0,
    0,
    0,
    0,
    0,
    0,
    0,
    0,
    0,
    0,
    0,
    0,
    0,
    0,
    0,
    0,
    0,
    0,
    0,
    0,
    0,
    0,
    0,
    0,
    0,
    0,
    0,
    1,
    0,
    1,
    1,
    1,
    0,
    0,
    0,
    0,
    0,
    0,
    0
  ],
  "y_prob": [
    0.13011251389980316,
    0.13053321838378906,
    0.2007036656141281,
    0.7222685813903809,
    0.24800635874271393,
    0.12390120327472687,
    0.12403907626867294,
    0.18389350175857544,
    0.12812425196170807,
    0.13675464689731598,
    0.12610960006713867,
    0.12784934043884277,
    0.19399936497211456,
    0.13172590732574463,
    0.13304544985294342,
    0.13422666490077972,
    0.2231275737285614,
    0.2238999754190445,
    0.1450854390859604,
    0.13118012249469757,
    0.12682084739208221,
    0.1258108764886856,
    0.19025461375713348,
    0.12752927839756012,
    0.1253107786178589,
    0.15202274918556213,
    0.14919820427894592,
    0.12727446854114532,
    0.13341578841209412,
    0.13444702327251434,
    0.13321810960769653,
    0.1288527250289917,
    0.13179218769073486,
    0.12925663590431213,
    0.16810326278209686,
    0.13435305655002594,
    0.14132077991962433,
    0.1325068473815918,
    0.2165174037218094,
    0.15923120081424713,
    0.13485193252563477,
    0.12739767134189606,
    0.14880716800689697,
    0.6266881823539734,
    0.26408693194389343,
    0.13109701871871948,
    0.1557365506887436,
    0.13935889303684235,
    0.1361759454011917,
    0.12707512080669403,
    0.137874037027359,
    0.12725549936294556,
    0.12905921041965485,
    0.13097819685935974,
    0.130434051156044,
    0.1282191127538681,
    0.13385418057441711,
    0.22598177194595337,
    0.1278139054775238,
    0.13076505064964294,
    0.1316291242837906,
    0.1796545386314392,
    0.20211318135261536,
    0.944336473941803,
    0.7132344841957092,
    0.9376690983772278,
    0.9119048118591309,
    0.9429906606674194,
    0.12857213616371155,
    0.1326437145471573,
    0.17638671398162842,
    0.16367168724536896,
    0.129473015666008,
    0.5503469109535217,
    0.8403801321983337
  ]
}