{
  "y_true": [
    0,
    0,
    0,
    0,
    0,
    0,
    0,
    0,
    0,
    0,
    0,
    0,
    0,
    0,
    0,
    0,
    0,
    0,
    0,
    0,
    0,
    0,
    0,
    0,
    0,
    0,
    0,
    0,
    0,
    0,
    0,
    0,
    0,
    0,
    0,
    0,
    0,
    0,
    0,
    0,
    0,
    0,
    0,
    0,
    0,
    0,
    0,
    0,
    0,
    0,
    0,
    0,
    0,
    0,
    0,
    0,
    0,
    0,
    0,
    0,
    0,
    0,
    0,
    1,
    1,
    1,
    1,
    1,
    1,
    1,
    1,
    1,
    1,
    1,
    1
  ],
  "y_pred": [
    0,
    0,
    0,
    0,
    0,
    0,
    0,
    0,
    0,
    0,
    0,
    0,
    0,
    0,
    0,
    0,
    0,
    0,
    0,
    0,
    0,
    0,
    0,
    0,
    0,
    0,
    0,
    0,
    0,
    0,
    0,
    0,
    0,
    0,
    0,
    0,
    0,
    0,
    0,
    0,
    0,
    0,
    0,
    0,
    0,
    0,
    0,
    0,
    0,
    0,
    0,
    0,
    0,
    0,
    0,
    0,
    0,
    0,
    0,
    0,
    0,
    0,
    0,
    1,
    0,
    1,
    1,
    1,
    0,
    0,
    0,
    0,
    0,
    0,
    0
  ],
  "y_prob": [
    0.0854935497045517,
    0.08513998240232468,
    0.09772074222564697,
    0.25751253962516785,
    0.4259519875049591,
    0.08481526374816895,
    0.08522368222475052,
    0.34006986021995544,
    0.09452629834413528,
    0.0921943262219429,
    0.08692318946123123,
    0.08557916432619095,
    0.20291391015052795,
    0.13254937529563904,
    0.08327390253543854,
    0.09689801186323166,
    0.09251369535923004,
    0.11026851832866669,
    0.09236075729131699,
    0.08497879654169083,
    0.09020833671092987,
    0.08346028625965118,
    0.09747380018234253,
    0.08488821238279343,
    0.08679894357919693,
    0.0955292358994484,
    0.11150704324245453,
    0.0904618501663208,
    0.08678881824016571,
    0.08002646267414093,
    0.08947134763002396,
    0.08507142961025238,
    0.08215311169624329,
    0.09101898223161697,
    0.09573598951101303,
    0.09802643954753876,
    0.09239566326141357,
    0.09610627591609955,
    0.22935180366039276,
    0.09375567734241486,
    0.08139877021312714,
    0.08591672778129578,
    0.0894467756152153,
    0.7521723508834839,
    0.09301688522100449,
    0.09413392096757889,
    0.16071045398712158,
    0.08950679749250412,
    0.10666651278734207,
    0.08338113129138947,
    0.10139469057321548,
    0.08422792702913284,
    0.08540545403957367,
    0.0884551852941513,
    0.08398021012544632,
    0.08428436517715454,
    0.08834239095449448,
    0.129364013671875,
    0.09034354239702225,
    0.08211100846529007,
    0.08254601806402206,
    0.13164177536964417,
    0.11447311192750931,
    0.9095255732536316,
    0.7994937300682068,
    0.9049022793769836,
    0.869586706161499,
    0.909534752368927,
    0.09174785763025284,
    0.08667437732219696,
    0.09306782484054565,
    0.09114278852939606,
    0.08680109679698944,
    0.30834701657295227,
    0.7804999947547913
  ]
}