{
  "accuracy": 0.88,
  "balanced_accuracy": 0.6924603174603174,
  "precision": 0.7142857142857143,
  "recall": 0.4166666666666667,
  "f1": 0.5263157894736842,
  "roc_auc": 0.8650793650793651,
  "pr_auc": 0.6286195504039708,
  "class_distribution": {
    "0": 63,
    "1": 12
  },
  "per_class_precision_recall": {
    "class_0": {
      "precision": 0.8970588235294118,
      "recall": 0.9682539682539683
    },
    "class_1": {
      "precision": 0.7142857142857143,
      "recall": 0.4166666666666667
    }
  },
  "confusion_matrix": {
    "tn": 61,
    "fp": 2,
    "fn": 7,
    "tp": 5
  },
  "confusion_matrix_normalized": {
    "tn": 0.9682539682539683,
    "fp": 0.031746031746031744,
    "fn": 0.5833333333333334,
    "tp": 0.4166666666666667
  },
  "threshold": 0.5,
  "n_samples": 75,
  "mean_probability": 0.1136089563369751
}