{
  "precision": [
    0.16,
    0.16216216216216217,
    0.1643835616438356,
    0.16666666666666666,
    0.16901408450704225,
    0.17142857142857143,
    0.17391304347826086,
    0.17647058823529413,
    0.1791044776119403,
    0.18181818181818182,
    0.18461538461538463,
    0.1875,
    0.19047619047619047,
    0.1935483870967742,
    0.19672131147540983,
    0.2,
    0.2033898305084746,
    0.1896551724137931,
    0.19298245614035087,
    0.19642857142857142,
    0.2,
    0.2037037037037037,
    0.20754716981132076,
    0.21153846153846154,
    0.21568627450980393,
    0.22,
    0.22448979591836735,
    0.22916666666666666,
    0.23404255319148937,
    0.2391304347826087,
    0.2222222222222222,
    0.22727272727272727,
    0.23255813953488372,
    0.23809523809523808,
    0.24390243902439024,
    0.25,
    0.2564102564102564,
    0.2631578947368421,
    0.2702702702702703,
    0.2777777777777778,
    0.2857142857142857,
    0.29411764705882354,
    0.30303030303030304,
    0.3125,
    0.3225806451612903,
    0.3333333333333333,
    0.3448275862068966,
    0.35714285714285715,
    0.37037037037037035,
    0.38461538461538464,
    0.4,
    0.4166666666666667,
    0.43478260869565216,
    0.45454545454545453,
    0.47619047619047616,
    0.5,
    0.5263157894736842,
    0.5555555555555556,
    0.5882352941176471,
    0.625,
    0.6,
    0.6428571428571429,
    0.6153846153846154,
    0.5833333333333334,
    0.6363636363636364,
    0.7,
    0.6666666666666666,
    0.75,
    0.8571428571428571,
    0.8333333333333334,
    0.8,
    1.0,
    1.0,
    1.0,
    1.0,
    1.0
  ],
  "recall": [
    1.0,
    1.0,
    1.0,
    1.0,
    1.0,
    1.0,
    1.0,
    1.0,
    1.0,
    1.0,
    1.0,
    1.0,
    1.0,
    1.0,
    1.0,
    1.0,
    1.0,
    0.9166666666666666,
    0.9166666666666666,
    0.9166666666666666,
    0.9166666666666666,
    0.9166666666666666,
    0.9166666666666666,
    0.9166666666666666,
    0.9166666666666666,
    0.9166666666666666,
    0.9166666666666666,
    0.9166666666666666,
    0.9166666666666666,
    0.9166666666666666,
    0.8333333333333334,
    0.8333333333333334,
    0.8333333333333334,
    0.8333333333333334,
    0.8333333333333334,
    0.8333333333333334,
    0.8333333333333334,
    0.8333333333333334,
    0.8333333333333334,
    0.8333333333333334,
    0.8333333333333334,
    0.8333333333333334,
    0.8333333333333334,
    0.8333333333333334,
    0.8333333333333334,
    0.8333333333333334,
    0.8333333333333334,
    0.8333333333333334,
    0.8333333333333334,
    0.8333333333333334,
    0.8333333333333334,
    0.8333333333333334,
    0.8333333333333334,
    0.8333333333333334,
    0.8333333333333334,
    0.8333333333333334,
    0.8333333333333334,
    0.8333333333333334,
    0.8333333333333334,
    0.8333333333333334,
    0.75,
    0.75,
    0.6666666666666666,
    0.5833333333333334,
    0.5833333333333334,
    0.5833333333333334,
    0.5,
    0.5,
    0.5,
    0.4166666666666667,
    0.3333333333333333,
    0.3333333333333333,
    0.25,
    0.16666666666666666,
    0.08333333333333333,
    0.0
  ],
  "thresholds": [
    0.1068514883518219,
    0.10728923231363297,
    0.1088753268122673,
    0.1092885285615921,
    0.10930043458938599,
    0.10952445864677429,
    0.10960286855697632,
    0.10972011834383011,
    0.11078161001205444,
    0.11084409803152084,
    0.11110901832580566,
    0.11150579899549484,
    0.11160753667354584,
    0.11166415363550186,
    0.1116795465350151,
    0.11187104135751724,
    0.11190276592969894,
    0.11196940392255783,
    0.112062469124794,
    0.11216691136360168,
    0.11222758889198303,
    0.11229107528924942,
    0.11233235150575638,
    0.11233784258365631,
    0.1123431846499443,
    0.11238561570644379,
    0.11249371618032455,
    0.11258992552757263,
    0.11265797168016434,
    0.11301548779010773,
    0.11305955052375793,
    0.11316870152950287,
    0.11328412592411041,
    0.11344821751117706,
    0.11362571269273758,
    0.11382603645324707,
    0.11384382843971252,
    0.11451985687017441,
    0.11464700847864151,
    0.11491533368825912,
    0.11533495038747787,
    0.11583585292100906,
    0.11590196937322617,
    0.11628392338752747,
    0.11629083752632141,
    0.11630129814147949,
    0.1163436770439148,
    0.11665771156549454,
    0.11670167744159698,
    0.11679145693778992,
    0.11743363738059998,
    0.11787662655115128,
    0.1180281788110733,
    0.1181117445230484,
    0.1188196986913681,
    0.11953602731227875,
    0.12096109986305237,
    0.12216145545244217,
    0.12443506717681885,
    0.13730283081531525,
    0.13735799491405487,
    0.16090548038482666,
    0.1756022870540619,
    0.18484649062156677,
    0.19412076473236084,
    0.19896185398101807,
    0.2275896817445755,
    0.6084328293800354,
    0.7383912801742554,
    0.8698000311851501,
    0.9125825762748718,
    0.9548548460006714,
    0.9638714790344238,
    0.9642125964164734,
    0.9651892185211182
  ]
}