{
  "y_true": [
    0,
    0,
    0,
    0,
    0,
    0,
    0,
    0,
    0,
    0,
    0,
    0,
    0,
    0,
    0,
    0,
    0,
    0,
    0,
    0,
    0,
    0,
    0,
    0,
    0,
    0,
    0,
    0,
    0,
    0,
    0,
    0,
    0,
    0,
    0,
    0,
    0,
    0,
    0,
    0,
    0,
    0,
    0,
    0,
    0,
    0,
    0,
    0,
    0,
    0,
    0,
    0,
    0,
    0,
    0,
    0,
    0,
    0,
    0,
    0,
    0,
    0,
    0,
    1,
    1,
    1,
    1,
    1,
    1,
    1,
    1,
    1,
    1,
    1,
    1
  ],
  "y_pred": [
    0,
    0,
    0,
    1,
    0,
    0,
    0,
    0,
    0,
    0,
    0,
    0,
    0,
    0,
    0,
    0,
    0,
    0,
    0,
    0,
    0,
    0,
    0,
    0,
    0,
    0,
    0,
    0,
    0,
    0,
    0,
    0,
    0,
    0,
    0,
    0,
    0,
    0,
    0,
    0,
    0,
    0,
    0,
    1,
    0,
    0,
    0,
    0,
    0,
    0,
    0,
    0,
    0,
    0,
    0,
    0,
    0,
    0,
    0,
    0,
    0,
    0,
    0,
    1,
    1,
    1,
    1,
    1,
    0,
    0,
    0,
    0,
    0,
    0,
    1
  ],
  "y_prob": [
    0.1088753268122673,
    0.11491533368825912,
    0.1068514883518219,
    0.6084328293800354,
    0.2275896817445755,
    0.11110901832580566,
    0.11328412592411041,
    0.19412076473236084,
    0.112062469124794,
    0.11233784258365631,
    0.11166415363550186,
    0.11084409803152084,
    0.1163436770439148,
    0.1180281788110733,
    0.11629083752632141,
    0.11229107528924942,
    0.11628392338752747,
    0.13735799491405487,
    0.11258992552757263,
    0.11665771156549454,
    0.11344821751117706,
    0.11679145693778992,
    0.1188196986913681,
    0.11222758889198303,
    0.10972011834383011,
    0.11953602731227875,
    0.11590196937322617,
    0.11187104135751724,
    0.11150579899549484,
    0.11583585292100906,
    0.1116795465350151,
    0.11196940392255783,
    0.11362571269273758,
    0.11078161001205444,
    0.10930043458938599,
    0.11249371618032455,
    0.11382603645324707,
    0.10728923231363297,
    0.12443506717681885,
    0.11743363738059998,
    0.11787662655115128,
    0.11305955052375793,
    0.11670167744159698,
    0.9125825762748718,
    0.12216145545244217,
    0.1123431846499443,
    0.1181117445230484,
    0.10960286855697632,
    0.11464700847864151,
    0.11265797168016434,
    0.11216691136360168,
    0.11316870152950287,
    0.11533495038747787,
    0.11238561570644379,
    0.1092885285615921,
    0.11384382843971252,
    0.11160753667354584,
    0.12096109986305237,
    0.11233235150575638,
    0.11451985687017441,
    0.10952445864677429,
    0.11630129814147949,
    0.18484649062156677,
    0.9651892185211182,
    0.7383912801742554,
    0.9642125964164734,
    0.9548548460006714,
    0.9638714790344238,
    0.13730283081531525,
    0.11301548779010773,
    0.16090548038482666,
    0.1756022870540619,
    0.11190276592969894,
    0.19896185398101807,
    0.8698000311851501
  ]
}