{
  "precision": [
    0.16,
    0.18461538461538463,
    0.21052631578947367,
    0.2222222222222222,
    0.23529411764705882,
    0.2558139534883721,
    0.2619047619047619,
    0.2894736842105263,
    0.3142857142857143,
    0.34375,
    0.3548387096774194,
    0.36666666666666664,
    0.3793103448275862,
    0.39285714285714285,
    0.38461538461538464,
    0.4,
    0.4166666666666667,
    0.43478260869565216,
    0.45454545454545453,
    0.47619047619047616,
    0.45,
    0.6,
    0.6923076923076923,
    0.75,
    0.7272727272727273,
    0.8,
    0.8888888888888888,
    1.0,
    1.0,
    1.0,
    1.0,
    1.0,
    1.0,
    1.0,
    1.0
  ],
  "recall": [
    1.0,
    1.0,
    1.0,
    1.0,
    1.0,
    0.9166666666666666,
    0.9166666666666666,
    0.9166666666666666,
    0.9166666666666666,
    0.9166666666666666,
    0.9166666666666666,
    0.9166666666666666,
    0.9166666666666666,
    0.9166666666666666,
    0.8333333333333334,
    0.8333333333333334,
    0.8333333333333334,
    0.8333333333333334,
    0.8333333333333334,
    0.8333333333333334,
    0.75,
    0.75,
    0.75,
    0.75,
    0.6666666666666666,
    0.6666666666666666,
    0.6666666666666666,
    0.5833333333333334,
    0.5,
    0.4166666666666667,
    0.3333333333333333,
    0.25,
    0.16666666666666666,
    0.08333333333333333,
    0.0
  ],
  "thresholds": [
    0.0,
    0.004999999888241291,
    0.009999999776482582,
    0.014999999664723873,
    0.019999999552965164,
    0.02500000037252903,
    0.029999999329447746,
    0.03500000014901161,
    0.03999999910593033,
    0.04500000178813934,
    0.05999999865889549,
    0.07000000029802322,
    0.07500000298023224,
    0.0949999988079071,
    0.10999999940395355,
    0.12999999523162842,
    0.14000000059604645,
    0.14499999582767487,
    0.15000000596046448,
    0.1550000011920929,
    0.16500000655651093,
    0.1850000023841858,
    0.2150000035762787,
    0.23499999940395355,
    0.23999999463558197,
    0.25,
    0.3149999976158142,
    0.32499998807907104,
    0.36000001430511475,
    0.4000000059604645,
    0.49000000953674316,
    0.5450000166893005,
    0.5649999976158142,
    0.8949999809265137
  ]
}