{
  "y_true": [
    0,
    0,
    0,
    0,
    0,
    0,
    0,
    0,
    0,
    0,
    0,
    0,
    0,
    0,
    0,
    0,
    0,
    0,
    0,
    0,
    0,
    0,
    0,
    0,
    0,
    0,
    0,
    0,
    0,
    0,
    0,
    0,
    0,
    0,
    0,
    0,
    0,
    0,
    0,
    0,
    0,
    0,
    0,
    0,
    0,
    0,
    0,
    0,
    0,
    0,
    0,
    0,
    0,
    0,
    0,
    0,
    0,
    0,
    0,
    0,
    0,
    0,
    0,
    1,
    1,
    1,
    1,
    1,
    1,
    1,
    1,
    1,
    1,
    1,
    1
  ],
  "y_pred": [
    0,
    0,
    0,
    0,
    0,
    0,
    0,
    0,
    0,
    0,
    0,
    0,
    0,
    0,
    0,
    0,
    0,
    0,
    0,
    0,
    0,
    0,
    0,
    0,
    0,
    0,
    0,
    0,
    0,
    0,
    0,
    0,
    0,
    0,
    0,
    0,
    0,
    0,
    0,
    0,
    0,
    0,
    0,
    0,
    0,
    0,
    0,
    0,
    0,
    0,
    0,
    0,
    0,
    0,
    0,
    0,
    0,
    0,
    0,
    0,
    0,
    0,
    0,
    1,
    0,
    1,
    1,
    1,
    0,
    0,
    0,
    1,
    0,
    0,
    1
  ],
  "y_prob": [
    0.3149999976158142,
    0.009999999776482582,
    0.25,
    0.1850000023841858,
    0.14000000059604645,
    0.029999999329447746,
    0.014999999664723873,
    0.004999999888241291,
    0.15000000596046448,
    0.0,
    0.03999999910593033,
    0.07500000298023224,
    0.03500000014901161,
    0.014999999664723873,
    0.05999999865889549,
    0.004999999888241291,
    0.019999999552965164,
    0.1850000023841858,
    0.019999999552965164,
    0.07000000029802322,
    0.0,
    0.0,
    0.16500000655651093,
    0.004999999888241291,
    0.009999999776482582,
    0.04500000178813934,
    0.019999999552965164,
    0.03500000014901161,
    0.03500000014901161,
    0.014999999664723873,
    0.0,
    0.0,
    0.019999999552965164,
    0.23999999463558197,
    0.16500000655651093,
    0.10999999940395355,
    0.004999999888241291,
    0.0949999988079071,
    0.019999999552965164,
    0.004999999888241291,
    0.02500000037252903,
    0.004999999888241291,
    0.03999999910593033,
    0.2150000035762787,
    0.029999999329447746,
    0.029999999329447746,
    0.03999999910593033,
    0.0,
    0.0,
    0.0,
    0.16500000655651093,
    0.0,
    0.004999999888241291,
    0.019999999552965164,
    0.029999999329447746,
    0.0,
    0.14499999582767487,
    0.16500000655651093,
    0.009999999776482582,
    0.004999999888241291,
    0.12999999523162842,
    0.019999999552965164,
    0.16500000655651093,
    0.5649999976158142,
    0.23499999940395355,
    0.4000000059604645,
    0.8949999809265137,
    0.5450000166893005,
    0.32499998807907104,
    0.0949999988079071,
    0.1550000011920929,
    0.36000001430511475,
    0.019999999552965164,
    0.3149999976158142,
    0.49000000953674316
  ]
}