{
  "metadata": {
    "approach": "Threshold sweep on validation set, applied to test set",
    "note": "Prevents data leakage: threshold and temperature selected on validation ONLY"
  },
  "data_hardening": {
    "n_original": 349,
    "n_augmented": 377,
    "class_counts_before": {
      "0": 297,
      "1": 52
    },
    "class_counts_after": {
      "0": 317,
      "1": 60
    },
    "label_flip_count": 10,
    "hard_sample_duplicates": 28,
    "gaussian_noise_sigma_frac": 0.1,
    "overlap_alpha_range": [
      0.6,
      0.9
    ],
    "feature_dropout_rate": 0.08
  },
  "best_validation": {
    "epoch": 8,
    "loss": 0.930096826037845,
    "accuracy": 0.24324324324324326,
    "precision": 0.24999999993055555,
    "recall": 0.8181818174380164,
    "f1": 0.3829787196559529,
    "recall_weighted_f1": 0.6477272721857781,
    "ece": 0.351836252856899,
    "brier": 0.21608874201774597
  },
  "test": {
    "threshold_used": 0.45,
    "loss": 0.7229568966023334,
    "accuracy": 0.6363636363636364,
    "precision": 0.28947368413434904,
    "recall": 0.9166666659027777,
    "f1": 0.439999996176,
    "roc_auc": 0.9166666666666666,
    "pr_auc": 0.8672507098346652,
    "ece": 0.37671775395026447,
    "brier": 0.20855027437210083
  },
  "test_diagnostics": {
    "fraction_predicted_positive": 0.4935064935064935,
    "fraction_predicted_negative": 0.5064935064935064,
    "tp": 11,
    "tn": 38,
    "fp": 27,
    "fn": 1
  },
  "calibration": {
    "temperature": 1.2469688653945923,
    "selection_source": "calibrated_validation_selection",
    "ece_bins": 10
  }
}