{
  "model": "random_forest",
  "seed": 56,
  "train": {
    "mode": "baseline",
    "results_dir": "results\\final_20seed_clean\\random_forest\\seed_56",
    "params": 0,
    "runtime_seconds": 0.39772844314575195
  },
  "eval": {
    "accuracy": 0.92,
    "balanced_accuracy": 0.75,
    "precision": 1.0,
    "recall": 0.5,
    "f1": 0.6666666666666666,
    "roc_auc": 0.8994708994708994,
    "pr_auc": 0.8482142857142857,
    "class_distribution": {
      "0": 63,
      "1": 12
    },
    "per_class_precision_recall": {
      "class_0": {
        "precision": 0.9130434782608695,
        "recall": 1.0
      },
      "class_1": {
        "precision": 1.0,
        "recall": 0.5
      }
    },
    "confusion_matrix": {
      "tn": 63,
      "fp": 0,
      "fn": 6,
      "tp": 6
    },
    "confusion_matrix_normalized": {
      "tn": 1.0,
      "fp": 0.0,
      "fn": 0.5,
      "tp": 0.5
    },
    "threshold": 0.35,
    "n_samples": 75,
    "mean_probability": 0.1085333377122879,
    "pr_curve": {
      "precision": [
        0.16,
        0.17142857142857143,
        0.18032786885245902,
        0.19298245614035087,
        0.22,
        0.2558139534883721,
        0.2682926829268293,
        0.3055555555555556,
        0.3142857142857143,
        0.3235294117647059,
        0.34375,
        0.3548387096774194,
        0.36666666666666664,
        0.3793103448275862,
        0.39285714285714285,
        0.37037037037037035,
        0.38461538461538464,
        0.4,
        0.4166666666666667,
        0.45454545454545453,
        0.47619047619047616,
        0.5,
        0.5263157894736842,
        0.5882352941176471,
        0.625,
        0.6666666666666666,
        0.7142857142857143,
        0.6923076923076923,
        0.75,
        0.8181818181818182,
        0.9,
        0.8888888888888888,
        1.0,
        1.0,
        1.0,
        1.0,
        1.0,
        1.0,
        1.0,
        1.0
      ],
      "recall": [
        1.0,
        1.0,
        0.9166666666666666,
        0.9166666666666666,
        0.9166666666666666,
        0.9166666666666666,
        0.9166666666666666,
        0.9166666666666666,
        0.9166666666666666,
        0.9166666666666666,
        0.9166666666666666,
        0.9166666666666666,
        0.9166666666666666,
        0.9166666666666666,
        0.9166666666666666,
        0.8333333333333334,
        0.8333333333333334,
        0.8333333333333334,
        0.8333333333333334,
        0.8333333333333334,
        0.8333333333333334,
        0.8333333333333334,
        0.8333333333333334,
        0.8333333333333334,
        0.8333333333333334,
        0.8333333333333334,
        0.8333333333333334,
        0.75,
        0.75,
        0.75,
        0.75,
        0.6666666666666666,
        0.6666666666666666,
        0.5,
        0.4166666666666667,
        0.3333333333333333,
        0.25,
        0.16666666666666666,
        0.08333333333333333,
        0.0
      ],
      "thresholds": [
        0.0,
        0.004999999888241291,
        0.009999999776482582,
        0.014999999664723873,
        0.019999999552965164,
        0.02500000037252903,
        0.029999999329447746,
        0.03500000014901161,
        0.03999999910593033,
        0.05000000074505806,
        0.05999999865889549,
        0.06499999761581421,
        0.07000000029802322,
        0.07500000298023224,
        0.07999999821186066,
        0.10499999672174454,
        0.11500000208616257,
        0.125,
        0.12999999523162842,
        0.13500000536441803,
        0.14000000059604645,
        0.1550000011920929,
        0.16500000655651093,
        0.17000000178813934,
        0.17499999701976776,
        0.19499999284744263,
        0.20000000298023224,
        0.20499999821186066,
        0.20999999344348907,
        0.23000000417232513,
        0.24500000476837158,
        0.2849999964237213,
        0.30000001192092896,
        0.36000001430511475,
        0.38499999046325684,
        0.4449999928474426,
        0.5699999928474426,
        0.5950000286102295,
        0.8500000238418579
      ]
    }
  },
  "metadata": {
    "input_dim": 30,
    "split_strategy": "group",
    "n_train": 350,
    "n_val": 75,
    "n_test": 75,