{
  "confusion_matrix": {
    "tn": 60,
    "fp": 3,
    "fn": 5,
    "tp": 7
  },
  "confusion_matrix_normalized": {
    "tn": 0.9523809523809523,
    "fp": 0.047619047619047616,
    "fn": 0.4166666666666667,
    "tp": 0.5833333333333334
  }
}