model,seed,accuracy,balanced_accuracy,precision,recall,f1,roc_auc,pr_auc,params,runtime_seconds
majority,42,0.84,0.5,0.0,0.0,0.0,0.5,0.16,0,0.023845672607421875
majority,43,0.84,0.5,0.0,0.0,0.0,0.5,0.16,0,0.0289154052734375
majority,44,0.84,0.5,0.0,0.0,0.0,0.5,0.16,0,0.02284836769104004
majority,45,0.84,0.5,0.0,0.0,0.0,0.5,0.16,0,0.023514986038208008
majority,46,0.84,0.5,0.0,0.0,0.0,0.5,0.16,0,0.03364849090576172
