{
  "confusion_matrix": {
    "tn": 61,
    "fp": 2,
    "fn": 10,
    "tp": 2
  },
  "confusion_matrix_normalized": {
    "tn": 0.9682539682539683,
    "fp": 0.031746031746031744,
    "fn": 0.8333333333333334,
    "tp": 0.16666666666666666
  }
}