model,seed,accuracy,balanced_accuracy,precision,recall,f1,roc_auc,pr_auc,params,runtime_seconds
rule,42,0.6266666666666667,0.5079365079365079,0.16666666666666666,0.3333333333333333,0.2222222222222222,0.47883597883597884,0.20376924144019132,0,0.0529332160949707
rule,43,0.72,0.6646825396825398,0.30434782608695654,0.5833333333333334,0.4,0.6984126984126985,0.5757243135371611,0,0.06079816818237305
rule,44,0.7333333333333333,0.7063492063492063,0.3333333333333333,0.6666666666666666,0.4444444444444444,0.7314814814814815,0.33911117795805196,0,0.05541253089904785
rule,45,0.7333333333333333,0.5714285714285714,0.25,0.3333333333333333,0.28571428571428575,0.5727513227513228,0.3068785324402289,0,0.048536062240600586
rule,46,0.72,0.6646825396825398,0.30434782608695654,0.5833333333333334,0.4,0.6640211640211641,0.5532781526640054,0,0.06594491004943848
