{
  "precision": [
    0.16,
    0.16216216216216217,
    0.1643835616438356,
    0.16666666666666666,
    0.16901408450704225,
    0.17142857142857143,
    0.17391304347826086,
    0.17647058823529413,
    0.1791044776119403,
    0.18181818181818182,
    0.18461538461538463,
    0.1875,
    0.19047619047619047,
    0.1935483870967742,
    0.19672131147540983,
    0.2,
    0.2033898305084746,
    0.20689655172413793,
    0.21052631578947367,
    0.21428571428571427,
    0.21818181818181817,
    0.2222222222222222,
    0.22641509433962265,
    0.23076923076923078,
    0.23529411764705882,
    0.24,
    0.24489795918367346,
    0.25,
    0.2553191489361702,
    0.2608695652173913,
    0.26666666666666666,
    0.2727272727272727,
    0.27906976744186046,
    0.2857142857142857,
    0.2926829268292683,
    0.3,
    0.3076923076923077,
    0.3157894736842105,
    0.32432432432432434,
    0.3333333333333333,
    0.34285714285714286,
    0.35294117647058826,
    0.36363636363636365,
    0.375,
    0.3870967741935484,
    0.36666666666666664,
    0.3793103448275862,
    0.39285714285714285,
    0.4074074074074074,
    0.4230769230769231,
    0.44,
    0.4583333333333333,
    0.4782608695652174,
    0.45454545454545453,
    0.47619047619047616,
    0.5,
    0.5263157894736842,
    0.5555555555555556,
    0.5882352941176471,
    0.625,
    0.6666666666666666,
    0.7142857142857143,
    0.7692307692307693,
    0.8333333333333334,
    0.9090909090909091,
    0.9,
    0.8888888888888888,
    0.875,
    1.0,
    1.0,
    1.0,
    1.0,
    1.0,
    1.0,
    1.0,
    1.0
  ],
  "recall": [
    1.0,
    1.0,
    1.0,
    1.0,
    1.0,
    1.0,
    1.0,
    1.0,
    1.0,
    1.0,
    1.0,
    1.0,
    1.0,
    1.0,
    1.0,
    1.0,
    1.0,
    1.0,
    1.0,
    1.0,
    1.0,
    1.0,
    1.0,
    1.0,
    1.0,
    1.0,
    1.0,
    1.0,
    1.0,
    1.0,
    1.0,
    1.0,
    1.0,
    1.0,
    1.0,
    1.0,
    1.0,
    1.0,
    1.0,
    1.0,
    1.0,
    1.0,
    1.0,
    1.0,
    1.0,
    0.9166666666666666,
    0.9166666666666666,
    0.9166666666666666,
    0.9166666666666666,
    0.9166666666666666,
    0.9166666666666666,
    0.9166666666666666,
    0.9166666666666666,
    0.8333333333333334,
    0.8333333333333334,
    0.8333333333333334,
    0.8333333333333334,
    0.8333333333333334,
    0.8333333333333334,
    0.8333333333333334,
    0.8333333333333334,
    0.8333333333333334,
    0.8333333333333334,
    0.8333333333333334,
    0.8333333333333334,
    0.75,
    0.6666666666666666,
    0.5833333333333334,
    0.5833333333333334,
    0.5,
    0.4166666666666667,
    0.3333333333333333,
    0.25,
    0.16666666666666666,
    0.08333333333333333,
    0.0
  ],
  "thresholds": [
    0.0012423014268279076,
    0.002596926875412464,
    0.00269056367687881,
    0.0029060551896691322,
    0.003083338961005211,
    0.0031617549248039722,
    0.0033383837435394526,
    0.0035292827524244785,
    0.003577610943466425,
    0.0038693801034241915,
    0.005181025248020887,
    0.005588880740106106,
    0.006127646658569574,
    0.0064118728041648865,
    0.006577418651431799,
    0.007499116472899914,
    0.0077035496942698956,
    0.00838704127818346,
    0.009634776040911674,
    0.009946932084858418,
    0.01003486942499876,
    0.012059085071086884,
    0.01232307031750679,
    0.01281708013266325,
    0.01297365315258503,
    0.013680126518011093,
    0.016061555594205856,
    0.01672951877117157,
    0.01684468612074852,
    0.01827876828610897,
    0.02014111541211605,
    0.021893221884965897,
    0.02659865841269493,
    0.028035372495651245,
    0.0300558153539896,
    0.0304784644395113,
    0.030487539246678352,
    0.04217099770903587,
    0.04323039576411247,
    0.043616440147161484,
    0.04378524795174599,
    0.04568500444293022,
    0.05005597695708275,
    0.052541349083185196,
    0.062042731791734695,
    0.06226812303066254,
    0.06796339899301529,
    0.07497140020132065,
    0.0884757936000824,
    0.11155001819133759,
    0.11818991601467133,
    0.1216040849685669,
    0.13280534744262695,
    0.14803563058376312,
    0.21868117153644562,
    0.22566770017147064,
    0.2274278700351715,
    0.2479085922241211,
    0.2508358657360077,
    0.26647937297821045,
    0.34405723214149475,
    0.376430481672287,
    0.3946973979473114,
    0.44134122133255005,
    0.46717169880867004,
    0.48867759108543396,
    0.53174889087677,
    0.7105234861373901,
    0.915696918964386,
    0.9173081517219543,
    0.9577128887176514,
    0.9649744629859924,
    0.9965704679489136,
    0.9970223307609558,
    0.9970278143882751
  ]
}