{
  "y_true": [
    0,
    0,
    0,
    0,
    0,
    0,
    0,
    0,
    0,
    0,
    0,
    0,
    0,
    0,
    0,
    0,
    0,
    0,
    0,
    0,
    0,
    0,
    0,
    0,
    0,
    0,
    0,
    0,
    0,
    0,
    0,
    0,
    0,
    0,
    0,
    0,
    0,
    0,
    0,
    0,
    0,
    0,
    0,
    0,
    0,
    0,
    0,
    0,
    0,
    0,
    0,
    0,
    0,
    0,
    0,
    0,
    0,
    0,
    0,
    0,
    0,
    0,
    0,
    1,
    1,
    1,
    1,
    1,
    1,
    1,
    1,
    1,
    1,
    1,
    1
  ],
  "y_pred": [
    0,
    0,
    1,
    1,
    1,
    0,
    0,
    0,
    0,
    0,
    0,
    0,
    0,
    0,
    0,
    0,
    0,
    0,
    0,
    0,
    0,
    0,
    0,
    0,
    0,
    0,
    0,
    0,
    0,
    0,
    0,
    0,
    0,
    0,
    0,
    0,
    0,
    0,
    0,
    0,
    0,
    0,
    0,
    0,
    0,
    0,
    0,
    0,
    0,
    0,
    1,
    0,
    0,
    0,
    0,
    0,
    0,
    0,
    0,
    0,
    0,
    0,
    0,
    1,
    1,
    1,
    1,
    1,
    1,
    0,
    1,
    1,
    0,
    1,
    1
  ],
  "y_prob": [
    0.0884757936000824,
    0.043616440147161484,
    0.7105234861373901,
    0.376430481672287,
    0.3946973979473114,
    0.006127646658569574,
    0.00269056367687881,
    0.012059085071086884,
    0.07497140020132065,
    0.04323039576411247,
    0.016061555594205856,
    0.0304784644395113,
    0.01297365315258503,
    0.0029060551896691322,
    0.01003486942499876,
    0.0031617549248039722,
    0.11818991601467133,
    0.2479085922241211,
    0.06796339899301529,
    0.04378524795174599,
    0.028035372495651245,
    0.007499116472899914,
    0.11155001819133759,
    0.003577610943466425,
    0.00838704127818346,
    0.01684468612074852,
    0.01672951877117157,
    0.01827876828610897,
    0.01232307031750679,
    0.0077035496942698956,
    0.0033383837435394526,
    0.009634776040911674,
    0.006577418651431799,
    0.2274278700351715,
    0.2508358657360077,
    0.22566770017147064,
    0.02014111541211605,
    0.21868117153644562,
    0.05005597695708275,
    0.04568500444293022,
    0.04217099770903587,
    0.009946932084858418,
    0.052541349083185196,
    0.34405723214149475,
    0.030487539246678352,
    0.06226812303066254,
    0.013680126518011093,
    0.005588880740106106,
    0.021893221884965897,
    0.0038693801034241915,
    0.44134122133255005,
    0.0012423014268279076,
    0.0035292827524244785,
    0.02659865841269493,
    0.002596926875412464,
    0.0064118728041648865,
    0.26647937297821045,
    0.14803563058376312,
    0.0300558153539896,
    0.005181025248020887,
    0.01281708013266325,
    0.003083338961005211,
    0.1216040849685669,
    0.9970278143882751,
    0.9173081517219543,
    0.9649744629859924,
    0.9970223307609558,
    0.9965704679489136,
    0.46717169880867004,
    0.13280534744262695,
    0.53174889087677,
    0.48867759108543396,
    0.062042731791734695,
    0.915696918964386,
    0.9577128887176514
  ]
}