{
  "confusion_matrix": {
    "tn": 62,
    "fp": 1,
    "fn": 0,
    "tp": 12
  },
  "confusion_matrix_normalized": {
    "tn": 0.9841269841269841,
    "fp": 0.015873015873015872,
    "fn": 0.0,
    "tp": 1.0
  }
}