{
  "precision": [
    0.16,
    0.16216216216216217,
    0.1643835616438356,
    0.16666666666666666,
    0.16901408450704225,
    0.17142857142857143,
    0.17391304347826086,
    0.17647058823529413,
    0.1791044776119403,
    0.18181818181818182,
    0.18461538461538463,
    0.1875,
    0.19047619047619047,
    0.1935483870967742,
    0.19672131147540983,
    0.2,
    0.2033898305084746,
    0.20689655172413793,
    0.21052631578947367,
    0.21428571428571427,
    0.21818181818181817,
    0.2222222222222222,
    0.22641509433962265,
    0.23076923076923078,
    0.23529411764705882,
    0.24,
    0.24489795918367346,
    0.25,
    0.2553191489361702,
    0.2608695652173913,
    0.26666666666666666,
    0.2727272727272727,
    0.27906976744186046,
    0.2857142857142857,
    0.2926829268292683,
    0.3,
    0.3076923076923077,
    0.3157894736842105,
    0.32432432432432434,
    0.3333333333333333,
    0.34285714285714286,
    0.35294117647058826,
    0.3333333333333333,
    0.34375,
    0.3548387096774194,
    0.36666666666666664,
    0.3793103448275862,
    0.39285714285714285,
    0.4074074074074074,
    0.4230769230769231,
    0.44,
    0.4583333333333333,
    0.4782608695652174,
    0.5,
    0.5238095238095238,
    0.5,
    0.5263157894736842,
    0.5555555555555556,
    0.5882352941176471,
    0.625,
    0.6,
    0.6428571428571429,
    0.6923076923076923,
    0.75,
    0.8181818181818182,
    0.8,
    0.8888888888888888,
    0.875,
    1.0,
    1.0,
    1.0,
    1.0,
    1.0,
    1.0,
    1.0,
    1.0
  ],
  "recall": [
    1.0,
    1.0,
    1.0,
    1.0,
    1.0,
    1.0,
    1.0,
    1.0,
    1.0,
    1.0,
    1.0,
    1.0,
    1.0,
    1.0,
    1.0,
    1.0,
    1.0,
    1.0,
    1.0,
    1.0,
    1.0,
    1.0,
    1.0,
    1.0,
    1.0,
    1.0,
    1.0,
    1.0,
    1.0,
    1.0,
    1.0,
    1.0,
    1.0,
    1.0,
    1.0,
    1.0,
    1.0,
    1.0,
    1.0,
    1.0,
    1.0,
    1.0,
    0.9166666666666666,
    0.9166666666666666,
    0.9166666666666666,
    0.9166666666666666,
    0.9166666666666666,
    0.9166666666666666,
    0.9166666666666666,
    0.9166666666666666,
    0.9166666666666666,
    0.9166666666666666,
    0.9166666666666666,
    0.9166666666666666,
    0.9166666666666666,
    0.8333333333333334,
    0.8333333333333334,
    0.8333333333333334,
    0.8333333333333334,
    0.8333333333333334,
    0.75,
    0.75,
    0.75,
    0.75,
    0.75,
    0.6666666666666666,
    0.6666666666666666,
    0.5833333333333334,
    0.5833333333333334,
    0.5,
    0.4166666666666667,
    0.3333333333333333,
    0.25,
    0.16666666666666666,
    0.08333333333333333,
    0.0
  ],
  "thresholds": [
    2.3462138415197842e-05,
    3.143616049783304e-05,
    3.159960760967806e-05,
    3.461655433056876e-05,
    4.3898209696635604e-05,
    4.6399822167586535e-05,
    5.3304705943446606e-05,
    5.522603169083595e-05,
    5.603370300377719e-05,
    5.875200804439373e-05,
    0.00010169246525038034,
    0.00010870776895899326,
    0.00013107465929351747,
    0.00013895600568503141,
    0.0001482942170696333,
    0.00015286888810805976,
    0.00016943563241511583,
    0.00017507771553937346,
    0.00019153975881636143,
    0.0001946382544701919,
    0.00021425554587040097,
    0.00022392391110770404,
    0.00023111696646083146,
    0.00023717102885711938,
    0.00024796021170914173,
    0.00025283917784690857,
    0.0002733849687501788,
    0.0002923495485447347,
    0.00031316379318013787,
    0.00032476295018568635,
    0.00034939992474392056,
    0.0003687831340357661,
    0.0003790921182371676,
    0.0005240925238467753,
    0.0006053820834495127,
    0.000642291153781116,
    0.0006476948037743568,
    0.0006485268240794539,
    0.0006532170227728784,
    0.0006984936189837754,
    0.0007380862371064723,
    0.0007520667859353125,
    0.0008040227112360299,
    0.0008187691564671695,
    0.0010257374960929155,
    0.0010877551976591349,
    0.0011025512358173728,
    0.001158459228463471,
    0.0011961619602516294,
    0.0012148560490459204,
    0.0016220711404457688,
    0.0017452867468819022,
    0.0017802031943574548,
    0.0022978351917117834,
    0.0023574347142130136,
    0.0023956571239978075,
    0.0024539008736610413,
    0.0027769249863922596,
    0.002789594465866685,
    0.0031078248284757137,
    0.0037322468124330044,
    0.004481218755245209,
    0.00497283274307847,
    0.006526501849293709,
    0.018464667722582817,
    0.01938698999583721,
    0.021937744691967964,
    0.021993475034832954,
    0.11014208197593689,
    0.1275564581155777,
    0.2962355613708496,
    0.8089653253555298,
    0.9776690602302551,
    0.9977983236312866,
    0.9993522763252258
  ]
}