{
  "y_true": [
    0,
    0,
    0,
    0,
    0,
    0,
    0,
    0,
    0,
    0,
    0,
    0,
    0,
    0,
    0,
    0,
    0,
    0,
    0,
    0,
    0,
    0,
    0,
    0,
    0,
    0,
    0,
    0,
    0,
    0,
    0,
    0,
    0,
    0,
    0,
    0,
    0,
    0,
    0,
    0,
    0,
    0,
    0,
    0,
    0,
    0,
    0,
    0,
    0,
    0,
    0,
    0,
    0,
    0,
    0,
    0,
    0,
    0,
    0,
    0,
    0,
    0,
    0,
    1,
    1,
    1,
    1,
    1,
    1,
    1,
    1,
    1,
    1,
    1,
    1
  ],
  "y_pred": [
    0,
    0,
    0,
    0,
    0,
    0,
    0,
    0,
    0,
    0,
    0,
    0,
    0,
    0,
    0,
    0,
    0,
    0,
    0,
    0,
    0,
    0,
    0,
    0,
    0,
    0,
    0,
    0,
    0,
    0,
    0,
    0,
    0,
    0,
    0,
    0,
    0,
    0,
    0,
    0,
    0,
    0,
    0,
    0,
    0,
    0,
    0,
    0,
    0,
    0,
    0,
    0,
    0,
    0,
    0,
    0,
    0,
    0,
    0,
    0,
    0,
    0,
    0,
    1,
    0,
    1,
    1,
    1,
    0,
    0,
    0,
    0,
    0,
    0,
    0
  ],
  "y_prob": [
    0.0012148560490459204,
    0.0010257374960929155,
    0.00497283274307847,
    0.0037322468124330044,
    0.006526501849293709,
    0.00031316379318013787,
    3.143616049783304e-05,
    0.0006984936189837754,
    0.0007380862371064723,
    0.0010877551976591349,
    0.00023111696646083146,
    0.0002923495485447347,
    5.875200804439373e-05,
    0.0001946382544701919,
    0.001158459228463471,
    0.0003790921182371676,
    0.00021425554587040097,
    0.0016220711404457688,
    0.000642291153781116,
    0.0011025512358173728,
    0.00025283917784690857,
    0.0001482942170696333,
    0.0017452867468819022,
    4.6399822167586535e-05,
    4.3898209696635604e-05,
    0.0005240925238467753,
    0.00017507771553937346,
    0.0011961619602516294,
    0.00023717102885711938,
    0.00019153975881636143,
    3.159960760967806e-05,
    0.00024796021170914173,
    0.00015286888810805976,
    0.021993475034832954,
    0.0008040227112360299,
    0.0022978351917117834,
    0.00013107465929351747,
    0.01938698999583721,
    0.0002733849687501788,
    0.00032476295018568635,
    0.0006532170227728784,
    0.0027769249863922596,
    0.00016943563241511583,
    0.004481218755245209,
    0.0006053820834495127,
    0.0008187691564671695,
    0.00013895600568503141,
    0.00010169246525038034,
    0.0003687831340357661,
    5.522603169083595e-05,
    0.0024539008736610413,
    0.00022392391110770404,
    3.461655433056876e-05,
    0.0006485268240794539,
    2.3462138415197842e-05,
    0.00034939992474392056,
    0.0023956571239978075,
    0.002789594465866685,
    0.0017802031943574548,
    5.603370300377719e-05,
    0.00010870776895899326,
    5.3304705943446606e-05,
    0.0006476948037743568,
    0.9993522763252258,
    0.11014208197593689,
    0.8089653253555298,
    0.9776690602302551,
    0.9977983236312866,
    0.018464667722582817,
    0.0023574347142130136,
    0.0031078248284757137,
    0.021937744691967964,
    0.0007520667859353125,
    0.1275564581155777,
    0.2962355613708496
  ]
}