{
  "confusion_matrix": {
    "tn": 61,
    "fp": 2,
    "fn": 6,
    "tp": 6
  },
  "confusion_matrix_normalized": {
    "tn": 0.9682539682539683,
    "fp": 0.031746031746031744,
    "fn": 0.5,
    "tp": 0.5
  }
}