{
  "precision": [
    0.16,
    0.16216216216216217,
    0.1643835616438356,
    0.16666666666666666,
    0.16901408450704225,
    0.17142857142857143,
    0.17391304347826086,
    0.17647058823529413,
    0.1791044776119403,
    0.18181818181818182,
    0.18461538461538463,
    0.1875,
    0.1746031746031746,
    0.1774193548387097,
    0.18032786885245902,
    0.18333333333333332,
    0.1864406779661017,
    0.1896551724137931,
    0.19298245614035087,
    0.19642857142857142,
    0.2,
    0.2037037037037037,
    0.20754716981132076,
    0.21153846153846154,
    0.21568627450980393,
    0.22,
    0.22448979591836735,
    0.22916666666666666,
    0.23404255319148937,
    0.2391304347826087,
    0.24444444444444444,
    0.25,
    0.2558139534883721,
    0.23809523809523808,
    0.24390243902439024,
    0.25,
    0.2564102564102564,
    0.2631578947368421,
    0.2702702702702703,
    0.2777777777777778,
    0.2857142857142857,
    0.29411764705882354,
    0.30303030303030304,
    0.3125,
    0.2903225806451613,
    0.3,
    0.3103448275862069,
    0.32142857142857145,
    0.3333333333333333,
    0.34615384615384615,
    0.36,
    0.375,
    0.391304347826087,
    0.4090909090909091,
    0.42857142857142855,
    0.45,
    0.47368421052631576,
    0.5,
    0.5294117647058824,
    0.5625,
    0.6,
    0.6428571428571429,
    0.6153846153846154,
    0.6666666666666666,
    0.7272727272727273,
    0.8,
    0.7777777777777778,
    0.875,
    0.8571428571428571,
    1.0,
    1.0,
    1.0,
    1.0,
    1.0,
    1.0,
    1.0
  ],
  "recall": [
    1.0,
    1.0,
    1.0,
    1.0,
    1.0,
    1.0,
    1.0,
    1.0,
    1.0,
    1.0,
    1.0,
    1.0,
    0.9166666666666666,
    0.9166666666666666,
    0.9166666666666666,
    0.9166666666666666,
    0.9166666666666666,
    0.9166666666666666,
    0.9166666666666666,
    0.9166666666666666,
    0.9166666666666666,
    0.9166666666666666,
    0.9166666666666666,
    0.9166666666666666,
    0.9166666666666666,
    0.9166666666666666,
    0.9166666666666666,
    0.9166666666666666,
    0.9166666666666666,
    0.9166666666666666,
    0.9166666666666666,
    0.9166666666666666,
    0.9166666666666666,
    0.8333333333333334,
    0.8333333333333334,
    0.8333333333333334,
    0.8333333333333334,
    0.8333333333333334,
    0.8333333333333334,
    0.8333333333333334,
    0.8333333333333334,
    0.8333333333333334,
    0.8333333333333334,
    0.8333333333333334,
    0.75,
    0.75,
    0.75,
    0.75,
    0.75,
    0.75,
    0.75,
    0.75,
    0.75,
    0.75,
    0.75,
    0.75,
    0.75,
    0.75,
    0.75,
    0.75,
    0.75,
    0.75,
    0.6666666666666666,
    0.6666666666666666,
    0.6666666666666666,
    0.6666666666666666,
    0.5833333333333334,
    0.5833333333333334,
    0.5,
    0.5,
    0.4166666666666667,
    0.3333333333333333,
    0.25,
    0.16666666666666666,
    0.08333333333333333,
    0.0
  ],
  "thresholds": [
    0.07204531133174896,
    0.0725540742278099,
    0.07263083010911942,
    0.07272739708423615,
    0.07288670539855957,
    0.07290620356798172,
    0.07310403883457184,
    0.07314348220825195,
    0.07315166294574738,
    0.07329429686069489,
    0.07335195690393448,
    0.07336375117301941,
    0.0734391063451767,
    0.07355175912380219,
    0.07355254888534546,
    0.07363054156303406,
    0.07365858554840088,
    0.07367318123579025,
    0.07369223237037659,
    0.07380644977092743,
    0.07389871776103973,
    0.07410193979740143,
    0.07411065697669983,
    0.0742546021938324,
    0.0742708370089531,
    0.07427821308374405,
    0.07436379790306091,
    0.07436464726924896,
    0.07456981390714645,
    0.07470900565385818,
    0.07485159486532211,
    0.07492871582508087,
    0.07493899762630463,
    0.07494008541107178,
    0.07509151101112366,
    0.07509762048721313,
    0.07524243742227554,
    0.07524526119232178,
    0.07525250315666199,
    0.07570795714855194,
    0.07590351998806,
    0.07591276615858078,
    0.07600008696317673,
    0.07604143023490906,
    0.07651917636394501,
    0.07659195363521576,
    0.0773184522986412,
    0.0775236263871193,
    0.07753058522939682,
    0.0775981992483139,
    0.07832961529493332,
    0.07841172069311142,
    0.07920778542757034,
    0.07923295348882675,
    0.07926450669765472,
    0.07965719699859619,
    0.07982063293457031,
    0.08042170852422714,
    0.08146707713603973,
    0.08240874856710434,
    0.08318687230348587,
    0.08371938765048981,
    0.0886530727148056,
    0.08885975927114487,
    0.09151353687047958,
    0.11529535800218582,
    0.18400752544403076,
    0.30883553624153137,
    0.6339417099952698,
    0.8937309384346008,
    0.9128091931343079,
    0.9380950331687927,
    0.9457921385765076,
    0.9461334347724915,
    0.9471611976623535
  ]
}