{
  "y_true": [
    0,
    0,
    0,
    0,
    0,
    0,
    0,
    0,
    0,
    0,
    0,
    0,
    0,
    0,
    0,
    0,
    0,
    0,
    0,
    0,
    0,
    0,
    0,
    0,
    0,
    0,
    0,
    0,
    0,
    0,
    0,
    0,
    0,
    0,
    0,
    0,
    0,
    0,
    0,
    0,
    0,
    0,
    0,
    0,
    0,
    0,
    0,
    0,
    0,
    0,
    0,
    0,
    0,
    0,
    0,
    0,
    0,
    0,
    0,
    0,
    0,
    0,
    0,
    1,
    1,
    1,
    1,
    1,
    1,
    1,
    1,
    1,
    1,
    1,
    1
  ],
  "y_pred": [
    0,
    0,
    0,
    0,
    0,
    0,
    0,
    0,
    0,
    0,
    0,
    0,
    0,
    0,
    0,
    0,
    0,
    0,
    0,
    0,
    0,
    0,
    0,
    0,
    0,
    0,
    0,
    0,
    0,
    0,
    0,
    0,
    0,
    0,
    0,
    0,
    0,
    0,
    0,
    0,
    0,
    0,
    0,
    0,
    0,
    0,
    0,
    0,
    0,
    0,
    0,
    0,
    0,
    0,
    0,
    0,
    0,
    0,
    0,
    0,
    0,
    0,
    0,
    1,
    1,
    1,
    1,
    1,
    0,
    0,
    0,
    0,
    0,
    0,
    1
  ],
  "y_prob": [
    0.0734391063451767,
    0.07509762048721313,
    0.08146707713603973,
    0.18400752544403076,
    0.08318687230348587,
    0.07436379790306091,
    0.07470900565385818,
    0.07982063293457031,
    0.07492871582508087,
    0.07923295348882675,
    0.07389871776103973,
    0.07315166294574738,
    0.07456981390714645,
    0.07591276615858078,
    0.0773184522986412,
    0.07380644977092743,
    0.07841172069311142,
    0.0886530727148056,
    0.07753058522939682,
    0.07410193979740143,
    0.07272739708423615,
    0.07310403883457184,
    0.07926450669765472,
    0.07427821308374405,
    0.07290620356798172,
    0.08042170852422714,
    0.07524243742227554,
    0.07524526119232178,
    0.07509151101112366,
    0.07570795714855194,
    0.07590351998806,
    0.07651917636394501,
    0.07329429686069489,
    0.07355175912380219,
    0.0775236263871193,
    0.07525250315666199,
    0.0742708370089531,
    0.07436464726924896,
    0.08240874856710434,
    0.07659195363521576,
    0.07314348220825195,
    0.07288670539855957,
    0.0775981992483139,
    0.6339417099952698,
    0.07965719699859619,
    0.07335195690393448,
    0.07485159486532211,
    0.07832961529493332,
    0.07365858554840088,
    0.07263083010911942,
    0.07204531133174896,
    0.07367318123579025,
    0.07411065697669983,
    0.07494008541107178,
    0.07363054156303406,
    0.07369223237037659,
    0.07600008696317673,
    0.09151353687047958,
    0.0725540742278099,
    0.07355254888534546,
    0.0742546021938324,
    0.07920778542757034,
    0.08885975927114487,
    0.9471611976623535,
    0.9128091931343079,
    0.9457921385765076,
    0.9380950331687927,
    0.9461334347724915,
    0.07604143023490906,
    0.07336375117301941,
    0.11529535800218582,
    0.08371938765048981,
    0.07493899762630463,
    0.30883553624153137,
    0.8937309384346008
  ]
}