{
  "confusion_matrix": {
    "tn": 62,
    "fp": 1,
    "fn": 4,
    "tp": 8
  },
  "confusion_matrix_normalized": {
    "tn": 0.9841269841269841,
    "fp": 0.015873015873015872,
    "fn": 0.3333333333333333,
    "tp": 0.6666666666666666
  }
}