{
  "accuracy": 0.8933333333333333,
  "balanced_accuracy": 0.6666666666666666,
  "precision": 1.0,
  "recall": 0.3333333333333333,
  "f1": 0.5,
  "roc_auc": 0.9788359788359788,
  "pr_auc": 0.9131655381655381,
  "class_distribution": {
    "0": 63,
    "1": 12
  },
  "per_class_precision_recall": {
    "class_0": {
      "precision": 0.8873239436619719,
      "recall": 1.0
    },
    "class_1": {
      "precision": 1.0,
      "recall": 0.3333333333333333
    }
  },
  "confusion_matrix": {
    "tn": 63,
    "fp": 0,
    "fn": 8,
    "tp": 4
  },
  "confusion_matrix_normalized": {
    "tn": 1.0,
    "fp": 0.0,
    "fn": 0.6666666666666666,
    "tp": 0.3333333333333333
  },
  "threshold": 0.5,
  "n_samples": 75,
  "mean_probability": 0.08309730142354965
}