{
  "metadata": {
    "approach": "Threshold sweep on validation set, applied to test set",
    "note": "Prevents data leakage: threshold and temperature selected on validation ONLY"
  },
  "best_validation": {
    "epoch": 1,
    "loss": 0.13204785698168986,
    "accuracy": 0.9864864864864865,
    "precision": 0.999999999090909,
    "recall": 0.999999999090909,
    "f1": 0.999999994090909,
    "ece": 0.18865212959212224,
    "brier": 0.04198462516069412
  },
  "test": {
    "threshold_used": 0.40000000000000013,
    "loss": 0.1206349508909436,
    "accuracy": 1.0,
    "precision": 0.9999999991666666,
    "recall": 0.9999999991666666,
    "f1": 0.9999999941666666,
    "roc_auc": 1.0,
    "pr_auc": 1.0,
    "ece": 0.0006523213860300648,
    "brier": 1.7553172710904619e-06
  },
  "test_diagnostics": {
    "fraction_predicted_positive": 0.15584415584415584,
    "fraction_predicted_negative": 0.8441558441558441,
    "tp": 12,
    "tn": 65,
    "fp": 0,
    "fn": 0
  },
  "calibration": {
    "temperature": 0.25,
    "ece_bins": 10
  }
}