{
  "feature_mean": [
    0.246807262301445,
    2.5628209186834283e-05,
    0.2467889040708542,
    0.053293123841285706,
    -0.0002004615671467036,
    7.100876973709092e-05,
    0.16462033987045288,
    -7.719788118265569e-05,
    0.16467104852199554,
    0.05021928623318672,
    -0.0003263937251176685,
    -0.00014238894800655544,
    0.7388811111450195,
    1.3377608638620586e-06,
    0.7388839721679688,
    0.05279543250799179,
    0.00020113216305617243,
    -3.331782863824628e-05,
    0.16790559887886047,
    4.54817054560408e-05,
    0.1678529977798462,
    0.05073938146233559,
    -0.000566717644687742,
    6.092656258260831e-05,
    0.8032076954841614,
    -0.00019931307178921998,
    0.8034210801124573,
    0.05201258882880211,
    0.0002268079697387293,
    -0.00032781745539978147
  ],
  "feature_std": [
    0.13102996349334717,
    0.1002039983868599,
    0.11575237661600113,
    0.030023764818906784,
    0.9990993142127991,
    0.05959605053067207,
    0.1458229422569275,
    0.09562482684850693,
    0.13367882370948792,
    0.029542652890086174,
    0.998958945274353,
    0.05662700906395912,
    0.13854597508907318,
    0.09956570714712143,
    0.12455637753009796,
    0.030021244660019875,
    0.9990419745445251,
    0.05891512706875801,
    0.1314331442117691,
    0.0958852767944336,
    0.11768238991498947,
    0.02910889871418476,
    0.9980639815330505,
    0.056837115436792374,
    0.1395990550518036,
    0.09882624447345734,
    0.12596668303012848,
    0.02991698682308197,
    0.998999834060669,
    0.05801818519830704
  ]
}