{
  "accuracy": 0.92,
  "balanced_accuracy": 0.7837301587301587,
  "precision": 0.875,
  "recall": 0.5833333333333334,
  "f1": 0.7000000000000001,
  "roc_auc": 0.8042328042328043,
  "pr_auc": 0.6976168188452673,
  "class_distribution": {
    "0": 63,
    "1": 12
  },
  "per_class_precision_recall": {
    "class_0": {
      "precision": 0.9253731343283582,
      "recall": 0.9841269841269841
    },
    "class_1": {
      "precision": 0.875,
      "recall": 0.5833333333333334
    }
  },
  "confusion_matrix": {
    "tn": 62,
    "fp": 1,
    "fn": 5,
    "tp": 7
  },
  "confusion_matrix_normalized": {
    "tn": 0.9841269841269841,
    "fp": 0.015873015873015872,
    "fn": 0.4166666666666667,
    "tp": 0.5833333333333334
  },
  "threshold": 0.35,
  "n_samples": 75,
  "mean_probability": 0.2463124543428421,
  "pr_curve": {
    "precision": [
      0.16,
      0.16216216216216217,
      0.1643835616438356,
      0.16666666666666666,
      0.16901408450704225,
      0.17142857142857143,
      0.17391304347826086,
      0.17647058823529413,
      0.1791044776119403,
      0.18181818181818182,
      0.18461538461538463,
      0.1875,
      0.19047619047619047,
      0.1774193548387097,
      0.18032786885245902,
      0.18333333333333332,
      0.1864406779661017,
      0.1896551724137931,
      0.19298245614035087,
      0.19642857142857142,
      0.2,
      0.2037037037037037,
      0.20754716981132076,
      0.21153846153846154,
      0.21568627450980393,
      0.22,
      0.22448979591836735,
      0.22916666666666666,
      0.2127659574468085,
      0.21739130434782608,
      0.2222222222222222,
      0.22727272727272727,
      0.23255813953488372,
      0.23809523809523808,
      0.24390243902439024,
      0.25,
      0.2564102564102564,
      0.2631578947368421,
      0.2702702702702703,
      0.2777777777777778,
      0.2571428571428571,
      0.2647058823529412,
      0.2727272727272727,
      0.28125,
      0.2903225806451613,
      0.3,
      0.3103448275862069,
      0.2857142857142857,
      0.2962962962962963,
      0.3076923076923077,
      0.32,
      0.3333333333333333,
      0.34782608695652173,
      0.36363636363636365,
      0.3333333333333333,
      0.35,
      0.3684210526315789,
      0.3888888888888889,
      0.4117647058823529,
      0.4375,
      0.4666666666666667,
      0.5,
      0.5384615384615384,
      0.5833333333333334,
      0.6363636363636364,
      0.7,
      0.7777777777777778,
      0.875,
      1.0,
      1.0,
      1.0,
      1.0,
      1.0,
      1.0,
      1.0,
      1.0
    ],
    "recall": [
      1.0,
      1.0,
      1.0,
      1.0,
      1.0,
      1.0,
      1.0,
      1.0,
      1.0,
      1.0,
      1.0,
      1.0,
      1.0,
      0.9166666666666666,
      0.9166666666666666,
      0.9166666666666666,
      0.9166666666666666,
      0.9166666666666666,
      0.9166666666666666,
      0.9166666666666666,
      0.9166666666666666,
      0.9166666666666666,
      0.9166666666666666,
      0.9166666666666666,
      0.9166666666666666,
      0.9166666666666666,
      0.9166666666666666,
      0.9166666666666666,
      0.8333333333333334,
      0.8333333333333334,
      0.8333333333333334,
      0.8333333333333334,
      0.8333333333333334,
      0.8333333333333334,
      0.8333333333333334,
      0.8333333333333334,
      0.8333333333333334,
      0.8333333333333334,
      0.8333333333333334,
      0.8333333333333334,
      0.75,
      0.75,
      0.75,
      0.75,
      0.75,
      0.75,
      0.75,
      0.6666666666666666,
      0.6666666666666666,
      0.6666666666666666,
      0.6666666666666666,
      0.6666666666666666,
      0.6666666666666666,
      0.6666666666666666,
      0.5833333333333334,
      0.5833333333333334,
      0.5833333333333334,
      0.5833333333333334,
      0.5833333333333334,
      0.5833333333333334,
      0.5833333333333334,
      0.5833333333333334,
      0.5833333333333334,
      0.5833333333333334,
      0.5833333333333334,
      0.5833333333333334,
      0.5833333333333334,
      0.5833333333333334,
      0.5833333333333334,
      0.5,
      0.4166666666666667,
      0.3333333333333333,
      0.25,
      0.16666666666666666,
      0.08333333333333333,
      0.0
    ],
    "thresholds": [
      0.1660209447145462,
      0.16655175387859344,
      0.1668245494365692,
      0.167225182056427,
      0.16739405691623688,
      0.16790930926799774,
      0.16810739040374756,
      0.1684163212776184,
      0.16846096515655518,
      0.16857364773750305,
      0.1688695102930069,
      0.16889142990112305,
      0.16921694576740265,
      0.1694280356168747,
      0.16960911452770233,
      0.169687882065773,
      0.16980993747711182,
      0.16982807219028473,
      0.17005950212478638,
      0.17007729411125183,
      0.1702890396118164,
      0.17029617726802826,
      0.17060285806655884,
      0.170613095164299,
      0.17087781429290771,
      0.17092201113700867,
      0.17097921669483185,
      0.17111118137836456,
      0.17133817076683044,
      0.17146450281143188,
      0.17165708541870117,
      0.1717791110277176,
      0.17187725007534027,
      0.17217591404914856,
      0.17228491604328156,
      0.1723555475473404,
      0.17249394953250885,
      0.17268678545951843,
      0.17299287021160126,
      0.17314112186431885,
      0.17347851395606995,
      0.17355988919734955,
      0.1742352843284607,
      0.17467503249645233,
      0.17499513924121857,
      0.17506679892539978,
      0.1756533682346344,
      0.17587929964065552,
      0.17592351138591766,
      0.17596200108528137,
      0.17674192786216736,
      0.17760056257247925,
      0.17761504650115967,
      0.1776793748140335,
      0.18028874695301056,
      0.18136440217494965,
      0.18183928728103638,
      0.18400254845619202,
      0.18678297102451324,
      0.19076070189476013,
      0.19138959050178528,
      0.19185206294059753,
      0.1940983235836029,
      0.1949947476387024,
      0.20957349240779877,
      0.23548567295074463,
      0.245085671544075,
      0.3606591820716858,
      0.5240477919578552,
      0.9198575615882874,
      0.9403179287910461,
      0.9645418524742126,
      0.9775992631912231,
      0.9779884815216064,
      0.978937566280365
    ]
  }
}