{
  "accuracy": 0.92,
  "balanced_accuracy": 0.75,
  "precision": 1.0,
  "recall": 0.5,
  "f1": 0.6666666666666666,
  "roc_auc": 0.8174603174603176,
  "pr_auc": 0.714242939791168,
  "class_distribution": {
    "0": 63,
    "1": 12
  },
  "per_class_precision_recall": {
    "class_0": {
      "precision": 0.9130434782608695,
      "recall": 1.0
    },
    "class_1": {
      "precision": 1.0,
      "recall": 0.5
    }
  },
  "confusion_matrix": {
    "tn": 63,
    "fp": 0,
    "fn": 6,
    "tp": 6
  },
  "confusion_matrix_normalized": {
    "tn": 1.0,
    "fp": 0.0,
    "fn": 0.5,
    "tp": 0.5
  },
  "threshold": 0.85,
  "n_samples": 75,
  "mean_probability": 0.16776859760284424,
  "pr_curve": {
    "precision": [
      0.16,
      0.16216216216216217,
      0.1643835616438356,
      0.16666666666666666,
      0.16901408450704225,
      0.17142857142857143,
      0.17391304347826086,
      0.17647058823529413,
      0.1791044776119403,
      0.18181818181818182,
      0.18461538461538463,
      0.1875,
      0.19047619047619047,
      0.1935483870967742,
      0.19672131147540983,
      0.2,
      0.2033898305084746,
      0.20689655172413793,
      0.19298245614035087,
      0.19642857142857142,
      0.2,
      0.2037037037037037,
      0.20754716981132076,
      0.21153846153846154,
      0.21568627450980393,
      0.22,
      0.22448979591836735,
      0.20833333333333334,
      0.2127659574468085,
      0.21739130434782608,
      0.2222222222222222,
      0.22727272727272727,
      0.23255813953488372,
      0.23809523809523808,
      0.24390243902439024,
      0.25,
      0.2564102564102564,
      0.2631578947368421,
      0.2702702702702703,
      0.2777777777777778,
      0.2571428571428571,
      0.2647058823529412,
      0.2727272727272727,
      0.28125,
      0.2903225806451613,
      0.26666666666666666,
      0.27586206896551724,
      0.2857142857142857,
      0.2962962962962963,
      0.3076923076923077,
      0.32,
      0.3333333333333333,
      0.34782608695652173,
      0.36363636363636365,
      0.38095238095238093,
      0.4,
      0.42105263157894735,
      0.4444444444444444,
      0.47058823529411764,
      0.5,
      0.5333333333333333,
      0.5714285714285714,
      0.5384615384615384,
      0.5833333333333334,
      0.6363636363636364,
      0.7,
      0.7777777777777778,
      0.875,
      1.0,
      1.0,
      1.0,
      1.0,
      1.0,
      1.0,
      1.0,
      1.0
    ],
    "recall": [
      1.0,
      1.0,
      1.0,
      1.0,
      1.0,
      1.0,
      1.0,
      1.0,
      1.0,
      1.0,
      1.0,
      1.0,
      1.0,
      1.0,
      1.0,
      1.0,
      1.0,
      1.0,
      0.9166666666666666,
      0.9166666666666666,
      0.9166666666666666,
      0.9166666666666666,
      0.9166666666666666,
      0.9166666666666666,
      0.9166666666666666,
      0.9166666666666666,
      0.9166666666666666,
      0.8333333333333334,
      0.8333333333333334,
      0.8333333333333334,
      0.8333333333333334,
      0.8333333333333334,
      0.8333333333333334,
      0.8333333333333334,
      0.8333333333333334,
      0.8333333333333334,
      0.8333333333333334,
      0.8333333333333334,
      0.8333333333333334,
      0.8333333333333334,
      0.75,
      0.75,
      0.75,
      0.75,
      0.75,
      0.6666666666666666,
      0.6666666666666666,
      0.6666666666666666,
      0.6666666666666666,
      0.6666666666666666,
      0.6666666666666666,
      0.6666666666666666,
      0.6666666666666666,
      0.6666666666666666,
      0.6666666666666666,
      0.6666666666666666,
      0.6666666666666666,
      0.6666666666666666,
      0.6666666666666666,
      0.6666666666666666,
      0.6666666666666666,
      0.6666666666666666,
      0.5833333333333334,
      0.5833333333333334,
      0.5833333333333334,
      0.5833333333333334,
      0.5833333333333334,
      0.5833333333333334,
      0.5833333333333334,
      0.5,
      0.4166666666666667,
      0.3333333333333333,
      0.25,
      0.16666666666666666,
      0.08333333333333333,
      0.0
    ],
    "thresholds": [
      0.055012576282024384,
      0.05586661398410797,
      0.05595630034804344,
      0.056078799068927765,
      0.05701153725385666,
      0.05706533044576645,
      0.057313546538352966,
      0.05746811628341675,
      0.05820799246430397,
      0.058489374816417694,
      0.05895297974348068,
      0.060197461396455765,
      0.06032742187380791,
      0.06044037640094757,
      0.06093695014715195,
      0.06095713749527931,
      0.06183163449168205,
      0.061851609498262405,
      0.06195293739438057,
      0.0621488131582737,
      0.06234635412693024,
      0.06276796013116837,
      0.06282121688127518,
      0.06303180754184723,
      0.06313095986843109,
      0.06327540427446365,
      0.06333521753549576,
      0.06356242299079895,
      0.06360594928264618,
      0.06447069346904755,
      0.06517153233289719,
      0.06551000475883484,
      0.06644022464752197,
      0.06657566130161285,
      0.06731384247541428,
      0.06744064390659332,
      0.06806526333093643,
      0.06886373460292816,
      0.06900384277105331,
      0.06939984112977982,
      0.06954200565814972,
      0.0710190162062645,
      0.07196518778800964,
      0.07310725003480911,
      0.07469325512647629,
      0.07479430735111237,
      0.07492929697036743,
      0.07510535418987274,
      0.0798468217253685,
      0.08004472404718399,
      0.0803118646144867,
      0.08210556954145432,
      0.08214027434587479,
      0.08322762697935104,
      0.08669398725032806,
      0.0922415480017662,
      0.09815411269664764,
      0.11219903826713562,
      0.11666358262300491,
      0.1225014328956604,
      0.15072281658649445,
      0.1592758446931839,
      0.16442853212356567,
      0.19685202836990356,
      0.2352992445230484,
      0.29091545939445496,
      0.43630900979042053,
      0.5146432518959045,
      0.6754354238510132,
      0.8659612536430359,
      0.924567461013794,
      0.9421954154968262,
      0.9452654719352722,
      0.9467462301254272,
      0.948540985584259
    ]
  }
}