{
  "y_true": [
    0,
    0,
    0,
    0,
    0,
    0,
    0,
    0,
    0,
    0,
    0,
    0,
    0,
    0,
    0,
    0,
    0,
    0,
    0,
    0,
    0,
    0,
    0,
    0,
    0,
    0,
    0,
    0,
    0,
    0,
    0,
    0,
    0,
    0,
    0,
    0,
    0,
    0,
    0,
    0,
    0,
    0,
    0,
    0,
    0,
    0,
    0,
    0,
    0,
    0,
    0,
    0,
    0,
    0,
    0,
    0,
    0,
    0,
    0,
    0,
    0,
    0,
    0,
    1,
    1,
    1,
    1,
    1,
    1,
    1,
    1,
    1,
    1,
    1,
    1
  ],
  "y_pred": [
    0,
    0,
    0,
    0,
    0,
    0,
    0,
    0,
    0,
    0,
    0,
    0,
    0,
    0,
    0,
    0,
    0,
    0,
    0,
    0,
    0,
    0,
    0,
    0,
    0,
    0,
    0,
    0,
    0,
    0,
    0,
    0,
    0,
    0,
    0,
    0,
    0,
    0,
    0,
    0,
    0,
    0,
    0,
    0,
    0,
    0,
    0,
    0,
    0,
    0,
    0,
    0,
    0,
    0,
    0,
    0,
    0,
    0,
    0,
    0,
    0,
    0,
    0,
    1,
    1,
    1,
    1,
    1,
    0,
    0,
    0,
    0,
    0,
    0,
    1
  ],
  "y_prob": [
    0.06032742187380791,
    0.06234635412693024,
    0.07510535418987274,
    0.29091545939445496,
    0.43630900979042053,
    0.06044037640094757,
    0.06313095986843109,
    0.19685202836990356,
    0.0710190162062645,
    0.06806526333093643,
    0.06195293739438057,
    0.0621488131582737,
    0.15072281658649445,
    0.0803118646144867,
    0.06551000475883484,
    0.07310725003480911,
    0.05701153725385666,
    0.06954200565814972,
    0.08214027434587479,
    0.06303180754184723,
    0.06360594928264618,
    0.055012576282024384,
    0.08322762697935104,
    0.05746811628341675,
    0.05895297974348068,
    0.08669398725032806,
    0.09815411269664764,
    0.06356242299079895,
    0.06644022464752197,
    0.06093695014715195,
    0.06886373460292816,
    0.06447069346904755,
    0.05586661398410797,
    0.06731384247541428,
    0.0922415480017662,
    0.07196518778800964,
    0.07492929697036743,
    0.06900384277105331,
    0.2352992445230484,
    0.08004472404718399,
    0.05706533044576645,
    0.05595630034804344,
    0.06657566130161285,
    0.5146432518959045,
    0.06744064390659332,
    0.06327540427446365,
    0.11666358262300491,
    0.06276796013116837,
    0.08210556954145432,
    0.056078799068927765,
    0.0798468217253685,
    0.058489374816417694,
    0.06183163449168205,
    0.06517153233289719,
    0.060197461396455765,
    0.05820799246430397,
    0.07479430735111237,
    0.16442853212356567,
    0.06095713749527931,
    0.057313546538352966,
    0.06282121688127518,
    0.1225014328956604,
    0.11219903826713562,
    0.9467462301254272,
    0.924567461013794,
    0.9452654719352722,
    0.9421954154968262,
    0.948540985584259,
    0.06939984112977982,
    0.06333521753549576,
    0.1592758446931839,
    0.07469325512647629,
    0.061851609498262405,
    0.6754354238510132,
    0.8659612536430359
  ]
}