{
  "y_true": [
    0,
    0,
    0,
    0,
    0,
    0,
    0,
    0,
    0,
    0,
    0,
    0,
    0,
    0,
    0,
    0,
    0,
    0,
    0,
    0,
    0,
    0,
    0,
    0,
    0,
    0,
    0,
    0,
    0,
    0,
    0,
    0,
    0,
    0,
    0,
    0,
    0,
    0,
    0,
    0,
    0,
    0,
    0,
    0,
    0,
    0,
    0,
    0,
    0,
    0,
    0,
    0,
    0,
    0,
    0,
    0,
    0,
    0,
    0,
    0,
    0,
    0,
    0,
    1,
    1,
    1,
    1,
    1,
    1,
    1,
    1,
    1,
    1,
    1,
    1
  ],
  "y_pred": [
    0,
    0,
    0,
    0,
    0,
    0,
    0,
    0,
    0,
    0,
    0,
    0,
    0,
    0,
    0,
    0,
    0,
    0,
    0,
    0,
    0,
    0,
    0,
    0,
    0,
    0,
    0,
    0,
    0,
    0,
    0,
    0,
    0,
    0,
    0,
    0,
    0,
    0,
    0,
    0,
    0,
    0,
    0,
    1,
    0,
    0,
    0,
    0,
    0,
    0,
    0,
    0,
    0,
    0,
    0,
    0,
    0,
    0,
    0,
    0,
    0,
    0,
    0,
    1,
    1,
    1,
    1,
    1,
    0,
    0,
    0,
    0,
    0,
    1,
    1
  ],
  "y_prob": [
    0.17029617726802826,
    0.16810739040374756,
    0.17761504650115967,
    0.1940983235836029,
    0.245085671544075,
    0.16980993747711182,
    0.17228491604328156,
    0.23548567295074463,
    0.17299287021160126,
    0.17467503249645233,
    0.1717791110277176,
    0.1723555475473404,
    0.1949947476387024,
    0.18678297102451324,
    0.17060285806655884,
    0.17760056257247925,
    0.17092201113700867,
    0.17249394953250885,
    0.18183928728103638,
    0.169687882065773,
    0.16857364773750305,
    0.1688695102930069,
    0.18136440217494965,
    0.16790930926799774,
    0.17005950212478638,
    0.1702890396118164,
    0.18400254845619202,
    0.17165708541870117,
    0.1742352843284607,
    0.16889142990112305,
    0.17596200108528137,
    0.17087781429290771,
    0.16739405691623688,
    0.17499513924121857,
    0.17506679892539978,
    0.17146450281143188,
    0.17133817076683044,
    0.17355988919734955,
    0.20957349240779877,
    0.17592351138591766,
    0.1684163212776184,
    0.1668245494365692,
    0.16655175387859344,
    0.3606591820716858,
    0.17347851395606995,
    0.170613095164299,
    0.19185206294059753,
    0.17217591404914856,
    0.18028874695301056,
    0.167225182056427,
    0.17268678545951843,
    0.16982807219028473,
    0.17007729411125183,
    0.17097921669483185,
    0.1694280356168747,
    0.16846096515655518,
    0.17674192786216736,
    0.19076070189476013,
    0.16960911452770233,
    0.1660209447145462,
    0.17187725007534027,
    0.19138959050178528,
    0.17587929964065552,
    0.9779884815216064,
    0.9198575615882874,
    0.9775992631912231,
    0.9645418524742126,
    0.978937566280365,
    0.1756533682346344,
    0.16921694576740265,
    0.1776793748140335,
    0.17314112186431885,
    0.17111118137836456,
    0.5240477919578552,
    0.9403179287910461
  ]
}