{
  "accuracy": 0.9066666666666666,
  "balanced_accuracy": 0.7757936507936508,
  "precision": 0.7777777777777778,
  "recall": 0.5833333333333334,
  "f1": 0.6666666666666666,
  "roc_auc": 0.8928571428571428,
  "pr_auc": 0.786796291804781,
  "class_distribution": {
    "0": 63,
    "1": 12
  },
  "per_class_precision_recall": {
    "class_0": {
      "precision": 0.9242424242424242,
      "recall": 0.9682539682539683
    },
    "class_1": {
      "precision": 0.7777777777777778,
      "recall": 0.5833333333333334
    }
  },
  "confusion_matrix": {
    "tn": 61,
    "fp": 2,
    "fn": 5,
    "tp": 7
  },
  "confusion_matrix_normalized": {
    "tn": 0.9682539682539683,
    "fp": 0.031746031746031744,
    "fn": 0.4166666666666667,
    "tp": 0.5833333333333334
  },
  "threshold": 0.25,
  "n_samples": 75,
  "mean_probability": 0.10620000213384628,
  "pr_curve": {
    "precision": [
      0.16,
      0.17142857142857143,
      0.19047619047619047,
      0.21052631578947367,
      0.21153846153846154,
      0.24444444444444444,
      0.2682926829268293,
      0.2894736842105263,
      0.3055555555555556,
      0.3142857142857143,
      0.3333333333333333,
      0.34375,
      0.3548387096774194,
      0.3448275862068966,
      0.35714285714285715,
      0.37037037037037035,
      0.38461538461538464,
      0.4166666666666667,
      0.43478260869565216,
      0.45454545454545453,
      0.47619047619047616,
      0.47368421052631576,
      0.5,
      0.5294117647058824,
      0.6,
      0.5714285714285714,
      0.6666666666666666,
      0.7272727272727273,
      0.8,
      0.7777777777777778,
      0.875,
      1.0,
      1.0,
      1.0,
      1.0,
      1.0,
      1.0,
      1.0,
      1.0
    ],
    "recall": [
      1.0,
      1.0,
      1.0,
      1.0,
      0.9166666666666666,
      0.9166666666666666,
      0.9166666666666666,
      0.9166666666666666,
      0.9166666666666666,
      0.9166666666666666,
      0.9166666666666666,
      0.9166666666666666,
      0.9166666666666666,
      0.8333333333333334,
      0.8333333333333334,
      0.8333333333333334,
      0.8333333333333334,
      0.8333333333333334,
      0.8333333333333334,
      0.8333333333333334,
      0.8333333333333334,
      0.75,
      0.75,
      0.75,
      0.75,
      0.6666666666666666,
      0.6666666666666666,
      0.6666666666666666,
      0.6666666666666666,
      0.5833333333333334,
      0.5833333333333334,
      0.5833333333333334,
      0.5,
      0.4166666666666667,
      0.3333333333333333,
      0.25,
      0.16666666666666666,
      0.08333333333333333,
      0.0
    ],
    "thresholds": [
      0.0,
      0.004999999888241291,
      0.009999999776482582,
      0.014999999664723873,
      0.019999999552965164,
      0.02500000037252903,
      0.029999999329447746,
      0.03500000014901161,
      0.03999999910593033,
      0.04500000178813934,
      0.05000000074505806,
      0.054999999701976776,
      0.05999999865889549,
      0.06499999761581421,
      0.07500000298023224,
      0.07999999821186066,
      0.10499999672174454,
      0.11500000208616257,
      0.12999999523162842,
      0.13500000536441803,
      0.14499999582767487,
      0.15000000596046448,
      0.1599999964237213,
      0.16500000655651093,
      0.1850000023841858,
      0.19499999284744263,
      0.20000000298023224,
      0.2199999988079071,
      0.23000000417232513,
      0.28999999165534973,
      0.3100000023841858,
      0.3199999928474426,
      0.375,
      0.38499999046325684,
      0.46000000834465027,
      0.5249999761581421,
      0.550000011920929,
      0.8600000143051147
    ]
  }
}