{
  "y_true": [
    0,
    0,
    0,
    0,
    0,
    0,
    0,
    0,
    0,
    0,
    0,
    0,
    0,
    0,
    0,
    0,
    0,
    0,
    0,
    0,
    0,
    0,
    0,
    0,
    0,
    0,
    0,
    0,
    0,
    0,
    0,
    0,
    0,
    0,
    0,
    0,
    0,
    0,
    0,
    0,
    0,
    0,
    0,
    0,
    0,
    0,
    0,
    0,
    0,
    0,
    0,
    0,
    0,
    0,
    0,
    0,
    0,
    0,
    0,
    0,
    0,
    0,
    0,
    1,
    1,
    1,
    1,
    1,
    1,
    1,
    1,
    1,
    1,
    1,
    1
  ],
  "y_pred": [
    1,
    0,
    1,
    0,
    0,
    0,
    0,
    0,
    0,
    0,
    0,
    0,
    0,
    0,
    0,
    0,
    0,
    0,
    0,
    0,
    0,
    0,
    0,
    0,
    0,
    0,
    0,
    0,
    0,
    0,
    0,
    0,
    0,
    0,
    0,
    0,
    0,
    0,
    0,
    0,
    0,
    0,
    0,
    0,
    0,
    0,
    0,
    0,
    0,
    0,
    0,
    0,
    0,
    0,
    0,
    0,
    0,
    0,
    0,
    0,
    0,
    0,
    0,
    1,
    0,
    1,
    1,
    1,
    0,
    0,
    0,
    1,
    0,
    1,
    1
  ],
  "y_prob": [
    0.28999999165534973,
    0.02500000037252903,
    0.3100000023841858,
    0.19499999284744263,
    0.1599999964237213,
    0.054999999701976776,
    0.02500000037252903,
    0.004999999888241291,
    0.12999999523162842,
    0.0,
    0.04500000178813934,
    0.07500000298023224,
    0.06499999761581421,
    0.014999999664723873,
    0.04500000178813934,
    0.009999999776482582,
    0.029999999329447746,
    0.2199999988079071,
    0.03500000014901161,
    0.05999999865889549,
    0.009999999776482582,
    0.004999999888241291,
    0.11500000208616257,
    0.004999999888241291,
    0.009999999776482582,
    0.02500000037252903,
    0.019999999552965164,
    0.019999999552965164,
    0.019999999552965164,
    0.019999999552965164,
    0.014999999664723873,
    0.014999999664723873,
    0.004999999888241291,
    0.13500000536441803,
    0.16500000655651093,
    0.10499999672174454,
    0.004999999888241291,
    0.07999999821186066,
    0.05000000074505806,
    0.019999999552965164,
    0.019999999552965164,
    0.009999999776482582,
    0.03999999910593033,
    0.14499999582767487,
    0.019999999552965164,
    0.029999999329447746,
    0.009999999776482582,
    0.0,
    0.004999999888241291,
    0.0,
    0.16500000655651093,
    0.0,
    0.004999999888241291,
    0.03500000014901161,
    0.02500000037252903,
    0.0,
    0.20000000298023224,
    0.15000000596046448,
    0.014999999664723873,
    0.009999999776482582,
    0.10499999672174454,
    0.029999999329447746,
    0.19499999284744263,
    0.550000011920929,
    0.23000000417232513,
    0.38499999046325684,
    0.8600000143051147,
    0.5249999761581421,
    0.1850000023841858,
    0.05999999865889549,
    0.14499999582767487,
    0.375,
    0.014999999664723873,
    0.3199999928474426,
    0.46000000834465027
  ]
}