{
  "y_true": [
    0,
    0,
    0,
    0,
    0,
    0,
    0,
    0,
    0,
    0,
    0,
    0,
    0,
    0,
    0,
    0,
    0,
    0,
    0,
    0,
    0,
    0,
    0,
    0,
    0,
    0,
    0,
    0,
    0,
    0,
    0,
    0,
    0,
    0,
    0,
    0,
    0,
    0,
    0,
    0,
    0,
    0,
    0,
    0,
    0,
    0,
    0,
    0,
    0,
    0,
    0,
    0,
    0,
    0,
    0,
    0,
    0,
    0,
    0,
    0,
    0,
    0,
    0,
    1,
    1,
    1,
    1,
    1,
    1,
    1,
    1,
    1,
    1,
    1,
    1
  ],
  "y_pred": [
    0,
    0,
    1,
    0,
    0,
    0,
    0,
    0,
    0,
    0,
    0,
    0,
    0,
    0,
    0,
    0,
    0,
    0,
    0,
    0,
    0,
    0,
    0,
    0,
    0,
    0,
    0,
    0,
    0,
    0,
    0,
    0,
    0,
    0,
    0,
    0,
    0,
    0,
    0,
    0,
    0,
    0,
    0,
    0,
    0,
    0,
    0,
    0,
    0,
    0,
    0,
    0,
    0,
    0,
    0,
    0,
    0,
    0,
    0,
    0,
    0,
    0,
    0,
    1,
    0,
    1,
    1,
    1,
    0,
    0,
    0,
    1,
    0,
    1,
    1
  ],
  "y_prob": [
    0.25999999046325684,
    0.03999999910593033,
    0.32499998807907104,
    0.15000000596046448,
    0.20000000298023224,
    0.02500000037252903,
    0.03999999910593033,
    0.029999999329447746,
    0.05999999865889549,
    0.0,
    0.03500000014901161,
    0.0949999988079071,
    0.05000000074505806,
    0.019999999552965164,
    0.07500000298023224,
    0.004999999888241291,
    0.014999999664723873,
    0.20999999344348907,
    0.03500000014901161,
    0.03500000014901161,
    0.0,
    0.0,
    0.20000000298023224,
    0.0,
    0.014999999664723873,
    0.03500000014901161,
    0.009999999776482582,
    0.004999999888241291,
    0.05000000074505806,
    0.014999999664723873,
    0.004999999888241291,
    0.004999999888241291,
    0.019999999552965164,
    0.23999999463558197,
    0.125,
    0.14499999582767487,
    0.004999999888241291,
    0.08500000089406967,
    0.02500000037252903,
    0.004999999888241291,
    0.04500000178813934,
    0.019999999552965164,
    0.014999999664723873,
    0.1850000023841858,
    0.019999999552965164,
    0.02500000037252903,
    0.014999999664723873,
    0.014999999664723873,
    0.004999999888241291,
    0.0,
    0.19499999284744263,
    0.0,
    0.004999999888241291,
    0.019999999552965164,
    0.019999999552965164,
    0.004999999888241291,
    0.16500000655651093,
    0.16500000655651093,
    0.02500000037252903,
    0.004999999888241291,
    0.13500000536441803,
    0.02500000037252903,
    0.1550000011920929,
    0.5699999928474426,
    0.23000000417232513,
    0.38499999046325684,
    0.8650000095367432,
    0.550000011920929,
    0.22499999403953552,
    0.10499999672174454,
    0.23499999940395355,
    0.3499999940395355,
    0.019999999552965164,
    0.33500000834465027,
    0.4950000047683716
  ]
}