{
  "accuracy": 0.9066666666666666,
  "balanced_accuracy": 0.7757936507936508,
  "precision": 0.7777777777777778,
  "recall": 0.5833333333333334,
  "f1": 0.6666666666666666,
  "roc_auc": 0.8928571428571428,
  "pr_auc": 0.7778441365397889,
  "class_distribution": {
    "0": 63,
    "1": 12
  },
  "per_class_precision_recall": {
    "class_0": {
      "precision": 0.9242424242424242,
      "recall": 0.9682539682539683
    },
    "class_1": {
      "precision": 0.7777777777777778,
      "recall": 0.5833333333333334
    }
  },
  "confusion_matrix": {
    "tn": 61,
    "fp": 2,
    "fn": 5,
    "tp": 7
  },
  "confusion_matrix_normalized": {
    "tn": 0.9682539682539683,
    "fp": 0.031746031746031744,
    "fn": 0.4166666666666667,
    "tp": 0.5833333333333334
  },
  "threshold": 0.7999999999999999,
  "n_samples": 75,
  "mean_probability": 0.2206059992313385
}