{
  "confusion_matrix": {
    "tn": 3,
    "fp": 60,
    "fn": 1,
    "tp": 11
  },
  "confusion_matrix_normalized": {
    "tn": 0.047619047619047616,
    "fp": 0.9523809523809523,
    "fn": 0.08333333333333333,
    "tp": 0.9166666666666666
  }
}