{
  "accuracy": 0.18666666666666668,
  "balanced_accuracy": 0.4821428571428571,
  "precision": 0.15492957746478872,
  "recall": 0.9166666666666666,
  "f1": 0.26506024096385544,
  "roc_auc": 0.33333333333333337,
  "pr_auc": 0.13076782423149375,
  "class_distribution": {
    "0": 63,
    "1": 12
  },
  "per_class_precision_recall": {
    "class_0": {
      "precision": 0.75,
      "recall": 0.047619047619047616
    },
    "class_1": {
      "precision": 0.15492957746478872,
      "recall": 0.9166666666666666
    }
  },
  "confusion_matrix": {
    "tn": 3,
    "fp": 60,
    "fn": 1,
    "tp": 11
  },
  "confusion_matrix_normalized": {
    "tn": 0.047619047619047616,
    "fp": 0.9523809523809523,
    "fn": 0.08333333333333333,
    "tp": 0.9166666666666666
  },
  "threshold": 0.39999999999999997,
  "n_samples": 75,
  "mean_probability": 0.5115612745285034
}