{
  "precision": [
    0.16,
    0.16216216216216217,
    0.1643835616438356,
    0.16666666666666666,
    0.16901408450704225,
    0.17142857142857143,
    0.17391304347826086,
    0.17647058823529413,
    0.1791044776119403,
    0.18181818181818182,
    0.18461538461538463,
    0.1875,
    0.19047619047619047,
    0.1935483870967742,
    0.19672131147540983,
    0.2,
    0.2033898305084746,
    0.20689655172413793,
    0.21052631578947367,
    0.21428571428571427,
    0.21818181818181817,
    0.2222222222222222,
    0.22641509433962265,
    0.23076923076923078,
    0.23529411764705882,
    0.24,
    0.24489795918367346,
    0.25,
    0.2553191489361702,
    0.2608695652173913,
    0.26666666666666666,
    0.2727272727272727,
    0.27906976744186046,
    0.2857142857142857,
    0.2926829268292683,
    0.3,
    0.3076923076923077,
    0.3157894736842105,
    0.32432432432432434,
    0.3333333333333333,
    0.34285714285714286,
    0.35294117647058826,
    0.36363636363636365,
    0.375,
    0.3870967741935484,
    0.4,
    0.41379310344827586,
    0.42857142857142855,
    0.4444444444444444,
    0.46153846153846156,
    0.44,
    0.4583333333333333,
    0.4782608695652174,
    0.5,
    0.5238095238095238,
    0.55,
    0.5789473684210527,
    0.5555555555555556,
    0.5882352941176471,
    0.625,
    0.6666666666666666,
    0.7142857142857143,
    0.7692307692307693,
    0.8333333333333334,
    0.8181818181818182,
    0.9,
    1.0,
    1.0,
    1.0,
    1.0,
    1.0,
    1.0,
    1.0,
    1.0,
    1.0,
    1.0
  ],
  "recall": [
    1.0,
    1.0,
    1.0,
    1.0,
    1.0,
    1.0,
    1.0,
    1.0,
    1.0,
    1.0,
    1.0,
    1.0,
    1.0,
    1.0,
    1.0,
    1.0,
    1.0,
    1.0,
    1.0,
    1.0,
    1.0,
    1.0,
    1.0,
    1.0,
    1.0,
    1.0,
    1.0,
    1.0,
    1.0,
    1.0,
    1.0,
    1.0,
    1.0,
    1.0,
    1.0,
    1.0,
    1.0,
    1.0,
    1.0,
    1.0,
    1.0,
    1.0,
    1.0,
    1.0,
    1.0,
    1.0,
    1.0,
    1.0,
    1.0,
    1.0,
    0.9166666666666666,
    0.9166666666666666,
    0.9166666666666666,
    0.9166666666666666,
    0.9166666666666666,
    0.9166666666666666,
    0.9166666666666666,
    0.8333333333333334,
    0.8333333333333334,
    0.8333333333333334,
    0.8333333333333334,
    0.8333333333333334,
    0.8333333333333334,
    0.8333333333333334,
    0.75,
    0.75,
    0.75,
    0.6666666666666666,
    0.5833333333333334,
    0.5,
    0.4166666666666667,
    0.3333333333333333,
    0.25,
    0.16666666666666666,
    0.08333333333333333,
    0.0
  ],
  "thresholds": [
    0.005235477816313505,
    0.006113131530582905,
    0.007161415182054043,
    0.008750196546316147,
    0.008785061538219452,
    0.009947387501597404,
    0.010259950533509254,
    0.010465841740369797,
    0.01104799099266529,
    0.011972391046583652,
    0.012550799176096916,
    0.012689396739006042,
    0.013261246494948864,
    0.013462782837450504,
    0.014286667108535767,
    0.015960214659571648,
    0.016322562471032143,
    0.01670309714972973,
    0.017345616593956947,
    0.018849512562155724,
    0.022248152643442154,
    0.02432970516383648,
    0.026956656947731972,
    0.027409125119447708,
    0.02778930962085724,
    0.02830372378230095,
    0.028325753286480904,
    0.028898976743221283,
    0.02914583869278431,
    0.031191851943731308,
    0.03131262585520744,
    0.03381400182843208,
    0.03563190624117851,
    0.037417035549879074,
    0.040111787617206573,
    0.0421626977622509,
    0.04252256080508232,
    0.05113664269447327,
    0.05341624096035957,
    0.055769357830286026,
    0.05679693818092346,
    0.05688014253973961,
    0.056996844708919525,
    0.058122117072343826,
    0.06495672464370728,
    0.06933601200580597,
    0.07197108119726181,
    0.07322005182504654,
    0.08156582713127136,
    0.09512371569871902,
    0.10978217422962189,
    0.11803853511810303,
    0.12688806653022766,
    0.13045895099639893,
    0.13419374823570251,
    0.1444251388311386,
    0.14765065908432007,
    0.17026373744010925,
    0.18628336489200592,
    0.209726482629776,
    0.2205212265253067,
    0.23089298605918884,
    0.23368501663208008,
    0.23913128674030304,
    0.3481038808822632,
    0.38187602162361145,
    0.398934006690979,
    0.3997034430503845,
    0.7184986472129822,
    0.8059448599815369,
    0.9032751321792603,
    0.9734439253807068,
    0.9844449758529663,
    0.9927487969398499,
    0.9979133009910583
  ]
}