{
  "y_true": [
    0,
    0,
    0,
    0,
    0,
    0,
    0,
    0,
    0,
    0,
    0,
    0,
    0,
    0,
    0,
    0,
    0,
    0,
    0,
    0,
    0,
    0,
    0,
    0,
    0,
    0,
    0,
    0,
    0,
    0,
    0,
    0,
    0,
    0,
    0,
    0,
    0,
    0,
    0,
    0,
    0,
    0,
    0,
    0,
    0,
    0,
    0,
    0,
    0,
    0,
    0,
    0,
    0,
    0,
    0,
    0,
    0,
    0,
    0,
    0,
    0,
    0,
    0,
    1,
    1,
    1,
    1,
    1,
    1,
    1,
    1,
    1,
    1,
    1,
    1
  ],
  "y_pred": [
    0,
    0,
    0,
    0,
    1,
    0,
    0,
    0,
    0,
    0,
    0,
    0,
    0,
    0,
    0,
    0,
    0,
    0,
    0,
    0,
    0,
    0,
    0,
    0,
    0,
    0,
    0,
    0,
    0,
    0,
    0,
    0,
    0,
    0,
    0,
    0,
    0,
    0,
    0,
    0,
    0,
    0,
    0,
    1,
    0,
    0,
    0,
    0,
    0,
    0,
    0,
    0,
    0,
    0,
    0,
    0,
    0,
    0,
    0,
    0,
    0,
    0,
    0,
    1,
    1,
    1,
    1,
    1,
    1,
    0,
    0,
    1,
    0,
    1,
    1
  ],
  "y_prob": [
    0.10978217422962189,
    0.07197108119726181,
    0.17026373744010925,
    0.08156582713127136,
    0.38187602162361145,
    0.013462782837450504,
    0.008785061538219452,
    0.02830372378230095,
    0.12688806653022766,
    0.07322005182504654,
    0.022248152643442154,
    0.0421626977622509,
    0.010259950533509254,
    0.008750196546316147,
    0.027409125119447708,
    0.01670309714972973,
    0.04252256080508232,
    0.209726482629776,
    0.05679693818092346,
    0.055769357830286026,
    0.058122117072343826,
    0.014286667108535767,
    0.06933601200580597,
    0.012689396739006042,
    0.012550799176096916,
    0.028325753286480904,
    0.03563190624117851,
    0.06495672464370728,
    0.026956656947731972,
    0.028898976743221283,
    0.009947387501597404,
    0.02432970516383648,
    0.017345616593956947,
    0.23089298605918884,
    0.1444251388311386,
    0.13419374823570251,
    0.031191851943731308,
    0.23368501663208008,
    0.05688014253973961,
    0.040111787617206573,
    0.03381400182843208,
    0.02778930962085724,
    0.03131262585520744,
    0.3481038808822632,
    0.02914583869278431,
    0.056996844708919525,
    0.015960214659571648,
    0.007161415182054043,
    0.05113664269447327,
    0.01104799099266529,
    0.2205212265253067,
    0.006113131530582905,
    0.010465841740369797,
    0.037417035549879074,
    0.005235477816313505,
    0.013261246494948864,
    0.18628336489200592,
    0.11803853511810303,
    0.05341624096035957,
    0.016322562471032143,
    0.018849512562155724,
    0.011972391046583652,
    0.13045895099639893,
    0.9979133009910583,
    0.7184986472129822,
    0.9734439253807068,
    0.9844449758529663,
    0.9927487969398499,
    0.398934006690979,
    0.14765065908432007,
    0.23913128674030304,
    0.3997034430503845,
    0.09512371569871902,
    0.8059448599815369,
    0.9032751321792603
  ]
}