{
  "precision": [
    0.16,
    0.16216216216216217,
    0.1643835616438356,
    0.16666666666666666,
    0.16901408450704225,
    0.17142857142857143,
    0.17391304347826086,
    0.17647058823529413,
    0.1791044776119403,
    0.18181818181818182,
    0.18461538461538463,
    0.1875,
    0.19047619047619047,
    0.1935483870967742,
    0.19672131147540983,
    0.2,
    0.2033898305084746,
    0.20689655172413793,
    0.21052631578947367,
    0.21428571428571427,
    0.21818181818181817,
    0.2222222222222222,
    0.22641509433962265,
    0.23076923076923078,
    0.23529411764705882,
    0.24,
    0.24489795918367346,
    0.25,
    0.2553191489361702,
    0.2608695652173913,
    0.26666666666666666,
    0.2727272727272727,
    0.27906976744186046,
    0.2857142857142857,
    0.2926829268292683,
    0.3,
    0.3076923076923077,
    0.3157894736842105,
    0.32432432432432434,
    0.3333333333333333,
    0.34285714285714286,
    0.35294117647058826,
    0.36363636363636365,
    0.375,
    0.3870967741935484,
    0.4,
    0.41379310344827586,
    0.42857142857142855,
    0.4444444444444444,
    0.46153846153846156,
    0.48,
    0.5,
    0.5217391304347826,
    0.5,
    0.5238095238095238,
    0.55,
    0.5263157894736842,
    0.5555555555555556,
    0.5882352941176471,
    0.625,
    0.6666666666666666,
    0.7142857142857143,
    0.7692307692307693,
    0.8333333333333334,
    0.8181818181818182,
    0.9,
    0.8888888888888888,
    0.875,
    1.0,
    1.0,
    1.0,
    1.0,
    1.0,
    1.0,
    1.0,
    1.0
  ],
  "recall": [
    1.0,
    1.0,
    1.0,
    1.0,
    1.0,
    1.0,
    1.0,
    1.0,
    1.0,
    1.0,
    1.0,
    1.0,
    1.0,
    1.0,
    1.0,
    1.0,
    1.0,
    1.0,
    1.0,
    1.0,
    1.0,
    1.0,
    1.0,
    1.0,
    1.0,
    1.0,
    1.0,
    1.0,
    1.0,
    1.0,
    1.0,
    1.0,
    1.0,
    1.0,
    1.0,
    1.0,
    1.0,
    1.0,
    1.0,
    1.0,
    1.0,
    1.0,
    1.0,
    1.0,
    1.0,
    1.0,
    1.0,
    1.0,
    1.0,
    1.0,
    1.0,
    1.0,
    1.0,
    0.9166666666666666,
    0.9166666666666666,
    0.9166666666666666,
    0.8333333333333334,
    0.8333333333333334,
    0.8333333333333334,
    0.8333333333333334,
    0.8333333333333334,
    0.8333333333333334,
    0.8333333333333334,
    0.8333333333333334,
    0.75,
    0.75,
    0.6666666666666666,
    0.5833333333333334,
    0.5833333333333334,
    0.5,
    0.4166666666666667,
    0.3333333333333333,
    0.25,
    0.16666666666666666,
    0.08333333333333333,
    0.0
  ],
  "thresholds": [
    0.002195740817114711,
    0.0036735734902322292,
    0.003736319951713085,
    0.0038905718829482794,
    0.0039641354233026505,
    0.005868422798812389,
    0.0069746291264891624,
    0.007366944570094347,
    0.007644954603165388,
    0.007937378250062466,
    0.009023523889482021,
    0.009401911869645119,
    0.010015835054218769,
    0.010680080391466618,
    0.010728960856795311,
    0.011045694351196289,
    0.012328642420470715,
    0.012763050384819508,
    0.01332894153892994,
    0.013856785371899605,
    0.016552556306123734,
    0.016857119277119637,
    0.017004285007715225,
    0.01726815290749073,
    0.018803397193551064,
    0.018803946673870087,
    0.01938813365995884,
    0.019818075001239777,
    0.019996277987957,
    0.020914245396852493,
    0.021536128595471382,
    0.022059358656406403,
    0.022456999868154526,
    0.026333073154091835,
    0.026545466855168343,
    0.027983414009213448,
    0.02838352881371975,
    0.02993106283247471,
    0.03431142494082451,
    0.035484038293361664,
    0.03763069584965706,
    0.0376516617834568,
    0.04106239601969719,
    0.043901462107896805,
    0.045111387968063354,
    0.04794176667928696,
    0.049416858702898026,
    0.0522172749042511,
    0.05459948256611824,
    0.05521703511476517,
    0.06427141278982162,
    0.07418470084667206,
    0.07788971066474915,
    0.10541444271802902,
    0.13421635329723358,
    0.13637134432792664,
    0.14000320434570312,
    0.1554112285375595,
    0.16308088600635529,
    0.1766044646501541,
    0.19247722625732422,
    0.2425841987133026,
    0.2508770823478699,
    0.30382102727890015,
    0.34858614206314087,
    0.4420684576034546,
    0.5180408954620361,
    0.7064167261123657,
    0.9779037237167358,
    0.984147310256958,
    0.9866012930870056,
    0.9949991703033447,
    0.9965908527374268,
    0.9978592991828918,
    0.9985030889511108
  ]
}