{
  "y_true": [
    0,
    0,
    0,
    0,
    0,
    0,
    0,
    0,
    0,
    0,
    0,
    0,
    0,
    0,
    0,
    0,
    0,
    0,
    0,
    0,
    0,
    0,
    0,
    0,
    0,
    0,
    0,
    0,
    0,
    0,
    0,
    0,
    0,
    0,
    0,
    0,
    0,
    0,
    0,
    0,
    0,
    0,
    0,
    0,
    0,
    0,
    0,
    0,
    0,
    0,
    0,
    0,
    0,
    0,
    0,
    0,
    0,
    0,
    0,
    0,
    0,
    0,
    0,
    1,
    1,
    1,
    1,
    1,
    1,
    1,
    1,
    1,
    1,
    1,
    1
  ],
  "y_pred": [
    0,
    0,
    0,
    0,
    1,
    0,
    0,
    0,
    0,
    0,
    0,
    0,
    0,
    0,
    0,
    0,
    0,
    0,
    0,
    0,
    0,
    0,
    0,
    0,
    0,
    0,
    0,
    0,
    0,
    0,
    0,
    0,
    0,
    0,
    0,
    0,
    0,
    0,
    0,
    0,
    0,
    0,
    0,
    0,
    0,
    0,
    0,
    0,
    0,
    0,
    0,
    0,
    0,
    0,
    0,
    0,
    0,
    0,
    0,
    0,
    0,
    0,
    0,
    1,
    1,
    1,
    1,
    1,
    0,
    0,
    0,
    1,
    0,
    1,
    1
  ],
  "y_prob": [
    0.02993106283247471,
    0.02838352881371975,
    0.2425841987133026,
    0.07418470084667206,
    0.7064167261123657,
    0.019818075001239777,
    0.0038905718829482794,
    0.035484038293361664,
    0.049416858702898026,
    0.04794176667928696,
    0.01726815290749073,
    0.020914245396852493,
    0.011045694351196289,
    0.013856785371899605,
    0.016552556306123734,
    0.01332894153892994,
    0.03763069584965706,
    0.14000320434570312,
    0.05459948256611824,
    0.018803397193551064,
    0.026333073154091835,
    0.010015835054218769,
    0.05521703511476517,
    0.007366944570094347,
    0.010728960856795311,
    0.026545466855168343,
    0.007937378250062466,
    0.06427141278982162,
    0.012328642420470715,
    0.016857119277119637,
    0.005868422798812389,
    0.018803946673870087,
    0.009401911869645119,
    0.34858614206314087,
    0.16308088600635529,
    0.13421635329723358,
    0.01938813365995884,
    0.1766044646501541,
    0.043901462107896805,
    0.04106239601969719,
    0.045111387968063354,
    0.027983414009213448,
    0.017004285007715225,
    0.1554112285375595,
    0.022059358656406403,
    0.019996277987957,
    0.022456999868154526,
    0.003736319951713085,
    0.021536128595471382,
    0.0069746291264891624,
    0.2508770823478699,
    0.002195740817114711,
    0.0039641354233026505,
    0.03431142494082451,
    0.0036735734902322292,
    0.007644954603165388,
    0.19247722625732422,
    0.0522172749042511,
    0.0376516617834568,
    0.009023523889482021,
    0.012763050384819508,
    0.010680080391466618,
    0.10541444271802902,
    0.9985030889511108,
    0.9779037237167358,
    0.984147310256958,
    0.9949991703033447,
    0.9978592991828918,
    0.4420684576034546,
    0.13637134432792664,
    0.30382102727890015,
    0.5180408954620361,
    0.07788971066474915,
    0.9866012930870056,
    0.9965908527374268
  ]
}