{
  "precision": [
    0.16,
    0.17142857142857143,
    0.19672131147540983,
    0.21052631578947367,
    0.22,
    0.25,
    0.275,
    0.2972972972972973,
    0.3142857142857143,
    0.34375,
    0.3225806451612903,
    0.3333333333333333,
    0.3448275862068966,
    0.37037037037037035,
    0.38461538461538464,
    0.4,
    0.4166666666666667,
    0.45454545454545453,
    0.47368421052631576,
    0.5294117647058824,
    0.5,
    0.5333333333333333,
    0.6153846153846154,
    0.6666666666666666,
    0.8,
    0.7777777777777778,
    0.875,
    1.0,
    1.0,
    1.0,
    1.0,
    1.0,
    1.0,
    1.0
  ],
  "recall": [
    1.0,
    1.0,
    1.0,
    1.0,
    0.9166666666666666,
    0.9166666666666666,
    0.9166666666666666,
    0.9166666666666666,
    0.9166666666666666,
    0.9166666666666666,
    0.8333333333333334,
    0.8333333333333334,
    0.8333333333333334,
    0.8333333333333334,
    0.8333333333333334,
    0.8333333333333334,
    0.8333333333333334,
    0.8333333333333334,
    0.75,
    0.75,
    0.6666666666666666,
    0.6666666666666666,
    0.6666666666666666,
    0.6666666666666666,
    0.6666666666666666,
    0.5833333333333334,
    0.5833333333333334,
    0.5833333333333334,
    0.4166666666666667,
    0.3333333333333333,
    0.25,
    0.16666666666666666,
    0.08333333333333333,
    0.0
  ],
  "thresholds": [
    0.0,
    0.004999999888241291,
    0.009999999776482582,
    0.014999999664723873,
    0.019999999552965164,
    0.02500000037252903,
    0.029999999329447746,
    0.03500000014901161,
    0.03999999910593033,
    0.05000000074505806,
    0.07000000029802322,
    0.07999999821186066,
    0.08500000089406967,
    0.09000000357627869,
    0.11500000208616257,
    0.14499999582767487,
    0.15000000596046448,
    0.1599999964237213,
    0.17499999701976776,
    0.18000000715255737,
    0.1899999976158142,
    0.19499999284744263,
    0.20499999821186066,
    0.20999999344348907,
    0.2150000035762787,
    0.2750000059604645,
    0.33000001311302185,
    0.3400000035762787,
    0.38999998569488525,
    0.44999998807907104,
    0.5450000166893005,
    0.5550000071525574,
    0.8949999809265137
  ]
}