{
  "y_true": [
    0,
    0,
    0,
    0,
    0,
    0,
    0,
    0,
    0,
    0,
    0,
    0,
    0,
    0,
    0,
    0,
    0,
    0,
    0,
    0,
    0,
    0,
    0,
    0,
    0,
    0,
    0,
    0,
    0,
    0,
    0,
    0,
    0,
    0,
    0,
    0,
    0,
    0,
    0,
    0,
    0,
    0,
    0,
    0,
    0,
    0,
    0,
    0,
    0,
    0,
    0,
    0,
    0,
    0,
    0,
    0,
    0,
    0,
    0,
    0,
    0,
    0,
    0,
    1,
    1,
    1,
    1,
    1,
    1,
    1,
    1,
    1,
    1,
    1,
    1
  ],
  "y_pred": [
    1,
    0,
    1,
    0,
    0,
    0,
    0,
    0,
    0,
    0,
    0,
    0,
    0,
    0,
    0,
    0,
    0,
    0,
    0,
    0,
    0,
    0,
    0,
    0,
    0,
    0,
    0,
    0,
    0,
    0,
    0,
    0,
    0,
    0,
    0,
    0,
    0,
    0,
    0,
    0,
    0,
    0,
    0,
    0,
    0,
    0,
    0,
    0,
    0,
    0,
    0,
    0,
    0,
    0,
    0,
    0,
    0,
    0,
    0,
    0,
    0,
    0,
    0,
    1,
    0,
    1,
    1,
    1,
    0,
    0,
    0,
    1,
    0,
    1,
    1
  ],
  "y_prob": [
    0.2750000059604645,
    0.014999999664723873,
    0.33000001311302185,
    0.19499999284744263,
    0.20999999344348907,
    0.03500000014901161,
    0.019999999552965164,
    0.019999999552965164,
    0.09000000357627869,
    0.004999999888241291,
    0.029999999329447746,
    0.11500000208616257,
    0.03999999910593033,
    0.019999999552965164,
    0.07000000029802322,
    0.009999999776482582,
    0.03999999910593033,
    0.19499999284744263,
    0.03999999910593033,
    0.08500000089406967,
    0.009999999776482582,
    0.019999999552965164,
    0.1599999964237213,
    0.014999999664723873,
    0.014999999664723873,
    0.029999999329447746,
    0.004999999888241291,
    0.004999999888241291,
    0.019999999552965164,
    0.02500000037252903,
    0.009999999776482582,
    0.004999999888241291,
    0.004999999888241291,
    0.20499999821186066,
    0.17499999701976776,
    0.14499999582767487,
    0.0,
    0.08500000089406967,
    0.019999999552965164,
    0.014999999664723873,
    0.014999999664723873,
    0.004999999888241291,
    0.07999999821186066,
    0.15000000596046448,
    0.029999999329447746,
    0.02500000037252903,
    0.02500000037252903,
    0.0,
    0.004999999888241291,
    0.0,
    0.17499999701976776,
    0.004999999888241291,
    0.014999999664723873,
    0.02500000037252903,
    0.0,
    0.0,
    0.1899999976158142,
    0.20999999344348907,
    0.004999999888241291,
    0.009999999776482582,
    0.15000000596046448,
    0.03500000014901161,
    0.1599999964237213,
    0.5550000071525574,
    0.2150000035762787,
    0.38999998569488525,
    0.8949999809265137,
    0.5450000166893005,
    0.1599999964237213,
    0.05000000074505806,
    0.18000000715255737,
    0.3400000035762787,
    0.014999999664723873,
    0.3400000035762787,
    0.44999998807907104
  ]
}