{
  "accuracy": 0.92,
  "balanced_accuracy": 0.8511904761904762,
  "precision": 0.75,
  "recall": 0.75,
  "f1": 0.75,
  "roc_auc": 0.9603174603174603,
  "pr_auc": 0.8703240740740742,
  "class_distribution": {
    "0": 63,
    "1": 12
  },
  "per_class_precision_recall": {
    "class_0": {
      "precision": 0.9523809523809523,
      "recall": 0.9523809523809523
    },
    "class_1": {
      "precision": 0.75,
      "recall": 0.75
    }
  },
  "confusion_matrix": {
    "tn": 60,
    "fp": 3,
    "fn": 3,
    "tp": 9
  },
  "confusion_matrix_normalized": {
    "tn": 0.9523809523809523,
    "fp": 0.047619047619047616,
    "fn": 0.25,
    "tp": 0.75
  },
  "threshold": 0.35,
  "n_samples": 75,
  "mean_probability": 0.17664645612239838,
  "pr_curve": {
    "precision": [
      0.16,
      0.16216216216216217,
      0.1643835616438356,
      0.16666666666666666,
      0.16901408450704225,
      0.17142857142857143,
      0.17391304347826086,
      0.17647058823529413,
      0.1791044776119403,
      0.18181818181818182,
      0.18461538461538463,
      0.1875,
      0.19047619047619047,
      0.1935483870967742,
      0.19672131147540983,
      0.2,
      0.2033898305084746,
      0.20689655172413793,
      0.21052631578947367,
      0.21428571428571427,
      0.21818181818181817,
      0.2222222222222222,
      0.22641509433962265,
      0.23076923076923078,
      0.23529411764705882,
      0.24,
      0.24489795918367346,
      0.25,
      0.2553191489361702,
      0.2608695652173913,
      0.26666666666666666,
      0.2727272727272727,
      0.27906976744186046,
      0.2857142857142857,
      0.2926829268292683,
      0.3,
      0.3076923076923077,
      0.3157894736842105,
      0.32432432432432434,
      0.3333333333333333,
      0.34285714285714286,
      0.35294117647058826,
      0.36363636363636365,
      0.375,
      0.3870967741935484,
      0.4,
      0.41379310344827586,
      0.42857142857142855,
      0.4444444444444444,
      0.46153846153846156,
      0.48,
      0.4583333333333333,
      0.4782608695652174,
      0.5,
      0.5238095238095238,
      0.55,
      0.5263157894736842,
      0.5555555555555556,
      0.5882352941176471,
      0.625,
      0.6,
      0.6428571428571429,
      0.6923076923076923,
      0.75,
      0.8181818181818182,
      0.9,
      0.8888888888888888,
      0.875,
      1.0,
      1.0,
      1.0,
      1.0,
      1.0,
      1.0,
      1.0,
      1.0
    ],
    "recall": [
      1.0,
      1.0,
      1.0,
      1.0,
      1.0,
      1.0,
      1.0,
      1.0,
      1.0,
      1.0,
      1.0,
      1.0,
      1.0,
      1.0,
      1.0,
      1.0,
      1.0,
      1.0,
      1.0,
      1.0,
      1.0,
      1.0,
      1.0,
      1.0,
      1.0,
      1.0,
      1.0,
      1.0,
      1.0,
      1.0,
      1.0,
      1.0,
      1.0,
      1.0,
      1.0,
      1.0,
      1.0,
      1.0,
      1.0,
      1.0,
      1.0,
      1.0,
      1.0,
      1.0,
      1.0,
      1.0,
      1.0,
      1.0,
      1.0,
      1.0,
      1.0,
      0.9166666666666666,
      0.9166666666666666,
      0.9166666666666666,
      0.9166666666666666,
      0.9166666666666666,
      0.8333333333333334,
      0.8333333333333334,
      0.8333333333333334,
      0.8333333333333334,
      0.75,
      0.75,
      0.75,
      0.75,
      0.75,
      0.75,
      0.6666666666666666,
      0.5833333333333334,
      0.5833333333333334,
      0.5,
      0.4166666666666667,
      0.3333333333333333,
      0.25,
      0.16666666666666666,
      0.08333333333333333,
      0.0
    ],
    "thresholds": [
      0.0014507730957120657,
      0.0016621019458398223,
      0.002381534781306982,
      0.0026799303013831377,
      0.0028482109773904085,
      0.003289594314992428,
      0.0033036358654499054,
      0.0043699853122234344,
      0.004470020066946745,
      0.004472148604691029,
      0.005049485247582197,
      0.00600010808557272,
      0.006391303148120642,
      0.006946518085896969,
      0.007723509334027767,
      0.008397494442760944,
      0.008793260902166367,
      0.008833763189613819,
      0.00914150569587946,
      0.009191726334393024,
      0.009816140867769718,
      0.010000362060964108,
      0.01288173720240593,
      0.015393429435789585,
      0.016059763729572296,
      0.01637556590139866,
      0.02036602422595024,
      0.02164147049188614,
      0.02197568118572235,
      0.022603817284107208,
      0.02270803041756153,
      0.023133963346481323,
      0.024080075323581696,
      0.02444896288216114,
      0.026295047253370285,
      0.029851453378796577,
      0.03083302080631256,
      0.033085428178310394,
      0.03453874588012695,
      0.03717581555247307,
      0.04068407788872719,
      0.041265204548835754,
      0.05285792797803879,
      0.052943360060453415,
      0.06755496561527252,
      0.071166031062603,
      0.0767003521323204,
      0.07719599455595016,
      0.07824192941188812,
      0.0785069465637207,
      0.08871231228113174,
      0.11079271882772446,
      0.11204089969396591,
      0.1477116495370865,
      0.18836258351802826,
      0.20075778663158417,
      0.22262947261333466,
      0.23801098763942719,
      0.239455908536911,
      0.2637217938899994,
      0.27174535393714905,
      0.28719934821128845,
      0.30568361282348633,
      0.3739284574985504,
      0.39986562728881836,
      0.44121253490448,
      0.49180087447166443,
      0.7713325023651123,
      0.9635152220726013,
      0.9664044380187988,
      0.9810101389884949,
      0.9930059909820557,
      0.9966379404067993,
      0.9971151351928711,
      0.9980525970458984
    ]
  }
}