{
  "y_true": [
    0,
    0,
    0,
    0,
    0,
    0,
    0,
    0,
    0,
    0,
    0,
    0,
    0,
    0,
    0,
    0,
    0,
    0,
    0,
    0,
    0,
    0,
    0,
    0,
    0,
    0,
    0,
    0,
    0,
    0,
    0,
    0,
    0,
    0,
    0,
    0,
    0,
    0,
    0,
    0,
    0,
    0,
    0,
    0,
    0,
    0,
    0,
    0,
    0,
    0,
    0,
    0,
    0,
    0,
    0,
    0,
    0,
    0,
    0,
    0,
    0,
    0,
    0,
    1,
    1,
    1,
    1,
    1,
    1,
    1,
    1,
    1,
    1,
    1,
    1
  ],
  "y_pred": [
    0,
    0,
    1,
    0,
    1,
    0,
    0,
    0,
    0,
    0,
    0,
    0,
    0,
    0,
    0,
    0,
    0,
    0,
    0,
    0,
    0,
    0,
    0,
    0,
    0,
    0,
    0,
    0,
    0,
    0,
    0,
    0,
    0,
    1,
    0,
    0,
    0,
    0,
    0,
    0,
    0,
    0,
    0,
    0,
    0,
    0,
    0,
    0,
    0,
    0,
    0,
    0,
    0,
    0,
    0,
    0,
    0,
    0,
    0,
    0,
    0,
    0,
    0,
    1,
    1,
    1,
    1,
    1,
    1,
    0,
    0,
    1,
    0,
    1,
    1
  ],
  "y_prob": [
    0.0785069465637207,
    0.03453874588012695,
    0.39986562728881836,
    0.1477116495370865,
    0.7713325023651123,
    0.007723509334027767,
    0.003289594314992428,
    0.02444896288216114,
    0.07824192941188812,
    0.03717581555247307,
    0.016059763729572296,
    0.03083302080631256,
    0.008833763189613819,
    0.006391303148120642,
    0.009816140867769718,
    0.008793260902166367,
    0.052943360060453415,
    0.22262947261333466,
    0.07719599455595016,
    0.02197568118572235,
    0.026295047253370285,
    0.006946518085896969,
    0.0767003521323204,
    0.004470020066946745,
    0.00914150569587946,
    0.02164147049188614,
    0.010000362060964108,
    0.05285792797803879,
    0.015393429435789585,
    0.008397494442760944,
    0.0028482109773904085,
    0.01288173720240593,
    0.00600010808557272,
    0.3739284574985504,
    0.28719934821128845,
    0.18836258351802826,
    0.01637556590139866,
    0.27174535393714905,
    0.06755496561527252,
    0.04068407788872719,
    0.029851453378796577,
    0.02270803041756153,
    0.033085428178310394,
    0.30568361282348633,
    0.024080075323581696,
    0.041265204548835754,
    0.02036602422595024,
    0.002381534781306982,
    0.022603817284107208,
    0.0043699853122234344,
    0.239455908536911,
    0.0016621019458398223,
    0.0033036358654499054,
    0.023133963346481323,
    0.0014507730957120657,
    0.005049485247582197,
    0.23801098763942719,
    0.11204089969396591,
    0.071166031062603,
    0.004472148604691029,
    0.009191726334393024,
    0.0026799303013831377,
    0.11079271882772446,
    0.9980525970458984,
    0.9635152220726013,
    0.9810101389884949,
    0.9971151351928711,
    0.9966379404067993,
    0.44121253490448,
    0.20075778663158417,
    0.2637217938899994,
    0.49180087447166443,
    0.08871231228113174,
    0.9664044380187988,
    0.9930059909820557
  ]
}