{
  "precision": [
    0.16,
    0.16216216216216217,
    0.1643835616438356,
    0.16666666666666666,
    0.16901408450704225,
    0.17142857142857143,
    0.17391304347826086,
    0.17647058823529413,
    0.1791044776119403,
    0.18181818181818182,
    0.16923076923076924,
    0.171875,
    0.1746031746031746,
    0.1774193548387097,
    0.18032786885245902,
    0.18333333333333332,
    0.1864406779661017,
    0.1896551724137931,
    0.19298245614035087,
    0.19642857142857142,
    0.2,
    0.2037037037037037,
    0.20754716981132076,
    0.21153846153846154,
    0.21568627450980393,
    0.22,
    0.22448979591836735,
    0.22916666666666666,
    0.23404255319148937,
    0.2391304347826087,
    0.24444444444444444,
    0.25,
    0.2558139534883721,
    0.2619047619047619,
    0.2682926829268293,
    0.275,
    0.28205128205128205,
    0.2631578947368421,
    0.2702702702702703,
    0.2777777777777778,
    0.2857142857142857,
    0.29411764705882354,
    0.30303030303030304,
    0.3125,
    0.2903225806451613,
    0.3,
    0.3103448275862069,
    0.32142857142857145,
    0.3333333333333333,
    0.34615384615384615,
    0.36,
    0.375,
    0.391304347826087,
    0.4090909090909091,
    0.42857142857142855,
    0.45,
    0.42105263157894735,
    0.4444444444444444,
    0.47058823529411764,
    0.5,
    0.4666666666666667,
    0.5,
    0.5384615384615384,
    0.5833333333333334,
    0.6363636363636364,
    0.7,
    0.7777777777777778,
    0.875,
    0.8571428571428571,
    1.0,
    1.0,
    1.0,
    1.0,
    1.0,
    1.0,
    1.0
  ],
  "recall": [
    1.0,
    1.0,
    1.0,
    1.0,
    1.0,
    1.0,
    1.0,
    1.0,
    1.0,
    1.0,
    0.9166666666666666,
    0.9166666666666666,
    0.9166666666666666,
    0.9166666666666666,
    0.9166666666666666,
    0.9166666666666666,
    0.9166666666666666,
    0.9166666666666666,
    0.9166666666666666,
    0.9166666666666666,
    0.9166666666666666,
    0.9166666666666666,
    0.9166666666666666,
    0.9166666666666666,
    0.9166666666666666,
    0.9166666666666666,
    0.9166666666666666,
    0.9166666666666666,
    0.9166666666666666,
    0.9166666666666666,
    0.9166666666666666,
    0.9166666666666666,
    0.9166666666666666,
    0.9166666666666666,
    0.9166666666666666,
    0.9166666666666666,
    0.9166666666666666,
    0.8333333333333334,
    0.8333333333333334,
    0.8333333333333334,
    0.8333333333333334,
    0.8333333333333334,
    0.8333333333333334,
    0.8333333333333334,
    0.75,
    0.75,
    0.75,
    0.75,
    0.75,
    0.75,
    0.75,
    0.75,
    0.75,
    0.75,
    0.75,
    0.75,
    0.6666666666666666,
    0.6666666666666666,
    0.6666666666666666,
    0.6666666666666666,
    0.5833333333333334,
    0.5833333333333334,
    0.5833333333333334,
    0.5833333333333334,
    0.5833333333333334,
    0.5833333333333334,
    0.5833333333333334,
    0.5833333333333334,
    0.5,
    0.5,
    0.4166666666666667,
    0.3333333333333333,
    0.25,
    0.16666666666666666,
    0.08333333333333333,
    0.0
  ],
  "thresholds": [
    0.12226603180170059,
    0.12235959619283676,
    0.12265307456254959,
    0.12267746031284332,
    0.12355385720729828,
    0.12361562997102737,
    0.12397145479917526,
    0.12469755113124847,
    0.12470901757478714,
    0.1259610503911972,
    0.12606066465377808,
    0.12607485055923462,
    0.126366525888443,
    0.12678711116313934,
    0.12697459757328033,
    0.12719689309597015,
    0.1272960752248764,
    0.12755249440670013,
    0.12795226275920868,
    0.12803979218006134,
    0.128402441740036,
    0.1285291463136673,
    0.1289050579071045,
    0.1294379085302353,
    0.13031744956970215,
    0.13047198951244354,
    0.1307726949453354,
    0.13096381723880768,
    0.1312120407819748,
    0.13203169405460358,
    0.13224317133426666,
    0.1327514350414276,
    0.13290221989154816,
    0.133636012673378,
    0.13389727473258972,
    0.1350710690021515,
    0.13525813817977905,
    0.13552048802375793,
    0.13612541556358337,
    0.13620123267173767,
    0.1371549665927887,
    0.13850580155849457,
    0.13933566212654114,
    0.1399148851633072,
    0.14123915135860443,
    0.14226888120174408,
    0.14363250136375427,
    0.1447037011384964,
    0.14516955614089966,
    0.14787901937961578,
    0.14939722418785095,
    0.15138766169548035,
    0.15944279730319977,
    0.1733572632074356,
    0.18014882504940033,
    0.19294185936450958,
    0.20075823366641998,
    0.2023991197347641,
    0.2063736766576767,
    0.21845096349716187,
    0.23097358644008636,
    0.2850300669670105,
    0.4040367305278778,
    0.40926986932754517,
    0.41240864992141724,
    0.4412822425365448,
    0.4728059768676758,
    0.7207735180854797,
    0.8123810887336731,
    0.8620165586471558,
    0.8957038521766663,
    0.9048908948898315,
    0.9216694831848145,
    0.9262648224830627,
    0.9288750886917114
  ]
}