{
  "accuracy": 0.9866666666666667,
  "balanced_accuracy": 0.9920634920634921,
  "precision": 0.9230769230769231,
  "recall": 1.0,
  "f1": 0.9600000000000001,
  "roc_auc": 1.0,
  "pr_auc": 1.0,
  "class_distribution": {
    "0": 63,
    "1": 12
  },
  "per_class_precision_recall": {
    "class_0": {
      "precision": 1.0,
      "recall": 0.9841269841269841
    },
    "class_1": {
      "precision": 0.9230769230769231,
      "recall": 1.0
    }
  },
  "confusion_matrix": {
    "tn": 62,
    "fp": 1,
    "fn": 0,
    "tp": 12
  },
  "confusion_matrix_normalized": {
    "tn": 0.9841269841269841,
    "fp": 0.015873015873015872,
    "fn": 0.0,
    "tp": 1.0
  },
  "threshold": 0.39999999999999997,
  "n_samples": 75,
  "mean_probability": 0.18952172994613647
}