{
  "accuracy": 0.92,
  "balanced_accuracy": 0.75,
  "precision": 1.0,
  "recall": 0.5,
  "f1": 0.6666666666666666,
  "roc_auc": 0.8148148148148149,
  "pr_auc": 0.7044398112328257,
  "class_distribution": {
    "0": 63,
    "1": 12
  },
  "per_class_precision_recall": {
    "class_0": {
      "precision": 0.9130434782608695,
      "recall": 1.0
    },
    "class_1": {
      "precision": 1.0,
      "recall": 0.5
    }
  },
  "confusion_matrix": {
    "tn": 63,
    "fp": 0,
    "fn": 6,
    "tp": 6
  },
  "confusion_matrix_normalized": {
    "tn": 1.0,
    "fp": 0.0,
    "fn": 0.5,
    "tp": 0.5
  },
  "threshold": 0.7999999999999999,
  "n_samples": 75,
  "mean_probability": 0.1967620998620987,
  "pr_curve": {
    "precision": [
      0.16,
      0.16216216216216217,
      0.1643835616438356,
      0.16666666666666666,
      0.16901408450704225,
      0.17142857142857143,
      0.17391304347826086,
      0.17647058823529413,
      0.1791044776119403,
      0.18181818181818182,
      0.18461538461538463,
      0.1875,
      0.19047619047619047,
      0.1935483870967742,
      0.18032786885245902,
      0.18333333333333332,
      0.1864406779661017,
      0.1896551724137931,
      0.19298245614035087,
      0.19642857142857142,
      0.2,
      0.2037037037037037,
      0.20754716981132076,
      0.21153846153846154,
      0.21568627450980393,
      0.22,
      0.22448979591836735,
      0.22916666666666666,
      0.23404255319148937,
      0.21739130434782608,
      0.2222222222222222,
      0.22727272727272727,
      0.23255813953488372,
      0.21428571428571427,
      0.21951219512195122,
      0.225,
      0.23076923076923078,
      0.23684210526315788,
      0.24324324324324326,
      0.25,
      0.2571428571428571,
      0.2647058823529412,
      0.2727272727272727,
      0.28125,
      0.2903225806451613,
      0.3,
      0.3103448275862069,
      0.32142857142857145,
      0.3333333333333333,
      0.34615384615384615,
      0.36,
      0.375,
      0.391304347826087,
      0.4090909090909091,
      0.42857142857142855,
      0.45,
      0.47368421052631576,
      0.4444444444444444,
      0.4117647058823529,
      0.4375,
      0.4666666666666667,
      0.5,
      0.5384615384615384,
      0.5833333333333334,
      0.6363636363636364,
      0.7,
      0.7777777777777778,
      0.875,
      0.8571428571428571,
      1.0,
      1.0,
      1.0,
      1.0,
      1.0,
      1.0,
      1.0
    ],
    "recall": [
      1.0,
      1.0,
      1.0,
      1.0,
      1.0,
      1.0,
      1.0,
      1.0,
      1.0,
      1.0,
      1.0,
      1.0,
      1.0,
      1.0,
      0.9166666666666666,
      0.9166666666666666,
      0.9166666666666666,
      0.9166666666666666,
      0.9166666666666666,
      0.9166666666666666,
      0.9166666666666666,
      0.9166666666666666,
      0.9166666666666666,
      0.9166666666666666,
      0.9166666666666666,
      0.9166666666666666,
      0.9166666666666666,
      0.9166666666666666,
      0.9166666666666666,
      0.8333333333333334,
      0.8333333333333334,
      0.8333333333333334,
      0.8333333333333334,
      0.75,
      0.75,
      0.75,
      0.75,
      0.75,
      0.75,
      0.75,
      0.75,
      0.75,
      0.75,
      0.75,
      0.75,
      0.75,
      0.75,
      0.75,
      0.75,
      0.75,
      0.75,
      0.75,
      0.75,
      0.75,
      0.75,
      0.75,
      0.75,
      0.6666666666666666,
      0.5833333333333334,
      0.5833333333333334,
      0.5833333333333334,
      0.5833333333333334,
      0.5833333333333334,
      0.5833333333333334,
      0.5833333333333334,
      0.5833333333333334,
      0.5833333333333334,
      0.5833333333333334,
      0.5,
      0.5,
      0.4166666666666667,
      0.3333333333333333,
      0.25,
      0.16666666666666666,
      0.08333333333333333,
      0.0
    ],
    "thresholds": [
      0.08297786116600037,
      0.08306460082530975,
      0.08311918377876282,
      0.08366609364748001,
      0.08369828760623932,
      0.08387596905231476,
      0.08391937613487244,
      0.08591628819704056,
      0.08605144172906876,
      0.08627093583345413,
      0.08660469949245453,
      0.08681060373783112,
      0.08689319342374802,
      0.0870106890797615,
      0.08703375607728958,
      0.08710858225822449,
      0.08739670366048813,
      0.08814430981874466,
      0.08842512220144272,
      0.08879148960113525,
      0.08899470418691635,
      0.08913305401802063,
      0.08915609121322632,
      0.08932818472385406,
      0.08934880048036575,
      0.08945681899785995,
      0.08998190611600876,
      0.09002049267292023,
      0.0902634933590889,
      0.09030748903751373,
      0.09102936089038849,
      0.09117874503135681,
      0.09125914424657822,
      0.09267625212669373,
      0.09353563189506531,
      0.09461641311645508,
      0.09769725799560547,
      0.0978958010673523,
      0.09868715703487396,
      0.09986568242311478,
      0.10017146915197372,
      0.10295410454273224,
      0.1031627357006073,
      0.10319334268569946,
      0.10349366813898087,
      0.10430195927619934,
      0.10451536625623703,
      0.10839179903268814,
      0.10977891087532043,
      0.11271915584802628,
      0.11442956328392029,
      0.11722266674041748,
      0.11780810356140137,
      0.11926231533288956,
      0.1261930614709854,
      0.1463899165391922,
      0.14979900419712067,
      0.16017425060272217,
      0.169536292552948,
      0.17497438192367554,
      0.20208795368671417,
      0.20402491092681885,
      0.20757344365119934,
      0.2646000385284424,
      0.3853367567062378,
      0.4137544631958008,
      0.41878777742385864,
      0.5063365697860718,
      0.7875238656997681,
      0.8277456760406494,
      0.8550401329994202,
      0.901486337184906,
      0.9167453646659851,
      0.9259920120239258,
      0.9304391741752625
    ]
  }
}