{
  "y_true": [
    0,
    0,
    0,
    0,
    0,
    0,
    0,
    0,
    0,
    0,
    0,
    0,
    0,
    0,
    0,
    0,
    0,
    0,
    0,
    0,
    0,
    0,
    0,
    0,
    0,
    0,
    0,
    0,
    0,
    0,
    0,
    0,
    0,
    0,
    0,
    0,
    0,
    0,
    0,
    0,
    0,
    0,
    0,
    0,
    0,
    0,
    0,
    0,
    0,
    0,
    0,
    0,
    0,
    0,
    0,
    0,
    0,
    0,
    0,
    0,
    0,
    0,
    0,
    1,
    1,
    1,
    1,
    1,
    1,
    1,
    1,
    1,
    1,
    1,
    1
  ],
  "y_pred": [
    0,
    0,
    0,
    0,
    0,
    0,
    0,
    0,
    0,
    0,
    0,
    0,
    0,
    0,
    0,
    0,
    0,
    0,
    0,
    0,
    0,
    0,
    0,
    0,
    0,
    0,
    0,
    0,
    0,
    0,
    0,
    0,
    0,
    0,
    0,
    0,
    0,
    0,
    0,
    0,
    0,
    0,
    0,
    0,
    0,
    0,
    0,
    0,
    0,
    0,
    0,
    0,
    0,
    0,
    0,
    0,
    0,
    0,
    0,
    0,
    0,
    0,
    0,
    1,
    1,
    1,
    1,
    1,
    0,
    0,
    0,
    0,
    0,
    0,
    1
  ],
  "y_prob": [
    0.08605144172906876,
    0.08627093583345413,
    0.11442956328392029,
    0.4137544631958008,
    0.41878777742385864,
    0.08366609364748001,
    0.09117874503135681,
    0.3853367567062378,
    0.10017146915197372,
    0.08945681899785995,
    0.08915609121322632,
    0.08998190611600876,
    0.2646000385284424,
    0.1261930614709854,
    0.09353563189506531,
    0.10319334268569946,
    0.10839179903268814,
    0.169536292552948,
    0.10430195927619934,
    0.09002049267292023,
    0.08932818472385406,
    0.08369828760623932,
    0.17497438192367554,
    0.08311918377876282,
    0.08306460082530975,
    0.11722266674041748,
    0.09868715703487396,
    0.08899470418691635,
    0.08703375607728958,
    0.08689319342374802,
    0.09461641311645508,
    0.08814430981874466,
    0.08681060373783112,
    0.09267625212669373,
    0.10451536625623703,
    0.1031627357006073,
    0.11780810356140137,
    0.09769725799560547,
    0.20402491092681885,
    0.11926231533288956,
    0.08710858225822449,
    0.08842512220144272,
    0.10349366813898087,
    0.7875238656997681,
    0.11271915584802628,
    0.08660469949245453,
    0.1463899165391922,
    0.08934880048036575,
    0.10295410454273224,
    0.08391937613487244,
    0.0978958010673523,
    0.08879148960113525,
    0.09102936089038849,
    0.09030748903751373,
    0.08297786116600037,
    0.08739670366048813,
    0.09986568242311478,
    0.20757344365119934,
    0.08913305401802063,
    0.08591628819704056,
    0.08387596905231476,
    0.10977891087532043,
    0.20208795368671417,
    0.9259920120239258,
    0.8550401329994202,
    0.9167453646659851,
    0.901486337184906,
    0.9304391741752625,
    0.0902634933590889,
    0.09125914424657822,
    0.14979900419712067,
    0.16017425060272217,
    0.0870106890797615,
    0.5063365697860718,
    0.8277456760406494
  ]
}