{
  "train_loss": [
    1.10710405928748,
    0.8701741807801383,
    0.6630528097493308,
    0.5166608745711191,
    0.4572709447996957,
    0.44080205168042863,
    0.3939214601687023,
    0.35157409736088346,
    0.3564641809463501
  ],
  "val_loss": [
    0.9726921367645264,
    0.7117930030822754,
    0.5519296948115031,
    0.45122626622517903,
    0.41225102106730144,
    0.4240148385365804,
    0.4748192262649536,
    0.4727185821533203,
    0.48160571098327637
  ]
}