{
  "train_loss": [
    1.14660984652383,
    0.9949355357033866,
    0.7744515827723912,
    0.6202388555662972,
    0.5565953731536866,
    0.4386254239933831,
    0.43812566927501134,
    0.41175006347043175,
    0.37876014692442755,
    0.3540511771610805,
    0.32916267429079327
  ],
  "val_loss": [
    1.036509952545166,
    0.8392700894673666,
    0.6609408887227376,
    0.5354755846659343,
    0.5341950543721516,
    0.47201923688252767,
    0.4108213106791178,
    0.5361642328898112,
    0.5367839336395264,
    0.5119094053904215,
    0.5353692626953125
  ]
}