{
  "train_loss": [
    1.0842570291246687,
    0.8758743388312203,
    0.6603494599887303,
    0.5440377296720232,
    0.46822191885539466,
    0.39599033151354107,
    0.35649598598480225,
    0.4192812569226537,
    0.37300531540598186
  ],
  "val_loss": [
    0.9401248296101888,
    0.7022112814585367,
    0.556197837193807,
    0.47378927866617837,
    0.4649581368764242,
    0.5331188233693441,
    0.4877226893107096,
    0.4865498701731364,
    0.5017390282948812
  ]
}