{
  "train_loss": [
    1.177802758216858,
    0.973556124993733,
    0.8117792858396258,
    0.6318014478683471,
    0.5200300765037537,
    0.43348418951034545,
    0.42102633135659356,
    0.3728279331752232,
    0.3503359302452632
  ],
  "val_loss": [
    1.036605676015218,
    0.8448831462860107,
    0.6667808310190837,
    0.571051747004191,
    0.4492306629816691,
    0.518061736424764,
    0.527345085144043,
    0.5410013230641683,
    0.5315669568379721
  ]
}