{
  "train_loss": [
    1.1099933900151935,
    0.8678933596611023,
    0.692627956867218,
    0.5794050100871495,
    0.5002672716549464,
    0.4652975314004081,
    0.4261166172368186,
    0.38623119013650076,
    0.37515157593148096
  ],
  "val_loss": [
    0.9690333843231201,
    0.7574255720774332,
    0.5796284818649292,
    0.471392232577006,
    0.4082671880722046,
    0.4576173702875773,
    0.47350417455037436,
    0.4995341459910075,
    0.5263621838887532
  ]
}