{
  "train_loss": [
    1.1163435207094465,
    0.9310061475208827,
    0.7077478453091213,
    0.5828365964548928,
    0.4734701156616211,
    0.4673513674736023,
    0.4344436453069959,
    0.40707411450999126,
    0.39338975812707627,
    0.3217053104724203
  ],
  "val_loss": [
    0.9599567540486653,
    0.7368613719940186,
    0.6009715175628663,
    0.5109864012400309,
    0.47698110580444336,
    0.4714529577891032,
    0.4907184346516927,
    0.4964727751413981,
    0.49970950762430827,
    0.5058145618438721
  ]
}