{
  "train_loss": [
    1.0877440656934465,
    0.8579308128356934,
    0.6642204087121146,
    0.4943869355746678,
    0.46595752767154147,
    0.4219776657649449,
    0.4083700461898531,
    0.3653872414146151
  ],
  "val_loss": [
    0.955897970199585,
    0.7272140471140544,
    0.5349223391215007,
    0.43557456811269124,
    0.4854251289367676,
    0.5048039627075195,
    0.5217368539174397,
    0.5278163941701254
  ]
}