{
  "train_loss": [
    1.0941921990258352,
    0.921036821774074,
    0.7227929319654193,
    0.5922734788485936,
    0.47078837820461816,
    0.45810444499765124,
    0.4094420484985624,
    0.39672034399850026,
    0.37457288499389374,
    0.3811490453992571,
    0.34767321927206857
  ],
  "val_loss": [
    0.9563714726765951,
    0.7929051335652669,
    0.6432444000244141,
    0.5328491020202637,
    0.4729031467437744,
    0.5708124160766601,
    0.42400707880655925,
    0.5386428991953532,
    0.564737745920817,
    0.5551846090952556,
    0.5652365080515543
  ]
}