{
  "train_loss": [
    1.1397293077196393,
    0.9404781246185303,
    0.768084603037153,
    0.572116253886904,
    0.5781167033740452,
    0.457385647382055,
    0.4388604269708906,
    0.35722107206072123,
    0.35890845775604246,
    0.3162336759482111
  ],
  "val_loss": [
    1.0137140051523845,
    0.8132919534047445,
    0.6309550857543945,
    0.5370607089996338,
    0.5022562249501547,
    0.5017808787027995,
    0.5125297196706136,
    0.5266704750061035,
    0.5366986083984375,
    0.5562131977081299
  ]
}