{
  "train_loss": [
    1.0965121160234723,
    0.9162737699917385,
    0.7438052616800581,
    0.6065773061343602,
    0.5003642770222255,
    0.4455146958146777,
    0.4208771164076669,
    0.3650399957384382,
    0.3452576569148472,
    0.33831832596233913,
    0.2601672043119158,
    0.2339582417692457,
    0.20004884076969964,
    0.19987812433923993
  ],
  "val_loss": [
    0.9852615706125896,
    0.7837338924407959,
    0.6027090549468994,
    0.5151542599995931,
    0.5136074002583821,
    0.502294880549113,
    0.5062641270955404,
    0.5223019727071126,
    0.5107194105784099,
    0.4802193037668864,
    0.5165666739145914,
    0.5021557394663493,
    0.5362629826863606,
    0.4929399061203003
  ]
}