{
  "train_loss": [
    1.0513092463357108,
    0.844357019833156,
    0.6545965365001134,
    0.5305522734778269,
    0.472048340184348,
    0.44093244654791697,
    0.390692751961095,
    0.4065408171926226,
    0.3789540398972375,
    0.3733656561374664
  ],
  "val_loss": [
    0.8900071303049724,
    0.6963919289906819,
    0.5414591757456462,
    0.46650921503702797,
    0.4713519032796224,
    0.4645353698730469,
    0.47229231198628746,
    0.5058386580149332,
    0.506307175954183,
    0.5107788594563802
  ]
}