{
  "train_loss": [
    1.150536171708788,
    1.0237718384606498,
    0.8759399025780814,
    0.7017606960024152,
    0.5623933151790074,
    0.4849163932459695,
    0.42344445739473613,
    0.3689652003560747,
    0.3693526349748884,
    0.3910631792034422
  ],
  "val_loss": [
    1.069836317698161,
    0.9190841770172119,
    0.7350325012207031,
    0.5773388703664144,
    0.5149439334869385,
    0.4966826248168945,
    0.5040853532155355,
    0.5147321033477783,
    0.5235515562693278,
    0.5384775225321452
  ]
}