{
  "train_loss": [
    1.0913231134414674,
    0.9195355067934309,
    0.6913272305897304,
    0.5626981298412596,
    0.47930430821010045,
    0.4161576306819916,
    0.4020900459800448,
    0.3988558180843081,
    0.35145746171474457,
    0.3339565825462341
  ],
  "val_loss": [
    0.96763321240743,
    0.7810502052307129,
    0.6083195829391479,
    0.4876688480377197,
    0.4883567460378011,
    0.4228879769643148,
    0.4719362735748291,
    0.5062950992584229,
    0.5128732808430989,
    0.5169741757710775
  ]
}