{
  "train_loss": [
    1.1227817399161202,
    0.9395810215813774,
    0.7585665164675032,
    0.5915034753935677,
    0.5218092213358198,
    0.44740879654884336,
    0.41715227024895807,
    0.40971462947981696,
    0.3684314843586513,
    0.3084882926089423,
    0.33148369882787976
  ],
  "val_loss": [
    0.9757824738820394,
    0.7980103969573975,
    0.6249167696634929,
    0.5170909833908081,
    0.46629160245259604,
    0.4206169335047404,
    0.3977913188934326,
    0.4865536117553711,
    0.399348045984904,
    0.4948595174153646,
    0.5267351627349853
  ]
}