{
  "train_loss": [
    1.1612849702153887,
    1.0148106397901262,
    0.8005025706972395,
    0.6809194874763489,
    0.5474687467302595,
    0.4860022151470184,
    0.4358134860651834,
    0.39827750853129795,
    0.39356709011963437,
    0.3477606328896114,
    0.35487946748733523,
    0.3082533594540187,
    0.296680018220629
  ],
  "val_loss": [
    1.081328468322754,
    0.9241984685262045,
    0.7120885976155599,
    0.5772090625762939,
    0.5172691472371419,
    0.5042220528920491,
    0.5084477965037028,
    0.5027186425526937,
    0.4989451313018799,
    0.5240171019236247,
    0.54276611328125,
    0.5564113839467366,
    0.544565757115682
  ]
}