{
  "train_loss": [
    1.128394728388105,
    0.9511258557864598,
    0.7362902593612671,
    0.5663682671955653,
    0.47962765846933636,
    0.42454210707119533,
    0.3668545312540872,
    0.41111829246793474,
    0.37750806399754117
  ],
  "val_loss": [
    1.0000944582621256,
    0.7934460926055908,
    0.598412249883016,
    0.48364832560221355,
    0.43619441668192543,
    0.5328064028422038,
    0.5062021096547444,
    0.49614269574483233,
    0.5250416088104248
  ]
}