{
  "train_loss": [
    1.1207091188430787,
    0.8972192631449019,
    0.7199604293278286,
    0.57175133228302,
    0.5259240743092128,
    0.46241783618927,
    0.3569323320899691,
    0.3635303769792829,
    0.427916430745806
  ],
  "val_loss": [
    0.9791950098673503,
    0.7699868138631185,
    0.6020785109202067,
    0.5280144341786702,
    0.4530467971165975,
    0.4893190860748291,
    0.5104371007283529,
    0.5163101514180501,
    0.5381002203623454
  ]
}