{
  "train_loss": [
    1.1146923398971558,
    0.8888577287537711,
    0.6586419720309121,
    0.5166171046665736,
    0.4179137477704457,
    0.430802914925984,
    0.42321779668331144,
    0.37747572907379695,
    0.3696098081128938
  ],
  "val_loss": [
    0.9642195097605387,
    0.7304913584391276,
    0.5584091615676879,
    0.469736213684082,
    0.44775078137715657,
    0.4534501584370931,
    0.4707035255432129,
    0.5349522399902343,
    0.4968467330932617
  ]
}