{
  "train_loss": [
    1.1124451194490705,
    0.9080348171506609,
    0.6613932119097028,
    0.5070055159500667,
    0.47101481335503714,
    0.4146828477723258,
    0.3884277215174266,
    0.378680020911353,
    0.30400533195052826
  ],
  "val_loss": [
    0.9832423941294353,
    0.7382457701365153,
    0.5595937283833822,
    0.4608025519053141,
    0.4031684112548828,
    0.49094762166341144,
    0.5115845870971679,
    0.49548853556315103,
    0.5021411101023356
  ]
}