{
  "train_loss": [
    1.0802277878352573,
    0.8346448428290231,
    0.607663722038269,
    0.5588635291372027,
    0.4326153026308332,
    0.3674694003377642,
    0.4331818412031446,
    0.37559468205486024,
    0.2826540543351855,
    0.30588804721832275,
    0.36566313041107995
  ],
  "val_loss": [
    0.9506709067026774,
    0.7016267236073812,
    0.5326601282755534,
    0.46292291323343915,
    0.45593333880106607,
    0.4637113475799561,
    0.4450715446472168,
    0.4862747732798258,
    0.46986475626627605,
    0.537871216138204,
    0.5094450728098552
  ]
}