metric,before,after_mean
accuracy,1.0,0.9307359307359307
precision,0.9999999991666666,0.8560606051281483
recall,0.9999999991666666,0.6944444438657408
f1,0.9999999941666666,0.7564835947299638
ece,0.2122387911205168,0.07523092216291984
brier,0.0502220019698143,0.054995703200499214
fp,0.0,1.6666666666666667
