{
  "precision": [
    0.16,
    0.16216216216216217,
    0.1643835616438356,
    0.16666666666666666,
    0.16901408450704225,
    0.17142857142857143,
    0.17391304347826086,
    0.17647058823529413,
    0.1791044776119403,
    0.18181818181818182,
    0.18461538461538463,
    0.1875,
    0.19047619047619047,
    0.1935483870967742,
    0.19672131147540983,
    0.2,
    0.2033898305084746,
    0.20689655172413793,
    0.21052631578947367,
    0.21428571428571427,
    0.21818181818181817,
    0.2222222222222222,
    0.22641509433962265,
    0.23076923076923078,
    0.23529411764705882,
    0.22,
    0.20408163265306123,
    0.1875,
    0.19148936170212766,
    0.1956521739130435,
    0.2,
    0.20454545454545456,
    0.20930232558139536,
    0.21428571428571427,
    0.21951219512195122,
    0.225,
    0.23076923076923078,
    0.23684210526315788,
    0.24324324324324326,
    0.25,
    0.2571428571428571,
    0.2647058823529412,
    0.24242424242424243,
    0.25,
    0.25806451612903225,
    0.26666666666666666,
    0.27586206896551724,
    0.2857142857142857,
    0.2962962962962963,
    0.3076923076923077,
    0.32,
    0.3333333333333333,
    0.34782608695652173,
    0.36363636363636365,
    0.38095238095238093,
    0.4,
    0.42105263157894735,
    0.4444444444444444,
    0.47058823529411764,
    0.4375,
    0.4666666666666667,
    0.5,
    0.5384615384615384,
    0.5833333333333334,
    0.6363636363636364,
    0.7,
    0.7777777777777778,
    0.875,
    1.0,
    1.0,
    1.0,
    1.0,
    1.0,
    1.0,
    1.0,
    1.0
  ],
  "recall": [
    1.0,
    1.0,
    1.0,
    1.0,
    1.0,
    1.0,
    1.0,
    1.0,
    1.0,
    1.0,
    1.0,
    1.0,
    1.0,
    1.0,
    1.0,
    1.0,
    1.0,
    1.0,
    1.0,
    1.0,
    1.0,
    1.0,
    1.0,
    1.0,
    1.0,
    0.9166666666666666,
    0.8333333333333334,
    0.75,
    0.75,
    0.75,
    0.75,
    0.75,
    0.75,
    0.75,
    0.75,
    0.75,
    0.75,
    0.75,
    0.75,
    0.75,
    0.75,
    0.75,
    0.6666666666666666,
    0.6666666666666666,
    0.6666666666666666,
    0.6666666666666666,
    0.6666666666666666,
    0.6666666666666666,
    0.6666666666666666,
    0.6666666666666666,
    0.6666666666666666,
    0.6666666666666666,
    0.6666666666666666,
    0.6666666666666666,
    0.6666666666666666,
    0.6666666666666666,
    0.6666666666666666,
    0.6666666666666666,
    0.6666666666666666,
    0.5833333333333334,
    0.5833333333333334,
    0.5833333333333334,
    0.5833333333333334,
    0.5833333333333334,
    0.5833333333333334,
    0.5833333333333334,
    0.5833333333333334,
    0.5833333333333334,
    0.5833333333333334,
    0.5,
    0.4166666666666667,
    0.3333333333333333,
    0.25,
    0.16666666666666666,
    0.08333333333333333,
    0.0
  ],
  "thresholds": [
    0.05113644525408745,
    0.05129370465874672,
    0.053041379898786545,
    0.05395570397377014,
    0.05424823611974716,
    0.05515054985880852,
    0.0551692396402359,
    0.05592101067304611,
    0.05595121532678604,
    0.056183312088251114,
    0.05625281110405922,
    0.056506507098674774,
    0.056507352739572525,
    0.05681129917502403,
    0.05697008594870567,
    0.05720903351902962,
    0.057363882660865784,
    0.057499807327985764,
    0.05750722438097,
    0.05754230171442032,
    0.057822972536087036,
    0.05822480469942093,
    0.05845674127340317,
    0.05854601413011551,
    0.05887328088283539,
    0.05924367159605026,
    0.05932812765240669,
    0.05981283262372017,
    0.060108453035354614,
    0.060817837715148926,
    0.06098310649394989,
    0.06099949777126312,
    0.061091165989637375,
    0.06111632660031319,
    0.06119918078184128,
    0.06134488806128502,
    0.06170274689793587,
    0.06184781342744827,
    0.06190237030386925,
    0.06202069669961929,
    0.06203851103782654,
    0.06235194951295853,
    0.06256114691495895,
    0.06266256421804428,
    0.06272982060909271,
    0.06333252787590027,
    0.06337051838636398,
    0.06408297270536423,
    0.06574389338493347,
    0.06601797044277191,
    0.06618817895650864,
    0.0675351470708847,
    0.06798190623521805,
    0.06920546293258667,
    0.06993868947029114,
    0.07022290676832199,
    0.07101543247699738,
    0.07271324098110199,
    0.077637679874897,
    0.07780410349369049,
    0.07793541252613068,
    0.07897379249334335,
    0.08338085561990738,
    0.08775743097066879,
    0.0899553969502449,
    0.1448991298675537,
    0.1771424412727356,
    0.22676409780979156,
    0.3619788587093353,
    0.715789258480072,
    0.9060342907905579,
    0.9599862098693848,
    0.9633338451385498,
    0.9644076824188232,
    0.9662100076675415
  ]
}