{
  "y_true": [
    0,
    0,
    0,
    0,
    0,
    0,
    0,
    0,
    0,
    0,
    0,
    0,
    0,
    0,
    0,
    0,
    0,
    0,
    0,
    0,
    0,
    0,
    0,
    0,
    0,
    0,
    0,
    0,
    0,
    0,
    0,
    0,
    0,
    0,
    0,
    0,
    0,
    0,
    0,
    0,
    0,
    0,
    0,
    0,
    0,
    0,
    0,
    0,
    0,
    0,
    0,
    0,
    0,
    0,
    0,
    0,
    0,
    0,
    0,
    0,
    0,
    0,
    0,
    1,
    1,
    1,
    1,
    1,
    1,
    1,
    1,
    1,
    1,
    1,
    1
  ],
  "y_pred": [
    0,
    0,
    0,
    0,
    0,
    0,
    0,
    0,
    0,
    0,
    0,
    0,
    0,
    0,
    0,
    0,
    0,
    0,
    0,
    0,
    0,
    0,
    0,
    0,
    0,
    0,
    0,
    0,
    0,
    0,
    0,
    0,
    0,
    0,
    0,
    0,
    0,
    0,
    0,
    0,
    0,
    0,
    0,
    0,
    0,
    0,
    0,
    0,
    0,
    0,
    0,
    0,
    0,
    0,
    0,
    0,
    0,
    0,
    0,
    0,
    0,
    0,
    0,
    1,
    1,
    1,
    1,
    1,
    0,
    0,
    0,
    0,
    0,
    1,
    1
  ],
  "y_prob": [
    0.05681129917502403,
    0.05720903351902962,
    0.06190237030386925,
    0.22676409780979156,
    0.1448991298675537,
    0.05595121532678604,
    0.06337051838636398,
    0.08775743097066879,
    0.06601797044277191,
    0.06272982060909271,
    0.05750722438097,
    0.05754230171442032,
    0.08338085561990738,
    0.06111632660031319,
    0.06119918078184128,
    0.06333252787590027,
    0.05113644525408745,
    0.06184781342744827,
    0.06920546293258667,
    0.06256114691495895,
    0.05981283262372017,
    0.05129370465874672,
    0.06408297270536423,
    0.05592101067304611,
    0.056183312088251114,
    0.06202069669961929,
    0.07101543247699738,
    0.06099949777126312,
    0.06266256421804428,
    0.057822972536087036,
    0.07022290676832199,
    0.061091165989637375,
    0.053041379898786545,
    0.06098310649394989,
    0.0675351470708847,
    0.060817837715148926,
    0.06618817895650864,
    0.060108453035354614,
    0.0899553969502449,
    0.06203851103782654,
    0.05515054985880852,
    0.05424823611974716,
    0.05625281110405922,
    0.1771424412727356,
    0.06574389338493347,
    0.0551692396402359,
    0.07793541252613068,
    0.05822480469942093,
    0.06798190623521805,
    0.05395570397377014,
    0.05854601413011551,
    0.057363882660865784,
    0.06134488806128502,
    0.06170274689793587,
    0.05697008594870567,
    0.057499807327985764,
    0.06993868947029114,
    0.07780410349369049,
    0.05845674127340317,
    0.056507352739572525,
    0.056506507098674774,
    0.07271324098110199,
    0.07897379249334335,
    0.9644076824188232,
    0.9060342907905579,
    0.9633338451385498,
    0.9599862098693848,
    0.9662100076675415,
    0.05932812765240669,
    0.05887328088283539,
    0.077637679874897,
    0.06235194951295853,
    0.05924367159605026,
    0.3619788587093353,
    0.715789258480072
  ]
}