model,seed,accuracy,balanced_accuracy,precision,recall,f1,roc_auc,pr_auc,params,runtime_seconds
majority,42,0.84,0.5,0.0,0.0,0.0,0.5,0.16,0,0.02219080924987793
majority,43,0.84,0.5,0.0,0.0,0.0,0.5,0.16,0,0.0269014835357666
majority,44,0.84,0.5,0.0,0.0,0.0,0.5,0.16,0,0.0252072811126709
majority,45,0.84,0.5,0.0,0.0,0.0,0.5,0.16,0,0.022996187210083008
majority,46,0.84,0.5,0.0,0.0,0.0,0.5,0.16,0,0.022660017013549805
