{
  "accuracy": 0.9466666666666667,
  "balanced_accuracy": 0.9007936507936508,
  "precision": 0.8333333333333334,
  "recall": 0.8333333333333334,
  "f1": 0.8333333333333334,
  "roc_auc": 0.9312169312169313,
  "pr_auc": 0.8861111111111112,
  "class_distribution": {
    "0": 63,
    "1": 12
  },
  "per_class_precision_recall": {
    "class_0": {
      "precision": 0.9682539682539683,
      "recall": 0.9682539682539683
    },
    "class_1": {
      "precision": 0.8333333333333334,
      "recall": 0.8333333333333334
    }
  },
  "confusion_matrix": {
    "tn": 61,
    "fp": 2,
    "fn": 2,
    "tp": 10
  },
  "confusion_matrix_normalized": {
    "tn": 0.9682539682539683,
    "fp": 0.031746031746031744,
    "fn": 0.16666666666666666,
    "tp": 0.8333333333333334
  },
  "threshold": 0.25,
  "n_samples": 75,
  "mean_probability": 0.2286507934331894
}