{
  "models": {
    "hybrid_temporal": {
      "aggregate": {
        "accuracy": {
          "mean": 0.936,
          "std": 0.013063945294843593
        },
        "balanced_accuracy": {
          "mean": 0.8505952380952381,
          "std": 0.036359363833438914
        },
        "precision": {
          "mean": 0.8686041736041736,
          "std": 0.09062024885518939
        },
        "recall": {
          "mean": 0.725,
          "std": 0.08374896350934076
        },
        "f1": {
          "mean": 0.7829214968860277,
          "std": 0.04498335973370485
        },
        "roc_auc": {
          "mean": 0.9605820105820105,
          "std": 0.0068041381743977275
        },
        "pr_auc": {
          "mean": 0.8836766881718313,
          "std": 0.015801113748902685
        },
        "runtime_seconds": {
          "mean": 1.995124912261963,
          "std": 0.22022885108406592
        },
        "params": {
          "mean": 61345.0,
          "std": 0.0
        }
      },
      "n_seeds": 20
    },
    "lstm": {
      "aggregate": {
        "accuracy": {
          "mean": 0.9126666666666666,
          "std": 0.014892205269125807
        },
        "balanced_accuracy": {
          "mean": 0.7473214285714286,
          "std": 0.042034820079826236
        },
        "precision": {
          "mean": 0.9202380952380952,
          "std": 0.08638953598346065
        },
        "recall": {
          "mean": 0.5041666666666667,
          "std": 0.08528953954357801
        },
        "f1": {
          "mean": 0.6448830409356725,
          "std": 0.07839439761384381
        },
        "roc_auc": {
          "mean": 0.8247354497354498,
          "std": 0.05079520086920521
        },
        "pr_auc": {
          "mean": 0.7186931051770051,
          "std": 0.048570578975187725
        },
        "runtime_seconds": {
          "mean": 9.845269811153411,
          "std": 1.3601708563446675
        },
        "params": {
          "mean": 70785.0,
          "std": 0.0
        }
      },
      "n_seeds": 20
    },
    "random_forest": {
      "aggregate": {
        "accuracy": {
          "mean": 0.9226666666666666,
          "std": 0.010832051206181293
        },
        "balanced_accuracy": {
          "mean": 0.7870039682539682,
          "std": 0.02501318466891872
        },
        "precision": {
          "mean": 0.9064430014430015,
          "std": 0.09309704616307352
        },
        "recall": {
          "mean": 0.5875,
          "std": 0.05574620066774853
        },
        "f1": {
          "mean": 0.7080612598690402,
          "std": 0.03940985145259098
        },
        "roc_auc": {
          "mean": 0.9002976190476191,
          "std": 0.012130204803658805
        },
        "pr_auc": {
          "mean": 0.8087626080706741,
          "std": 0.02167018733165188
        },
        "runtime_seconds": {
          "mean": 0.42355780601501464,
          "std": 0.04331191014225806
        },
        "params": {
          "mean": 0.0,
          "std": 0.0
        }
      },
      "n_seeds": 20
    }
  },
  "seeds": [
    42,
    43,
    44,
    45,
    46,
    47,
    48,
    49,
    50,
    51,
    52,
    53,
    54,
    55,
    56,
    57,
    58,
    59,
    60,
    61
  ]
}