{
  "models": {
    "hybrid_temporal": {
      "aggregate": {
        "accuracy": {
          "mean": 0.9286666666666666,
          "std": 0.01477234653744023
        },
        "balanced_accuracy": {
          "mean": 0.8276785714285714,
          "std": 0.03436193463194831
        },
        "precision": {
          "mean": 0.8593968531468531,
          "std": 0.0959431973008294
        },
        "recall": {
          "mean": 0.6791666666666667,
          "std": 0.07580585582775105
        },
        "f1": {
          "mean": 0.7524416921751018,
          "std": 0.048271206860215805
        },
        "roc_auc": {
          "mean": 0.9673941798941799,
          "std": 0.009892154887135424
        },
        "pr_auc": {
          "mean": 0.8814277576221736,
          "std": 0.024992549481939803
        },
        "runtime_seconds": {
          "mean": 3.2598571181297302,
          "std": 0.5400620986309401
        },
        "params": {
          "mean": 240689.0,
          "std": 0.0
        }
      },
      "n_seeds": 20
    },
    "random_forest": {
      "aggregate": {
        "accuracy": {
          "mean": 0.9226666666666666,
          "std": 0.010832051206181293
        },
        "balanced_accuracy": {
          "mean": 0.7870039682539682,
          "std": 0.02501318466891872
        },
        "precision": {
          "mean": 0.9064430014430015,
          "std": 0.09309704616307352
        },
        "recall": {
          "mean": 0.5875,
          "std": 0.05574620066774853
        },
        "f1": {
          "mean": 0.7080612598690402,
          "std": 0.03940985145259098
        },
        "roc_auc": {
          "mean": 0.9002976190476191,
          "std": 0.012130204803658805
        },
        "pr_auc": {
          "mean": 0.8087626080706741,
          "std": 0.02167018733165188
        },
        "runtime_seconds": {
          "mean": 0.49331318140029906,
          "std": 0.06445153823488979
        },
        "params": {
          "mean": 0.0,
          "std": 0.0
        }
      },
      "n_seeds": 20
    },
    "fft": {
      "aggregate": {
        "accuracy": {
          "mean": 0.8666666666666667,
          "std": 0.0
        },
        "balanced_accuracy": {
          "mean": 0.8194444444444444,
          "std": 0.0
        },
        "precision": {
          "mean": 0.5625,
          "std": 0.0
        },
        "recall": {
          "mean": 0.75,
          "std": 0.0
        },
        "f1": {
          "mean": 0.6428571428571429,
          "std": 0.0
        },
        "roc_auc": {
          "mean": 0.9126984126984127,
          "std": 0.0
        },
        "pr_auc": {
          "mean": 0.7802723300460915,
          "std": 0.0
        },
        "runtime_seconds": {
          "mean": 0.47382941246032717,
          "std": 0.057049771800873436
        },
        "params": {
          "mean": 0.0,
          "std": 0.0
        }
      },
      "n_seeds": 20
    },
    "logistic_regression": {
      "aggregate": {
        "accuracy": {
          "mean": 0.9066666666666666,
          "std": 0.0
        },
        "balanced_accuracy": {
          "mean": 0.7757936507936508,
          "std": 0.0
        },
        "precision": {
          "mean": 0.7777777777777778,
          "std": 0.0
        },
        "recall": {
          "mean": 0.5833333333333334,
          "std": 0.0
        },
        "f1": {
          "mean": 0.6666666666666666,
          "std": 0.0
        },
        "roc_auc": {
          "mean": 0.8624338624338624,
          "std": 0.0
        },
        "pr_auc": {
          "mean": 0.7567405375595032,
          "std": 0.0
        },
        "runtime_seconds": {
          "mean": 0.09187719821929932,
          "std": 0.008741827716351352
        },
        "params": {
          "mean": 0.0,
          "std": 0.0
        }
      },
      "n_seeds": 20
    },
    "moving_average": {
      "aggregate": {
        "accuracy": {
          "mean": 0.4666666666666667,
          "std": 0.0
        },
        "balanced_accuracy": {
          "mean": 0.5138888888888888,
          "std": 0.0
        },
        "precision": {
          "mean": 0.16666666666666666,
          "std": 0.0
        },
        "recall": {
          "mean": 0.5833333333333334,
          "std": 0.0
        },
        "f1": {
          "mean": 0.25925925925925924,
          "std": 0.0
        },
        "roc_auc": {
          "mean": 0.4338624338624339,
          "std": 0.0
        },
        "pr_auc": {
          "mean": 0.15536940980369196,
          "std": 0.0
        },
        "runtime_seconds": {
          "mean": 0.04172353744506836,
          "std": 0.0038445138794980815
        },
        "params": {
          "mean": 0.0,
          "std": 0.0
        }
      },
      "n_seeds": 20
    },
    "majority": {
      "aggregate": {
        "accuracy": {
          "mean": 0.84,
          "std": 0.0
        },
        "balanced_accuracy": {
          "mean": 0.5,
          "std": 0.0
        },
        "precision": {
          "mean": 0.0,
          "std": 0.0
        },
        "recall": {
          "mean": 0.0,
          "std": 0.0
        },
        "f1": {
          "mean": 0.0,
          "std": 0.0
        },
        "roc_auc": {
          "mean": 0.5,
          "std": 0.0
        },
        "pr_auc": {
          "mean": 0.16,
          "std": 0.0
        },
        "runtime_seconds": {
          "mean": 0.02063126564025879,
          "std": 0.0025383672631840728
        },
        "params": {
          "mean": 0.0,
          "std": 0.0
        }
      },
      "n_seeds": 20
    },
    "rule": {
      "aggregate": {
        "accuracy": {
          "mean": 0.6266666666666667,
          "std": 0.0
        },
        "balanced_accuracy": {
          "mean": 0.5079365079365079,
          "std": 0.0
        },
        "precision": {
          "mean": 0.16666666666666666,
          "std": 0.0
        },
        "recall": {
          "mean": 0.3333333333333333,
          "std": 0.0
        },
        "f1": {
          "mean": 0.2222222222222222,
          "std": 0.0
        },
        "roc_auc": {
          "mean": 0.47883597883597884,
          "std": 0.0
        },
        "pr_auc": {
          "mean": 0.20376924144019132,
          "std": 0.0
        },
        "runtime_seconds": {
          "mean": 0.046289241313934325,
          "std": 0.0040905820314288
        },
        "params": {
          "mean": 0.0,
          "std": 0.0
        }
      },
      "n_seeds": 20
    }
  },
  "seeds": [
    42,
    43,
    44,
    45,
    46,
    47,
    48,
    49,
    50,
    51,
    52,
    53,
    54,
    55,
    56,
    57,
    58,
    59,
    60,
    61
  ]
}