{
  "models": {
    "hybrid_temporal": {
      "aggregate": {
        "accuracy": {
          "mean": 0.9313333333333333,
          "std": 0.012128936932440168
        },
        "balanced_accuracy": {
          "mean": 0.8225198412698413,
          "std": 0.04556790714557355
        },
        "precision": {
          "mean": 0.8997867410367411,
          "std": 0.09270526531366176
        },
        "recall": {
          "mean": 0.6625,
          "std": 0.10366546087187273
        },
        "f1": {
          "mean": 0.751777599481328,
          "std": 0.05650441227234702
        },
        "roc_auc": {
          "mean": 0.9619708994708995,
          "std": 0.012379390701037942
        },
        "pr_auc": {
          "mean": 0.8761210388223482,
          "std": 0.02434870792956789
        },
        "runtime_seconds": {
          "mean": 2.568173575401306,
          "std": 0.18410662380502082
        },
        "params": {
          "mean": 165745.0,
          "std": 0.0
        }
      },
      "n_seeds": 20
    },
    "lstm": {
      "aggregate": {
        "accuracy": {
          "mean": 0.908,
          "std": 0.011850925889754142
        },
        "balanced_accuracy": {
          "mean": 0.7327380952380953,
          "std": 0.04454840095575588
        },
        "precision": {
          "mean": 0.9228174603174603,
          "std": 0.08272619913717509
        },
        "recall": {
          "mean": 0.47500000000000003,
          "std": 0.09537935951882999
        },
        "f1": {
          "mean": 0.6169814241486068,
          "std": 0.07763937662696532
        },
        "roc_auc": {
          "mean": 0.8138888888888889,
          "std": 0.04893661491206292
        },
        "pr_auc": {
          "mean": 0.6961699306785594,
          "std": 0.03633491913269083
        },
        "runtime_seconds": {
          "mean": 6.389247345924377,
          "std": 0.5312546125092832
        },
        "params": {
          "mean": 156865.0,
          "std": 0.0
        }
      },
      "n_seeds": 20
    },
    "random_forest": {
      "aggregate": {
        "accuracy": {
          "mean": 0.9226666666666666,
          "std": 0.010832051206181293
        },
        "balanced_accuracy": {
          "mean": 0.7870039682539682,
          "std": 0.02501318466891872
        },
        "precision": {
          "mean": 0.9064430014430015,
          "std": 0.09309704616307352
        },
        "recall": {
          "mean": 0.5875,
          "std": 0.05574620066774853
        },
        "f1": {
          "mean": 0.7080612598690402,
          "std": 0.03940985145259098
        },
        "roc_auc": {
          "mean": 0.9002976190476191,
          "std": 0.012130204803658805
        },
        "pr_auc": {
          "mean": 0.8087626080706741,
          "std": 0.02167018733165188
        },
        "runtime_seconds": {
          "mean": 0.3987405776977539,
          "std": 0.01785582042940247
        },
        "params": {
          "mean": 0.0,
          "std": 0.0
        }
      },
      "n_seeds": 20
    }
  },
  "seeds": [
    42,
    43,
    44,
    45,
    46,
    47,
    48,
    49,
    50,
    51,
    52,
    53,
    54,
    55,
    56,
    57,
    58,
    59,
    60,
    61
  ]
}