{
  "models": {
    "hybrid_temporal": {
      "aggregate": {
        "accuracy": {
          "mean": 0.9600000000000001,
          "std": 0.01686548085423138
        },
        "balanced_accuracy": {
          "mean": 0.8817460317460317,
          "std": 0.04284244309925651
        },
        "precision": {
          "mean": 0.9777777777777777,
          "std": 0.04444444444444447
        },
        "recall": {
          "mean": 0.7666666666666667,
          "std": 0.08164965809277264
        },
        "f1": {
          "mean": 0.8578354978354978,
          "std": 0.06392026666868099
        },
        "roc_auc": {
          "mean": 0.9756613756613757,
          "std": 0.02584752209116236
        },
        "pr_auc": {
          "mean": 0.9318457249542776,
          "std": 0.05633884760900983
        },
        "runtime_seconds": {
          "mean": 2.5540563583374025,
          "std": 0.4043975213438278
        },
        "params": {
          "mean": 240689.0,
          "std": 0.0
        }
      },
      "n_seeds": 5
    },
    "random_forest": {
      "aggregate": {
        "accuracy": {
          "mean": 0.952,
          "std": 0.01808621328833404
        },
        "balanced_accuracy": {
          "mean": 0.8567460317460317,
          "std": 0.0609408057792142
        },
        "precision": {
          "mean": 0.9818181818181818,
          "std": 0.036363636363636376
        },
        "recall": {
          "mean": 0.7166666666666667,
          "std": 0.12472191289246473
        },
        "f1": {
          "mean": 0.8204931300583475,
          "std": 0.08447885879824071
        },
        "roc_auc": {
          "mean": 0.9494708994708995,
          "std": 0.02900597915596995
        },
        "pr_auc": {
          "mean": 0.8762185908143664,
          "std": 0.05456991869584295
        },
        "runtime_seconds": {
          "mean": 0.39315385818481446,
          "std": 0.004046400373089639
        },
        "params": {
          "mean": 0.0,
          "std": 0.0
        }
      },
      "n_seeds": 5
    },
    "fft": {
      "aggregate": {
        "accuracy": {
          "mean": 0.9093333333333333,
          "std": 0.030868898407440587
        },
        "balanced_accuracy": {
          "mean": 0.8380952380952381,
          "std": 0.04335396915475448
        },
        "precision": {
          "mean": 0.728445165945166,
          "std": 0.11865438026025084
        },
        "recall": {
          "mean": 0.7333333333333334,
          "std": 0.0816496580927726
        },
        "f1": {
          "mean": 0.7242793438445613,
          "std": 0.08092035478486405
        },
        "roc_auc": {
          "mean": 0.921957671957672,
          "std": 0.037384986882411625
        },
        "pr_auc": {
          "mean": 0.8329616650802105,
          "std": 0.06375398488284828
        },
        "runtime_seconds": {
          "mean": 0.3845341682434082,
          "std": 0.004722050793732404
        },
        "params": {
          "mean": 0.0,
          "std": 0.0
        }
      },
      "n_seeds": 5
    },
    "logistic_regression": {
      "aggregate": {
        "accuracy": {
          "mean": 0.9146666666666666,
          "std": 0.018086213288334062
        },
        "balanced_accuracy": {
          "mean": 0.8007936507936508,
          "std": 0.0502513210104023
        },
        "precision": {
          "mean": 0.7911111111111111,
          "std": 0.05584369721390695
        },
        "recall": {
          "mean": 0.6333333333333333,
          "std": 0.09999999999999999
        },
        "f1": {
          "mean": 0.7003030303030303,
          "std": 0.0757478781671933
        },
        "roc_auc": {
          "mean": 0.9055555555555556,
          "std": 0.035793562805649805
        },
        "pr_auc": {
          "mean": 0.8015119220484664,
          "std": 0.0648229501287014
        },
        "runtime_seconds": {
          "mean": 0.06848950386047363,
          "std": 0.0013253261882152471
        },
        "params": {
          "mean": 0.0,
          "std": 0.0
        }
      },
      "n_seeds": 5
    },
    "moving_average": {
      "aggregate": {
        "accuracy": {
          "mean": 0.304,
          "std": 0.16768223917079986
        },
        "balanced_accuracy": {
          "mean": 0.498015873015873,
          "std": 0.010271570718686335
        },
        "precision": {
          "mean": 0.1595692488262911,
          "std": 0.0040813820272492165
        },
        "recall": {
          "mean": 0.7833333333333333,
          "std": 0.23921166824012205
        },
        "f1": {
          "mean": 0.2606632730853753,
          "std": 0.01787870198547591
        },
        "roc_auc": {
          "mean": 0.38571428571428573,
          "std": 0.061615795514005284
        },
        "pr_auc": {
          "mean": 0.140990873171422,
          "std": 0.016405725029297855
        },
        "runtime_seconds": {
          "mean": 0.034898567199707034,
          "std": 0.003226723636258588
        },
        "params": {
          "mean": 0.0,
          "std": 0.0
        }
      },
      "n_seeds": 5
    },
    "majority": {
      "aggregate": {
        "accuracy": {
          "mean": 0.84,
          "std": 0.0
        },
        "balanced_accuracy": {
          "mean": 0.5,
          "std": 0.0
        },
        "precision": {
          "mean": 0.0,
          "std": 0.0
        },
        "recall": {
          "mean": 0.0,
          "std": 0.0
        },
        "f1": {
          "mean": 0.0,
          "std": 0.0
        },
        "roc_auc": {
          "mean": 0.5,
          "std": 0.0
        },
        "pr_auc": {
          "mean": 0.16,
          "std": 0.0
        },
        "runtime_seconds": {
          "mean": 0.021543216705322266,
          "std": 0.002333698792283044
        },
        "params": {
          "mean": 0.0,
          "std": 0.0
        }
      },
      "n_seeds": 5
    },
    "rule": {
      "aggregate": {
        "accuracy": {
          "mean": 0.7066666666666667,
          "std": 0.0404420023682749
        },
        "balanced_accuracy": {
          "mean": 0.623015873015873,
          "std": 0.07255505029809528
        },
        "precision": {
          "mean": 0.2717391304347826,
          "std": 0.05904796749989381
        },
        "recall": {
          "mean": 0.5,
          "std": 0.13944333775567927
        },
        "f1": {
          "mean": 0.3504761904761905,
          "std": 0.08291975983397845
        },
        "roc_auc": {
          "mean": 0.6291005291005292,
          "std": 0.09193492817296692
        },
        "pr_auc": {
          "mean": 0.39575228360792775,
          "std": 0.14503005064782865
        },
        "runtime_seconds": {
          "mean": 0.04414620399475098,
          "std": 0.0010424853240918778
        },
        "params": {
          "mean": 0.0,
          "std": 0.0
        }
      },
      "n_seeds": 5
    }
  },
  "seeds": [
    42,
    43,
    44,
    45,
    46
  ]
}