{
  "models": {
    "gru": {
      "aggregate": {
        "accuracy": {
          "mean": 0.928,
          "std": 0.02612789058968725
        },
        "balanced_accuracy": {
          "mean": 0.8357142857142857,
          "std": 0.05630727257041021
        },
        "precision": {
          "mean": 0.8428571428571429,
          "std": 0.13278800044139716
        },
        "recall": {
          "mean": 0.7000000000000001,
          "std": 0.11303883305208781
        },
        "f1": {
          "mean": 0.7557600294442399,
          "std": 0.08844968332855459
        },
        "roc_auc": {
          "mean": 0.9071428571428571,
          "std": 0.06556044496245117
        },
        "pr_auc": {
          "mean": 0.83135410407316,
          "std": 0.08412208289400593
        },
        "runtime_seconds": {
          "mean": 5.9139057159423825,
          "std": 0.2521731268019467
        },
        "params": {
          "mean": 54145.0,
          "std": 0.0
        }
      },
      "n_seeds": 5
    },
    "lstm": {
      "aggregate": {
        "accuracy": {
          "mean": 0.9173333333333333,
          "std": 0.03617242657666811
        },
        "balanced_accuracy": {
          "mean": 0.8361111111111111,
          "std": 0.058746244043482734
        },
        "precision": {
          "mean": 0.7681318681318682,
          "std": 0.1400812295616302
        },
        "recall": {
          "mean": 0.7166666666666667,
          "std": 0.10000000000000002
        },
        "f1": {
          "mean": 0.7376223776223776,
          "std": 0.10825427799216106
        },
        "roc_auc": {
          "mean": 0.9148148148148147,
          "std": 0.0452574295760687
        },
        "pr_auc": {
          "mean": 0.785815853962915,
          "std": 0.09626239073825736
        },
        "runtime_seconds": {
          "mean": 6.326065540313721,
          "std": 0.45971581219885327
        },
        "params": {
          "mean": 70785.0,
          "std": 0.0
        }
      },
      "n_seeds": 5
    },
    "majority": {
      "aggregate": {
        "accuracy": {
          "mean": 0.84,
          "std": 0.0
        },
        "balanced_accuracy": {
          "mean": 0.5,
          "std": 0.0
        },
        "precision": {
          "mean": 0.0,
          "std": 0.0
        },
        "recall": {
          "mean": 0.0,
          "std": 0.0
        },
        "f1": {
          "mean": 0.0,
          "std": 0.0
        },
        "roc_auc": {
          "mean": 0.5,
          "std": 0.0
        },
        "pr_auc": {
          "mean": 0.16,
          "std": 0.0
        },
        "runtime_seconds": {
          "mean": 0.026554584503173828,
          "std": 0.004152358084358766
        },
        "params": {
          "mean": 0.0,
          "std": 0.0
        }
      },
      "n_seeds": 5
    }
  },
  "seeds": [
    42,
    43,
    44,
    45,
    46
  ]
}