Model,Accuracy,Balanced Accuracy,F1,ROC-AUC,Params,Runtime,Mean ± Std (multi-seed)
hybrid_temporal,0.9286666666666666,0.8276785714285714,0.7524416921751018,0.9673941798941799,240689,3.2598571181297302,0.7524 +- 0.0483
random_forest,0.9226666666666666,0.7870039682539682,0.7080612598690402,0.9002976190476191,0,0.49331318140029906,0.7081 +- 0.0394
logistic_regression,0.9066666666666666,0.7757936507936508,0.6666666666666666,0.8624338624338624,0,0.09187719821929932,0.6667 +- 0.0000
fft,0.8666666666666667,0.8194444444444444,0.6428571428571429,0.9126984126984127,0,0.47382941246032717,0.6429 +- 0.0000
moving_average,0.4666666666666667,0.5138888888888888,0.25925925925925924,0.4338624338624339,0,0.04172353744506836,0.2593 +- 0.0000
rule,0.6266666666666667,0.5079365079365079,0.2222222222222222,0.47883597883597884,0,0.046289241313934325,0.2222 +- 0.0000
majority,0.84,0.5,0.0,0.5,0,0.02063126564025879,0.0000 +- 0.0000
