Model,Accuracy,Balanced Accuracy,F1,ROC-AUC,Params,Runtime,Mean ± Std (multi-seed)
hybrid_temporal,0.9600000000000001,0.8817460317460317,0.8578354978354978,0.9756613756613757,240689,2.5540563583374025,0.8578 +- 0.0639
random_forest,0.952,0.8567460317460317,0.8204931300583475,0.9494708994708995,0,0.39315385818481446,0.8205 +- 0.0845
fft,0.9093333333333333,0.8380952380952381,0.7242793438445613,0.921957671957672,0,0.3845341682434082,0.7243 +- 0.0809
logistic_regression,0.9146666666666666,0.8007936507936508,0.7003030303030303,0.9055555555555556,0,0.06848950386047363,0.7003 +- 0.0757
rule,0.7066666666666667,0.623015873015873,0.3504761904761905,0.6291005291005292,0,0.04414620399475098,0.3505 +- 0.0829
moving_average,0.304,0.498015873015873,0.2606632730853753,0.38571428571428573,0,0.034898567199707034,0.2607 +- 0.0179
majority,0.84,0.5,0.0,0.5,0,0.021543216705322266,0.0000 +- 0.0000
