Model,Accuracy,Balanced Accuracy,F1,ROC-AUC,Params,Runtime,Mean ± Std (multi-seed)
gru,0.928,0.8357142857142857,0.7557600294442399,0.9071428571428571,54145,5.9139057159423825,0.7558 +- 0.0884
lstm,0.9173333333333333,0.8361111111111111,0.7376223776223776,0.9148148148148147,70785,6.326065540313721,0.7376 +- 0.1083
majority,0.84,0.5,0.0,0.5,0,0.026554584503173828,0.0000 +- 0.0000
