Model,Accuracy,Balanced Accuracy,F1,ROC-AUC,Params,Runtime,Mean ± Std (multi-seed)
hybrid_temporal,0.9313333333333333,0.8225198412698413,0.751777599481328,0.9619708994708995,165745,2.568173575401306,0.7518 +- 0.0565
random_forest,0.9226666666666666,0.7870039682539682,0.7080612598690402,0.9002976190476191,0,0.3987405776977539,0.7081 +- 0.0394
lstm,0.908,0.7327380952380953,0.6169814241486068,0.8138888888888889,156865,6.389247345924377,0.6170 +- 0.0776
