{
  "best_model": "hybrid_temporal",
  "best_baseline": "random_forest",
  "best_model_metrics": {
    "accuracy": {
      "mean": 0.936,
      "std": 0.013063945294843593
    },
    "balanced_accuracy": {
      "mean": 0.8505952380952381,
      "std": 0.036359363833438914
    },
    "precision": {
      "mean": 0.8686041736041736,
      "std": 0.09062024885518939
    },
    "recall": {
      "mean": 0.725,
      "std": 0.08374896350934076
    },
    "f1": {
      "mean": 0.7829214968860277,
      "std": 0.04498335973370485
    },
    "roc_auc": {
      "mean": 0.9605820105820105,
      "std": 0.0068041381743977275
    },
    "pr_auc": {
      "mean": 0.8836766881718313,
      "std": 0.015801113748902685
    },
    "runtime_seconds": {
      "mean": 1.995124912261963,
      "std": 0.22022885108406592
    },
    "params": {
      "mean": 61345.0,
      "std": 0.0
    }
  },
  "best_baseline_f1": 0.7080612598690402,
  "f1_margin_vs_best_baseline": 0.07486023701698752,
  "p_value": 2.969186415055808e-05,
  "checks": {
    "f1_ge_0_75": true,
    "balanced_accuracy_ge_0_80": true,
    "roc_auc_ge_0_90": true,
    "f1_std_le_0_10": true,
    "p_value_lt_0_05": true,
    "baseline_margin_gt_0_05": true
  },
  "all_checks_passed": true
}