{
  "best_model": "hybrid_temporal",
  "best_baseline": "random_forest",
  "best_model_metrics": {
    "accuracy": {
      "mean": 0.9600000000000001,
      "std": 0.01686548085423138
    },
    "balanced_accuracy": {
      "mean": 0.8817460317460317,
      "std": 0.04284244309925651
    },
    "precision": {
      "mean": 0.9777777777777777,
      "std": 0.04444444444444447
    },
    "recall": {
      "mean": 0.7666666666666667,
      "std": 0.08164965809277264
    },
    "f1": {
      "mean": 0.8578354978354978,
      "std": 0.06392026666868099
    },
    "roc_auc": {
      "mean": 0.9756613756613757,
      "std": 0.02584752209116236
    },
    "pr_auc": {
      "mean": 0.9318457249542776,
      "std": 0.05633884760900983
    },
    "runtime_seconds": {
      "mean": 2.5540563583374025,
      "std": 0.4043975213438278
    },
    "params": {
      "mean": 240689.0,
      "std": 0.0
    }
  },
  "best_baseline_f1": 0.8204931300583475,
  "f1_margin_vs_best_baseline": 0.03734236777715039,
  "p_value": 0.5022540691148093,
  "checks": {
    "f1_ge_0_75": true,
    "balanced_accuracy_ge_0_80": true,
    "roc_auc_ge_0_90": true,
    "f1_std_le_0_10": true,
    "p_value_lt_0_05": false,
    "baseline_margin_gt_0_05": false
  },
  "all_checks_passed": false
}