{
  "best_model": "hybrid_temporal",
  "best_baseline": "random_forest",
  "best_model_metrics": {
    "accuracy": {
      "mean": 0.9313333333333333,
      "std": 0.012128936932440168
    },
    "balanced_accuracy": {
      "mean": 0.8225198412698413,
      "std": 0.04556790714557355
    },
    "precision": {
      "mean": 0.8997867410367411,
      "std": 0.09270526531366176
    },
    "recall": {
      "mean": 0.6625,
      "std": 0.10366546087187273
    },
    "f1": {
      "mean": 0.751777599481328,
      "std": 0.05650441227234702
    },
    "roc_auc": {
      "mean": 0.9619708994708995,
      "std": 0.012379390701037942
    },
    "pr_auc": {
      "mean": 0.8761210388223482,
      "std": 0.02434870792956789
    },
    "runtime_seconds": {
      "mean": 2.568173575401306,
      "std": 0.18410662380502082
    },
    "params": {
      "mean": 165745.0,
      "std": 0.0
    }
  },
  "best_baseline_f1": 0.7080612598690402,
  "f1_margin_vs_best_baseline": 0.043716339612287825,
  "p_value": 0.0075315081323390045,
  "checks": {
    "f1_ge_0_75": true,
    "balanced_accuracy_ge_0_80": true,
    "roc_auc_ge_0_90": true,
    "f1_std_le_0_10": true,
    "p_value_lt_0_05": true,
    "baseline_margin_gt_0_05": false
  },
  "all_checks_passed": false
}