{
  "noise_levels": [
    0.0,
    0.1,
    0.2,
    0.3,
    0.4,
    0.5
  ],
  "accuracy": [
    0.9466666666666667,
    0.9066666666666666,
    0.88,
    0.88,
    0.88,
    0.84
  ],
  "degradation_rate": -0.17523809523809533
}