Model,Accuracy,F1,Params,Runtime
seed_42,0.84,0.0,0.0,0.022099971771240234
seed_43,0.84,0.0,0.0,0.02099323272705078
seed_44,0.84,0.0,0.0,0.022708654403686523
seed_45,0.84,0.0,0.0,0.025945186614990234
seed_46,0.84,0.0,0.0,0.02313065528869629
