{
  "confusion_matrix": {
    "tn": 56,
    "fp": 7,
    "fn": 2,
    "tp": 10
  },
  "confusion_matrix_normalized": {
    "tn": 0.8888888888888888,
    "fp": 0.1111111111111111,
    "fn": 0.16666666666666666,
    "tp": 0.8333333333333334
  }
}