{
  "accuracy": 0.8933333333333333,
  "balanced_accuracy": 0.6666666666666666,
  "precision": 1.0,
  "recall": 0.3333333333333333,
  "f1": 0.5,
  "roc_auc": 0.8082010582010583,
  "pr_auc": 0.7035453134911791,
  "class_distribution": {
    "0": 63,
    "1": 12
  },
  "per_class_precision_recall": {
    "class_0": {
      "precision": 0.8873239436619719,
      "recall": 1.0
    },
    "class_1": {
      "precision": 1.0,
      "recall": 0.3333333333333333
    }
  },
  "confusion_matrix": {
    "tn": 63,
    "fp": 0,
    "fn": 8,
    "tp": 4
  },
  "confusion_matrix_normalized": {
    "tn": 1.0,
    "fp": 0.0,
    "fn": 0.6666666666666666,
    "tp": 0.3333333333333333
  },
  "threshold": 0.9,
  "n_samples": 75,
  "mean_probability": 0.20810596644878387,
  "pr_curve": {
    "precision": [
      0.16,
      0.16216216216216217,
      0.1643835616438356,
      0.1527777777777778,
      0.15492957746478872,
      0.15714285714285714,
      0.15942028985507245,
      0.16176470588235295,
      0.16417910447761194,
      0.16666666666666666,
      0.16923076923076924,
      0.171875,
      0.1746031746031746,
      0.1774193548387097,
      0.18032786885245902,
      0.18333333333333332,
      0.1864406779661017,
      0.1896551724137931,
      0.19298245614035087,
      0.19642857142857142,
      0.2,
      0.2037037037037037,
      0.20754716981132076,
      0.21153846153846154,
      0.21568627450980393,
      0.22,
      0.22448979591836735,
      0.22916666666666666,
      0.23404255319148937,
      0.21739130434782608,
      0.2222222222222222,
      0.22727272727272727,
      0.23255813953488372,
      0.23809523809523808,
      0.24390243902439024,
      0.25,
      0.2564102564102564,
      0.2631578947368421,
      0.2702702702702703,
      0.2777777777777778,
      0.2857142857142857,
      0.29411764705882354,
      0.2727272727272727,
      0.28125,
      0.2903225806451613,
      0.3,
      0.3103448275862069,
      0.32142857142857145,
      0.3333333333333333,
      0.34615384615384615,
      0.36,
      0.375,
      0.34782608695652173,
      0.36363636363636365,
      0.38095238095238093,
      0.4,
      0.42105263157894735,
      0.4444444444444444,
      0.47058823529411764,
      0.5,
      0.4666666666666667,
      0.5,
      0.5384615384615384,
      0.5833333333333334,
      0.6363636363636364,
      0.7,
      0.7777777777777778,
      0.875,
      0.8571428571428571,
      1.0,
      1.0,
      1.0,
      1.0,
      1.0,
      1.0,
      1.0
    ],
    "recall": [
      1.0,
      1.0,
      1.0,
      0.9166666666666666,
      0.9166666666666666,
      0.9166666666666666,
      0.9166666666666666,
      0.9166666666666666,
      0.9166666666666666,
      0.9166666666666666,
      0.9166666666666666,
      0.9166666666666666,
      0.9166666666666666,
      0.9166666666666666,
      0.9166666666666666,
      0.9166666666666666,
      0.9166666666666666,
      0.9166666666666666,
      0.9166666666666666,
      0.9166666666666666,
      0.9166666666666666,
      0.9166666666666666,
      0.9166666666666666,
      0.9166666666666666,
      0.9166666666666666,
      0.9166666666666666,
      0.9166666666666666,
      0.9166666666666666,
      0.9166666666666666,
      0.8333333333333334,
      0.8333333333333334,
      0.8333333333333334,
      0.8333333333333334,
      0.8333333333333334,
      0.8333333333333334,
      0.8333333333333334,
      0.8333333333333334,
      0.8333333333333334,
      0.8333333333333334,
      0.8333333333333334,
      0.8333333333333334,
      0.8333333333333334,
      0.75,
      0.75,
      0.75,
      0.75,
      0.75,
      0.75,
      0.75,
      0.75,
      0.75,
      0.75,
      0.6666666666666666,
      0.6666666666666666,
      0.6666666666666666,
      0.6666666666666666,
      0.6666666666666666,
      0.6666666666666666,
      0.6666666666666666,
      0.6666666666666666,
      0.5833333333333334,
      0.5833333333333334,
      0.5833333333333334,
      0.5833333333333334,
      0.5833333333333334,
      0.5833333333333334,
      0.5833333333333334,
      0.5833333333333334,
      0.5,
      0.5,
      0.4166666666666667,
      0.3333333333333333,
      0.25,
      0.16666666666666666,
      0.08333333333333333,
      0.0
    ],
    "thresholds": [
      0.11708907783031464,
      0.11709380894899368,
      0.11794496327638626,
      0.11870969086885452,
      0.11872934550046921,
      0.11875007301568985,
      0.1188332736492157,
      0.11884606629610062,
      0.11909276992082596,
      0.11917613446712494,
      0.11963910609483719,
      0.11970358341932297,
      0.1200651079416275,
      0.12019193917512894,
      0.12024934589862823,
      0.12028124183416367,
      0.12029491364955902,
      0.1203417032957077,
      0.1204230785369873,
      0.12055985629558563,
      0.12057431787252426,
      0.12102359533309937,
      0.1212095394730568,
      0.12125100195407867,
      0.12130558490753174,
      0.1213417574763298,
      0.1213873103260994,
      0.12146925926208496,
      0.12148119509220123,
      0.12152531743049622,
      0.1220991462469101,
      0.12214688211679459,
      0.122194305062294,
      0.12243892252445221,
      0.12284425646066666,
      0.12298649549484253,
      0.123194120824337,
      0.12360918521881104,
      0.12361647188663483,
      0.12416017055511475,
      0.12454423308372498,
      0.12482049316167831,
      0.12549954652786255,
      0.1267358362674713,
      0.12676407396793365,
      0.12680774927139282,
      0.12695075571537018,
      0.1280137002468109,
      0.12804348766803741,
      0.1292523592710495,
      0.1298515349626541,
      0.13190579414367676,
      0.13202089071273804,
      0.13267354667186737,
      0.13473114371299744,
      0.13601765036582947,
      0.13876543939113617,
      0.13882452249526978,
      0.1390026956796646,
      0.1413072943687439,
      0.14774048328399658,
      0.1498258113861084,
      0.15456512570381165,
      0.16645114123821259,
      0.203571617603302,
      0.26590675115585327,
      0.43886101245880127,
      0.54878830909729,
      0.6290570497512817,
      0.8545265197753906,
      0.8634940385818481,
      0.9298070073127747,
      0.9331483244895935,
      0.9353310465812683,
      0.9364668726921082
    ]
  }
}