{
  "y_true": [
    0,
    0,
    0,
    0,
    0,
    0,
    0,
    0,
    0,
    0,
    0,
    0,
    0,
    0,
    0,
    0,
    0,
    0,
    0,
    0,
    0,
    0,
    0,
    0,
    0,
    0,
    0,
    0,
    0,
    0,
    0,
    0,
    0,
    0,
    0,
    0,
    0,
    0,
    0,
    0,
    0,
    0,
    0,
    0,
    0,
    0,
    0,
    0,
    0,
    0,
    0,
    0,
    0,
    0,
    0,
    0,
    0,
    0,
    0,
    0,
    0,
    0,
    0,
    1,
    1,
    1,
    1,
    1,
    1,
    1,
    1,
    1,
    1,
    1,
    1
  ],
  "y_pred": [
    0,
    0,
    0,
    0,
    0,
    0,
    0,
    0,
    0,
    0,
    0,
    0,
    0,
    0,
    0,
    0,
    0,
    0,
    0,
    0,
    0,
    0,
    0,
    0,
    0,
    0,
    0,
    0,
    0,
    0,
    0,
    0,
    0,
    0,
    0,
    0,
    0,
    0,
    0,
    0,
    0,
    0,
    0,
    0,
    0,
    0,
    0,
    0,
    0,
    0,
    0,
    0,
    0,
    0,
    0,
    0,
    0,
    0,
    0,
    0,
    0,
    0,
    0,
    1,
    0,
    1,
    1,
    1,
    0,
    0,
    0,
    0,
    0,
    0,
    0
  ],
  "y_prob": [
    0.12057431787252426,
    0.1212095394730568,
    0.12243892252445221,
    0.43886101245880127,
    0.26590675115585327,
    0.11708907783031464,
    0.11970358341932297,
    0.203571617603302,
    0.12676407396793365,
    0.12214688211679459,
    0.12152531743049622,
    0.1204230785369873,
    0.15456512570381165,
    0.13876543939113617,
    0.12804348766803741,
    0.1267358362674713,
    0.122194305062294,
    0.13882452249526978,
    0.12454423308372498,
    0.12102359533309937,
    0.1203417032957077,
    0.11709380894899368,
    0.1280137002468109,
    0.11870969086885452,
    0.11875007301568985,
    0.12695075571537018,
    0.13473114371299744,
    0.1213417574763298,
    0.1213873103260994,
    0.12360918521881104,
    0.12298649549484253,
    0.12130558490753174,
    0.1200651079416275,
    0.12284425646066666,
    0.1292523592710495,
    0.1220991462469101,
    0.13202089071273804,
    0.12416017055511475,
    0.16645114123821259,
    0.1298515349626541,
    0.11917613446712494,
    0.12028124183416367,
    0.12125100195407867,
    0.6290570497512817,
    0.12680774927139282,
    0.11884606629610062,
    0.1498258113861084,
    0.1188332736492157,
    0.13267354667186737,
    0.11963910609483719,
    0.123194120824337,
    0.12029491364955902,
    0.12146925926208496,
    0.12361647188663483,
    0.11909276992082596,
    0.12024934589862823,
    0.12549954652786255,
    0.14774048328399658,
    0.12055985629558563,
    0.12019193917512894,
    0.11872934550046921,
    0.13601765036582947,
    0.1390026956796646,
    0.9353310465812683,
    0.8634940385818481,
    0.9331483244895935,
    0.9298070073127747,
    0.9364668726921082,
    0.12482049316167831,
    0.12148119509220123,
    0.1413072943687439,
    0.13190579414367676,
    0.11794496327638626,
    0.54878830909729,
    0.8545265197753906
  ]
}