{
  "accuracy": 0.6266666666666667,
  "balanced_accuracy": 0.5079365079365079,
  "precision": 0.16666666666666666,
  "recall": 0.3333333333333333,
  "f1": 0.2222222222222222,
  "roc_auc": 0.47883597883597884,
  "pr_auc": 0.20376924144019132,
  "class_distribution": {
    "0": 63,
    "1": 12
  },
  "per_class_precision_recall": {
    "class_0": {
      "precision": 0.8431372549019608,
      "recall": 0.6825396825396826
    },
    "class_1": {
      "precision": 0.16666666666666666,
      "recall": 0.3333333333333333
    }
  },
  "confusion_matrix": {
    "tn": 43,
    "fp": 20,
    "fn": 8,
    "tp": 4
  },
  "confusion_matrix_normalized": {
    "tn": 0.6825396825396826,
    "fp": 0.31746031746031744,
    "fn": 0.6666666666666666,
    "tp": 0.3333333333333333
  },
  "threshold": 0.49999999999999994,
  "n_samples": 75,
  "mean_probability": 0.4878057837486267
}