{
  "precision": [
    0.16,
    0.16216216216216217,
    0.1643835616438356,
    0.16666666666666666,
    0.16901408450704225,
    0.17142857142857143,
    0.17391304347826086,
    0.16176470588235295,
    0.16417910447761194,
    0.16666666666666666,
    0.16923076923076924,
    0.171875,
    0.1746031746031746,
    0.1774193548387097,
    0.18032786885245902,
    0.18333333333333332,
    0.1864406779661017,
    0.1896551724137931,
    0.19298245614035087,
    0.19642857142857142,
    0.2,
    0.2037037037037037,
    0.20754716981132076,
    0.21153846153846154,
    0.21568627450980393,
    0.22,
    0.22448979591836735,
    0.22916666666666666,
    0.23404255319148937,
    0.21739130434782608,
    0.2222222222222222,
    0.22727272727272727,
    0.23255813953488372,
    0.23809523809523808,
    0.21951219512195122,
    0.225,
    0.23076923076923078,
    0.23684210526315788,
    0.24324324324324326,
    0.25,
    0.2571428571428571,
    0.2647058823529412,
    0.2727272727272727,
    0.28125,
    0.2903225806451613,
    0.3,
    0.3103448275862069,
    0.32142857142857145,
    0.3333333333333333,
    0.3076923076923077,
    0.32,
    0.3333333333333333,
    0.30434782608695654,
    0.3181818181818182,
    0.3333333333333333,
    0.35,
    0.3684210526315789,
    0.3888888888888889,
    0.4117647058823529,
    0.4375,
    0.4666666666666667,
    0.5,
    0.5384615384615384,
    0.5833333333333334,
    0.6363636363636364,
    0.6,
    0.6666666666666666,
    0.75,
    0.8571428571428571,
    1.0,
    1.0,
    1.0,
    1.0,
    1.0,
    1.0,
    1.0
  ],
  "recall": [
    1.0,
    1.0,
    1.0,
    1.0,
    1.0,
    1.0,
    1.0,
    0.9166666666666666,
    0.9166666666666666,
    0.9166666666666666,
    0.9166666666666666,
    0.9166666666666666,
    0.9166666666666666,
    0.9166666666666666,
    0.9166666666666666,
    0.9166666666666666,
    0.9166666666666666,
    0.9166666666666666,
    0.9166666666666666,
    0.9166666666666666,
    0.9166666666666666,
    0.9166666666666666,
    0.9166666666666666,
    0.9166666666666666,
    0.9166666666666666,
    0.9166666666666666,
    0.9166666666666666,
    0.9166666666666666,
    0.9166666666666666,
    0.8333333333333334,
    0.8333333333333334,
    0.8333333333333334,
    0.8333333333333334,
    0.8333333333333334,
    0.75,
    0.75,
    0.75,
    0.75,
    0.75,
    0.75,
    0.75,
    0.75,
    0.75,
    0.75,
    0.75,
    0.75,
    0.75,
    0.75,
    0.75,
    0.6666666666666666,
    0.6666666666666666,
    0.6666666666666666,
    0.5833333333333334,
    0.5833333333333334,
    0.5833333333333334,
    0.5833333333333334,
    0.5833333333333334,
    0.5833333333333334,
    0.5833333333333334,
    0.5833333333333334,
    0.5833333333333334,
    0.5833333333333334,
    0.5833333333333334,
    0.5833333333333334,
    0.5833333333333334,
    0.5,
    0.5,
    0.5,
    0.5,
    0.5,
    0.4166666666666667,
    0.3333333333333333,
    0.25,
    0.16666666666666666,
    0.08333333333333333,
    0.0
  ],
  "thresholds": [
    0.09430646151304245,
    0.09649471193552017,
    0.09698669612407684,
    0.09711624681949615,
    0.0974564328789711,
    0.09772250801324844,
    0.09818334877490997,
    0.09864048659801483,
    0.09881418943405151,
    0.09908527135848999,
    0.0993320569396019,
    0.09933717548847198,
    0.09957939386367798,
    0.09978232532739639,
    0.10002976655960083,
    0.1000395268201828,
    0.10008414834737778,
    0.10015454888343811,
    0.10034434497356415,
    0.10052525252103806,
    0.10088527947664261,
    0.10092363506555557,
    0.10103689879179001,
    0.10122787952423096,
    0.1012711450457573,
    0.10133437812328339,
    0.10144052654504776,
    0.10175282508134842,
    0.10178394615650177,
    0.10182135552167892,
    0.10187896341085434,
    0.10188350081443787,
    0.1019478291273117,
    0.10196885466575623,
    0.10203871876001358,
    0.10213520377874374,
    0.1021895557641983,
    0.10242758691310883,
    0.10252733528614044,
    0.10269148647785187,
    0.10284946113824844,
    0.10289149731397629,
    0.10355725884437561,
    0.10374177247285843,
    0.1042642667889595,
    0.10443203151226044,
    0.10456172376871109,
    0.10475481301546097,
    0.10519967973232269,
    0.10579568892717361,
    0.10595892369747162,
    0.10604925453662872,
    0.10612674057483673,
    0.10634195059537888,
    0.10814222693443298,
    0.10815750807523727,
    0.10894905030727386,
    0.11009446531534195,
    0.11211348325014114,
    0.11807991564273834,
    0.12357239425182343,
    0.13683289289474487,
    0.15146827697753906,
    0.16096173226833344,
    0.1643008291721344,
    0.28427568078041077,
    0.32529279589653015,
    0.36971011757850647,
    0.7107828855514526,
    0.7894365191459656,
    0.7993735671043396,
    0.9351375102996826,
    0.9435140490531921,
    0.9438667297363281,
    0.9450585246086121
  ]
}