{
  "precision": [
    0.16,
    0.16216216216216217,
    0.1643835616438356,
    0.16666666666666666,
    0.16901408450704225,
    0.15714285714285714,
    0.15942028985507245,
    0.16176470588235295,
    0.16417910447761194,
    0.16666666666666666,
    0.16923076923076924,
    0.171875,
    0.1746031746031746,
    0.1774193548387097,
    0.18032786885245902,
    0.18333333333333332,
    0.1864406779661017,
    0.1896551724137931,
    0.19298245614035087,
    0.19642857142857142,
    0.2,
    0.2037037037037037,
    0.18867924528301888,
    0.19230769230769232,
    0.19607843137254902,
    0.2,
    0.20408163265306123,
    0.20833333333333334,
    0.2127659574468085,
    0.21739130434782608,
    0.2222222222222222,
    0.22727272727272727,
    0.23255813953488372,
    0.23809523809523808,
    0.24390243902439024,
    0.25,
    0.2564102564102564,
    0.23684210526315788,
    0.24324324324324326,
    0.25,
    0.2571428571428571,
    0.2647058823529412,
    0.2727272727272727,
    0.28125,
    0.2903225806451613,
    0.3,
    0.3103448275862069,
    0.32142857142857145,
    0.3333333333333333,
    0.3076923076923077,
    0.32,
    0.2916666666666667,
    0.30434782608695654,
    0.3181818181818182,
    0.3333333333333333,
    0.35,
    0.3684210526315789,
    0.3888888888888889,
    0.4117647058823529,
    0.4375,
    0.4666666666666667,
    0.5,
    0.5384615384615384,
    0.5833333333333334,
    0.6363636363636364,
    0.7,
    0.7777777777777778,
    0.875,
    0.8571428571428571,
    1.0,
    1.0,
    1.0,
    1.0,
    1.0,
    1.0,
    1.0
  ],
  "recall": [
    1.0,
    1.0,
    1.0,
    1.0,
    1.0,
    0.9166666666666666,
    0.9166666666666666,
    0.9166666666666666,
    0.9166666666666666,
    0.9166666666666666,
    0.9166666666666666,
    0.9166666666666666,
    0.9166666666666666,
    0.9166666666666666,
    0.9166666666666666,
    0.9166666666666666,
    0.9166666666666666,
    0.9166666666666666,
    0.9166666666666666,
    0.9166666666666666,
    0.9166666666666666,
    0.9166666666666666,
    0.8333333333333334,
    0.8333333333333334,
    0.8333333333333334,
    0.8333333333333334,
    0.8333333333333334,
    0.8333333333333334,
    0.8333333333333334,
    0.8333333333333334,
    0.8333333333333334,
    0.8333333333333334,
    0.8333333333333334,
    0.8333333333333334,
    0.8333333333333334,
    0.8333333333333334,
    0.8333333333333334,
    0.75,
    0.75,
    0.75,
    0.75,
    0.75,
    0.75,
    0.75,
    0.75,
    0.75,
    0.75,
    0.75,
    0.75,
    0.6666666666666666,
    0.6666666666666666,
    0.5833333333333334,
    0.5833333333333334,
    0.5833333333333334,
    0.5833333333333334,
    0.5833333333333334,
    0.5833333333333334,
    0.5833333333333334,
    0.5833333333333334,
    0.5833333333333334,
    0.5833333333333334,
    0.5833333333333334,
    0.5833333333333334,
    0.5833333333333334,
    0.5833333333333334,
    0.5833333333333334,
    0.5833333333333334,
    0.5833333333333334,
    0.5,
    0.5,
    0.4166666666666667,
    0.3333333333333333,
    0.25,
    0.16666666666666666,
    0.08333333333333333,
    0.0
  ],
  "thresholds": [
    0.08781605213880539,
    0.08983178436756134,
    0.08999655395746231,
    0.0900316834449768,
    0.09011725336313248,
    0.09087522327899933,
    0.09108208119869232,
    0.0913534015417099,
    0.09143911302089691,
    0.09150724858045578,
    0.09171319752931595,
    0.09191600233316422,
    0.09196124225854874,
    0.09219802170991898,
    0.09229688346385956,
    0.09229909628629684,
    0.09236845374107361,
    0.09242847561836243,
    0.09289351850748062,
    0.09296534210443497,
    0.09298314154148102,
    0.09325696527957916,
    0.09339311718940735,
    0.09343224763870239,
    0.09350962191820145,
    0.09352926909923553,
    0.09363080561161041,
    0.09365521371364594,
    0.09381132572889328,
    0.09382735937833786,
    0.09390369057655334,
    0.0939314216375351,
    0.09407248347997665,
    0.09430816024541855,
    0.09441357105970383,
    0.09462244063615799,
    0.09464900940656662,
    0.0947810560464859,
    0.09498423337936401,
    0.09511341154575348,
    0.09528819471597672,
    0.09564588218927383,
    0.09595794230699539,
    0.09599556773900986,
    0.09628982841968536,
    0.09649567306041718,
    0.09654311090707779,
    0.09660397469997406,
    0.09678062796592712,
    0.09681641310453415,
    0.09799052029848099,
    0.09834150969982147,
    0.09907551109790802,
    0.09965133666992188,
    0.10070493072271347,
    0.10076115280389786,
    0.1013486385345459,
    0.10140670090913773,
    0.10348402708768845,
    0.1057809442281723,
    0.10655136406421661,
    0.10711660236120224,
    0.11271438002586365,
    0.1434793621301651,
    0.14594438672065735,
    0.14785625040531158,
    0.16885441541671753,
    0.20096531510353088,
    0.41224005818367004,
    0.7635809779167175,
    0.8213822245597839,
    0.9537543654441833,
    0.9596818685531616,
    0.9606304168701172,
    0.9610888957977295
  ]
}