{
  "y_true": [
    0,
    0,
    0,
    0,
    0,
    0,
    0,
    0,
    0,
    0,
    0,
    0,
    0,
    0,
    0,
    0,
    0,
    0,
    0,
    0,
    0,
    0,
    0,
    0,
    0,
    0,
    0,
    0,
    0,
    0,
    0,
    0,
    0,
    0,
    0,
    0,
    0,
    0,
    0,
    0,
    0,
    0,
    0,
    0,
    0,
    0,
    0,
    0,
    0,
    0,
    0,
    0,
    0,
    0,
    0,
    0,
    0,
    0,
    0,
    0,
    0,
    0,
    0,
    1,
    1,
    1,
    1,
    1,
    1,
    1,
    1,
    1,
    1,
    1,
    1
  ],
  "y_pred": [
    0,
    0,
    0,
    0,
    0,
    0,
    0,
    0,
    0,
    0,
    0,
    0,
    0,
    0,
    0,
    0,
    0,
    0,
    0,
    0,
    0,
    0,
    0,
    0,
    0,
    0,
    0,
    0,
    0,
    0,
    0,
    0,
    0,
    0,
    0,
    0,
    0,
    0,
    0,
    0,
    0,
    0,
    0,
    1,
    0,
    0,
    0,
    0,
    0,
    0,
    0,
    0,
    0,
    0,
    0,
    0,
    0,
    0,
    0,
    0,
    0,
    0,
    0,
    1,
    1,
    1,
    1,
    1,
    0,
    0,
    0,
    0,
    0,
    0,
    1
  ],
  "y_prob": [
    0.10103689879179001,
    0.10284946113824844,
    0.09649471193552017,
    0.28427568078041077,
    0.32529279589653015,
    0.10034434497356415,
    0.10015454888343811,
    0.36971011757850647,
    0.10188350081443787,
    0.09698669612407684,
    0.10182135552167892,
    0.09957939386367798,
    0.15146827697753906,
    0.12357239425182343,
    0.10475481301546097,
    0.09711624681949615,
    0.09908527135848999,
    0.10634195059537888,
    0.09881418943405151,
    0.10443203151226044,
    0.1012711450457573,
    0.09864048659801483,
    0.10815750807523727,
    0.0993320569396019,
    0.10052525252103806,
    0.10355725884437561,
    0.10289149731397629,
    0.10008414834737778,
    0.10002976655960083,
    0.10612674057483673,
    0.10144052654504776,
    0.1021895557641983,
    0.10213520377874374,
    0.09978232532739639,
    0.10088527947664261,
    0.10894905030727386,
    0.1042642667889595,
    0.09933717548847198,
    0.13683289289474487,
    0.10595892369747162,
    0.10242758691310883,
    0.10122787952423096,
    0.10579568892717361,
    0.7107828855514526,
    0.16096173226833344,
    0.1019478291273117,
    0.11807991564273834,
    0.09430646151304245,
    0.0974564328789711,
    0.10092363506555557,
    0.11211348325014114,
    0.1000395268201828,
    0.10456172376871109,
    0.10203871876001358,
    0.09772250801324844,
    0.10133437812328339,
    0.10252733528614044,
    0.11009446531534195,
    0.10187896341085434,
    0.10269148647785187,
    0.10175282508134842,
    0.10374177247285843,
    0.10814222693443298,
    0.9435140490531921,
    0.7894365191459656,
    0.9450585246086121,
    0.9351375102996826,
    0.9438667297363281,
    0.10604925453662872,
    0.10178394615650177,
    0.10519967973232269,
    0.10196885466575623,
    0.09818334877490997,
    0.1643008291721344,
    0.7993735671043396
  ]
}