{
  "y_true": [
    0,
    0,
    0,
    0,
    0,
    0,
    0,
    0,
    0,
    0,
    0,
    0,
    0,
    0,
    0,
    0,
    0,
    0,
    0,
    0,
    0,
    0,
    0,
    0,
    0,
    0,
    0,
    0,
    0,
    0,
    0,
    0,
    0,
    0,
    0,
    0,
    0,
    0,
    0,
    0,
    0,
    0,
    0,
    0,
    0,
    0,
    0,
    0,
    0,
    0,
    0,
    0,
    0,
    0,
    0,
    0,
    0,
    0,
    0,
    0,
    0,
    0,
    0,
    1,
    1,
    1,
    1,
    1,
    1,
    1,
    1,
    1,
    1,
    1,
    1
  ],
  "y_pred": [
    0,
    0,
    0,
    0,
    0,
    0,
    0,
    0,
    0,
    0,
    0,
    0,
    0,
    0,
    0,
    0,
    0,
    0,
    0,
    0,
    0,
    0,
    0,
    0,
    0,
    0,
    0,
    0,
    0,
    0,
    0,
    0,
    0,
    0,
    0,
    0,
    0,
    0,
    0,
    0,
    0,
    0,
    0,
    0,
    0,
    0,
    0,
    0,
    0,
    0,
    0,
    0,
    0,
    0,
    0,
    0,
    0,
    0,
    0,
    0,
    0,
    0,
    0,
    1,
    0,
    1,
    1,
    1,
    0,
    0,
    0,
    0,
    0,
    0,
    0
  ],
  "y_prob": [
    0.09343224763870239,
    0.09236845374107361,
    0.09907551109790802,
    0.14594438672065735,
    0.16885441541671753,
    0.09229909628629684,
    0.09498423337936401,
    0.14785625040531158,
    0.09654311090707779,
    0.09965133666992188,
    0.09511341154575348,
    0.09363080561161041,
    0.1057809442281723,
    0.10140670090913773,
    0.0947810560464859,
    0.09595794230699539,
    0.09150724858045578,
    0.10076115280389786,
    0.09660397469997406,
    0.09296534210443497,
    0.09087522327899933,
    0.09143911302089691,
    0.09365521371364594,
    0.09171319752931595,
    0.09382735937833786,
    0.09628982841968536,
    0.1013486385345459,
    0.09462244063615799,
    0.09681641310453415,
    0.0900316834449768,
    0.09528819471597672,
    0.0939314216375351,
    0.09242847561836243,
    0.09649567306041718,
    0.09350962191820145,
    0.09352926909923553,
    0.09289351850748062,
    0.09298314154148102,
    0.1434793621301651,
    0.09407248347997665,
    0.08983178436756134,
    0.09229688346385956,
    0.09564588218927383,
    0.41224005818367004,
    0.10070493072271347,
    0.09108208119869232,
    0.10348402708768845,
    0.09441357105970383,
    0.09834150969982147,
    0.08781605213880539,
    0.09381132572889328,
    0.09430816024541855,
    0.09390369057655334,
    0.09339311718940735,
    0.09191600233316422,
    0.09196124225854874,
    0.09599556773900986,
    0.10655136406421661,
    0.0913534015417099,
    0.08999655395746231,
    0.09219802170991898,
    0.10711660236120224,
    0.11271438002586365,
    0.9606304168701172,
    0.7635809779167175,
    0.9596818685531616,
    0.9537543654441833,
    0.9610888957977295,
    0.09678062796592712,
    0.09011725336313248,
    0.09799052029848099,
    0.09464900940656662,
    0.09325696527957916,
    0.20096531510353088,
    0.8213822245597839
  ]
}