{
  "precision": [
    0.16,
    0.16216216216216217,
    0.1643835616438356,
    0.16666666666666666,
    0.16901408450704225,
    0.17142857142857143,
    0.17391304347826086,
    0.17647058823529413,
    0.1791044776119403,
    0.18181818181818182,
    0.18461538461538463,
    0.1875,
    0.19047619047619047,
    0.1935483870967742,
    0.19672131147540983,
    0.2,
    0.2033898305084746,
    0.20689655172413793,
    0.21052631578947367,
    0.21428571428571427,
    0.21818181818181817,
    0.2222222222222222,
    0.22641509433962265,
    0.23076923076923078,
    0.23529411764705882,
    0.24,
    0.24489795918367346,
    0.25,
    0.2553191489361702,
    0.2608695652173913,
    0.26666666666666666,
    0.2727272727272727,
    0.27906976744186046,
    0.2857142857142857,
    0.2926829268292683,
    0.3,
    0.3076923076923077,
    0.3157894736842105,
    0.32432432432432434,
    0.3333333333333333,
    0.34285714285714286,
    0.35294117647058826,
    0.36363636363636365,
    0.375,
    0.3870967741935484,
    0.4,
    0.41379310344827586,
    0.42857142857142855,
    0.4444444444444444,
    0.4230769230769231,
    0.44,
    0.4583333333333333,
    0.4782608695652174,
    0.45454545454545453,
    0.47619047619047616,
    0.5,
    0.5263157894736842,
    0.5555555555555556,
    0.5882352941176471,
    0.625,
    0.6666666666666666,
    0.7142857142857143,
    0.7692307692307693,
    0.8333333333333334,
    0.8181818181818182,
    0.9,
    0.8888888888888888,
    1.0,
    1.0,
    1.0,
    1.0,
    1.0,
    1.0,
    1.0,
    1.0,
    1.0
  ],
  "recall": [
    1.0,
    1.0,
    1.0,
    1.0,
    1.0,
    1.0,
    1.0,
    1.0,
    1.0,
    1.0,
    1.0,
    1.0,
    1.0,
    1.0,
    1.0,
    1.0,
    1.0,
    1.0,
    1.0,
    1.0,
    1.0,
    1.0,
    1.0,
    1.0,
    1.0,
    1.0,
    1.0,
    1.0,
    1.0,
    1.0,
    1.0,
    1.0,
    1.0,
    1.0,
    1.0,
    1.0,
    1.0,
    1.0,
    1.0,
    1.0,
    1.0,
    1.0,
    1.0,
    1.0,
    1.0,
    1.0,
    1.0,
    1.0,
    1.0,
    0.9166666666666666,
    0.9166666666666666,
    0.9166666666666666,
    0.9166666666666666,
    0.8333333333333334,
    0.8333333333333334,
    0.8333333333333334,
    0.8333333333333334,
    0.8333333333333334,
    0.8333333333333334,
    0.8333333333333334,
    0.8333333333333334,
    0.8333333333333334,
    0.8333333333333334,
    0.8333333333333334,
    0.75,
    0.75,
    0.6666666666666666,
    0.6666666666666666,
    0.5833333333333334,
    0.5,
    0.4166666666666667,
    0.3333333333333333,
    0.25,
    0.16666666666666666,
    0.08333333333333333,
    0.0
  ],
  "thresholds": [
    0.005120329558849335,
    0.0059314570389688015,
    0.006067558657377958,
    0.0064542461186647415,
    0.007282504346221685,
    0.007775870617479086,
    0.007951132953166962,
    0.008761843666434288,
    0.009038468822836876,
    0.00941268727183342,
    0.009630227461457253,
    0.011301125399768353,
    0.011447328142821789,
    0.011451051570475101,
    0.011595984920859337,
    0.013029685243964195,
    0.013746560551226139,
    0.014185643754899502,
    0.01509017962962389,
    0.015115175396203995,
    0.015422871336340904,
    0.018476268276572227,
    0.01895732618868351,
    0.01985900104045868,
    0.020337287336587906,
    0.022363649681210518,
    0.022583749145269394,
    0.024963166564702988,
    0.025093719363212585,
    0.025111351162195206,
    0.026258129626512527,
    0.02642418071627617,
    0.02672003209590912,
    0.028113530948758125,
    0.028800759464502335,
    0.029006069526076317,
    0.02927239052951336,
    0.031030552461743355,
    0.03112989105284214,
    0.03318486362695694,
    0.03481120616197586,
    0.03493911400437355,
    0.03596201539039612,
    0.0386752150952816,
    0.044086623936891556,
    0.04911801591515541,
    0.049152154475450516,
    0.0593758188188076,
    0.06698432564735413,
    0.07112832367420197,
    0.0824207216501236,
    0.08761116862297058,
    0.11595665663480759,
    0.11640339344739914,
    0.12062803655862808,
    0.1287180632352829,
    0.14347277581691742,
    0.14733409881591797,
    0.16913430392742157,
    0.1747020035982132,
    0.1947009563446045,
    0.21556304395198822,
    0.23445209860801697,
    0.3413711190223694,
    0.41476738452911377,
    0.5410510301589966,
    0.5533161163330078,
    0.6885437965393066,
    0.8055381774902344,
    0.833807110786438,
    0.9447513818740845,
    0.9893575310707092,
    0.9962647557258606,
    0.9991022348403931,
    0.9996170997619629
  ]
}