{
  "y_true": [
    0,
    0,
    0,
    0,
    0,
    0,
    0,
    0,
    0,
    0,
    0,
    0,
    0,
    0,
    0,
    0,
    0,
    0,
    0,
    0,
    0,
    0,
    0,
    0,
    0,
    0,
    0,
    0,
    0,
    0,
    0,
    0,
    0,
    0,
    0,
    0,
    0,
    0,
    0,
    0,
    0,
    0,
    0,
    0,
    0,
    0,
    0,
    0,
    0,
    0,
    0,
    0,
    0,
    0,
    0,
    0,
    0,
    0,
    0,
    0,
    0,
    0,
    0,
    1,
    1,
    1,
    1,
    1,
    1,
    1,
    1,
    1,
    1,
    1,
    1
  ],
  "y_pred": [
    0,
    0,
    0,
    0,
    1,
    0,
    0,
    0,
    0,
    0,
    0,
    0,
    0,
    0,
    0,
    0,
    0,
    0,
    0,
    0,
    0,
    0,
    0,
    0,
    0,
    0,
    0,
    0,
    0,
    0,
    0,
    0,
    0,
    0,
    0,
    0,
    0,
    0,
    0,
    0,
    0,
    0,
    0,
    0,
    0,
    0,
    0,
    0,
    0,
    0,
    0,
    0,
    0,
    0,
    0,
    0,
    0,
    0,
    0,
    0,
    0,
    0,
    0,
    1,
    1,
    1,
    1,
    1,
    1,
    0,
    0,
    1,
    0,
    1,
    1
  ],
  "y_prob": [
    0.08761116862297058,
    0.049152154475450516,
    0.1947009563446045,
    0.14733409881591797,
    0.5533161163330078,
    0.013746560551226139,
    0.009630227461457253,
    0.029006069526076317,
    0.0824207216501236,
    0.02672003209590912,
    0.01985900104045868,
    0.024963166564702988,
    0.00941268727183342,
    0.0064542461186647415,
    0.020337287336587906,
    0.011595984920859337,
    0.028800759464502335,
    0.16913430392742157,
    0.03596201539039612,
    0.026258129626512527,
    0.028113530948758125,
    0.011301125399768353,
    0.07112832367420197,
    0.007951132953166962,
    0.014185643754899502,
    0.025093719363212585,
    0.018476268276572227,
    0.0386752150952816,
    0.022363649681210518,
    0.01509017962962389,
    0.007775870617479086,
    0.011447328142821789,
    0.015115175396203995,
    0.14347277581691742,
    0.1287180632352829,
    0.11640339344739914,
    0.022583749145269394,
    0.23445209860801697,
    0.03493911400437355,
    0.044086623936891556,
    0.01895732618868351,
    0.02927239052951336,
    0.03318486362695694,
    0.21556304395198822,
    0.031030552461743355,
    0.03112989105284214,
    0.03481120616197586,
    0.007282504346221685,
    0.02642418071627617,
    0.008761843666434288,
    0.1747020035982132,
    0.0059314570389688015,
    0.013029685243964195,
    0.025111351162195206,
    0.005120329558849335,
    0.009038468822836876,
    0.41476738452911377,
    0.04911801591515541,
    0.0593758188188076,
    0.011451051570475101,
    0.015422871336340904,
    0.006067558657377958,
    0.12062803655862808,
    0.9996170997619629,
    0.8055381774902344,
    0.9893575310707092,
    0.9962647557258606,
    0.9991022348403931,
    0.6885437965393066,
    0.11595665663480759,
    0.3413711190223694,
    0.5410510301589966,
    0.06698432564735413,
    0.833807110786438,
    0.9447513818740845
  ]
}