{
  "train_loss": [
    0.9694783323151724,
    0.6139280981676919,
    0.4526783217702593,
    0.3256799537369183,
    0.3027063809122358,
    0.29726253850119455,
    0.24155261090823582,
    0.20511205800942012,
    0.18318533286452293,
    0.14292368250233786,
    0.12767972665173666,
    0.09700718015432358,
    0.06074373151574816,
    0.04543543521847044
  ],
  "val_loss": [
    0.8227662309010824,
    0.4691141351064046,
    0.37035590171813965,
    0.3764263407389323,
    0.34906129995981855,
    0.2985559860865275,
    0.27952808380126953,
    0.26145733197530113,
    0.30965280373891196,
    0.32198002815246585,
    0.23116355737050373,
    0.2565662717819214,
    0.2578279209136963,
    0.22550044854482015
  ]
}