{
  "train_loss": [
    0.011824218204512396
  ],
  "val_loss": [
    0.0034008581728612796
  ]
}