{
  "train_loss": [
    1.0205197221892222,
    0.7168581128120423,
    0.5580842179911477,
    0.47268153156552994,
    0.4057067428316389,
    0.39489260145596095,
    0.3307698038220406,
    0.3225482029574258,
    0.31999507342066086,
    0.32016180549349105,
    0.27801843328135356,
    0.21902904987335206,
    0.20237599168504988,
    0.2449941848857062
  ],
  "val_loss": [
    0.963191769917806,
    0.6097480583190918,
    0.45353006521860756,
    0.3931143856048584,
    0.3751535431543986,
    0.3592094850540161,
    0.3553128973642985,
    0.3670205990473429,
    0.3496302890777588,
    0.3536994727452596,
    0.3097590494155884,
    0.28319738547007245,
    0.2831800969441732,
    0.3051721509297689
  ]
}