{
  "train_loss": [
    0.9481706455775669,
    0.5932054809161595,
    0.4673533858571734,
    0.42024038689477106,
    0.32871284757341657,
    0.27963011724608283,
    0.25342431349413735,
    0.1955568701880319,
    0.15980073732989175,
    0.14463980180876596,
    0.20025587203247205,
    0.12126163133553096,
    0.11691390152488436,
    0.08367313829915864
  ],
  "val_loss": [
    0.7850639120737711,
    0.41982988516489667,
    0.3378602933883667,
    0.33858555475870766,
    0.32489288965861,
    0.29220054467519124,
    0.25975457827250165,
    0.26230980396270753,
    0.2529803069432576,
    0.26153719584147134,
    0.32085840781529745,
    0.17584391832351684,
    0.25415267785390216,
    0.19791056791941325
  ]
}