{
  "train_loss": [
    0.9445090525490897,
    0.6189512399264744,
    0.4918392711026328,
    0.35911692414964946,
    0.3375057780742645,
    0.29041208646127153,
    0.25217300278799876,
    0.23584866323641368,
    0.1863917454651424,
    0.19427021162850516,
    0.15260729372501372,
    0.13207268284899848,
    0.08341888308525086,
    0.1343251096350806
  ],
  "val_loss": [
    0.8292094548543294,
    0.4839122660954793,
    0.3715276034673055,
    0.41007277488708493,
    0.34998966693878175,
    0.3160400676727295,
    0.2897798204421997,
    0.26640228430430096,
    0.3143530543645223,
    0.2968655554453532,
    0.20287293593088787,
    0.26997782389322916,
    0.20519232590993244,
    0.22095169067382814
  ]
}