{
  "train_loss": [
    0.9311932216371809,
    0.6041236088957105,
    0.4452622856412615,
    0.3889460638591221,
    0.37265637397766116,
    0.2909911672558103,
    0.249359441782747,
    0.25145695839609417,
    0.22959718295506068,
    0.1636379952090127,
    0.13427280498402458,
    0.1407456015263285,
    0.0935236040183476,
    0.0886542872445924
  ],
  "val_loss": [
    0.7845148595174154,
    0.45811206022898354,
    0.3943957153956095,
    0.3803065776824951,
    0.3227968343098958,
    0.28162240823109946,
    0.2970731242497762,
    0.29352244853973386,
    0.2912756331761678,
    0.27216031392415363,
    0.24717471758524576,
    0.2188068469365438,
    0.17537083625793456,
    0.22039970715840657
  ]
}