{
  "train_loss": [
    1.0633769583702088,
    0.7867957414899553,
    0.598077632359096,
    0.47225560801369804,
    0.43530151094709124,
    0.3548018842935562,
    0.3539824094091143,
    0.30838771377290997,
    0.2909745943546295,
    0.30404707840510775,
    0.29650544796671185,
    0.2896729837145124,
    0.20507311974252973,
    0.21643165220107352
  ],
  "val_loss": [
    1.0184188715616862,
    0.6627544116973877,
    0.469465963045756,
    0.3956518840789795,
    0.3546402057011922,
    0.3312319580713908,
    0.31524816672007244,
    0.28861827691396075,
    0.2943810828526815,
    0.286208283106486,
    0.2610647821426392,
    0.2594115670522054,
    0.26772210439046223,
    0.23490116596221924
  ]
}