{
  "train_loss": [
    1.0610229539871217,
    0.8228019813128881,
    0.6242226573399136,
    0.5016505607536861,
    0.4124539771250316,
    0.36940854276929586,
    0.31763108670711515,
    0.33741039395332334,
    0.298366408262934,
    0.28115722630705153,
    0.20029317396027702,
    0.21745758167334966,
    0.2354533188683646,
    0.20188519426754542
  ],
  "val_loss": [
    0.9892607402801513,
    0.6729444964726766,
    0.5004903570810953,
    0.4032176383336385,
    0.36734442710876464,
    0.32955053170522053,
    0.34516238689422607,
    0.3295020039876302,
    0.2878976233800252,
    0.27108326435089114,
    0.29600276311238605,
    0.30435308933258054,
    0.249511505762736,
    0.22799476623535156
  ]
}