{
  "train_loss": [
    0.948973022869655,
    0.6284038741247995,
    0.49228513904980253,
    0.34303626077515736,
    0.3734309673309326,
    0.2882973025526319,
    0.37789328638996394,
    0.2463384737287249,
    0.216685648390225,
    0.26194917712892807,
    0.155991219324725,
    0.12940195482756411,
    0.10117476233414241,
    0.06942528775760105
  ],
  "val_loss": [
    0.7715095440546672,
    0.46520914713541667,
    0.36615113735198973,
    0.368261882464091,
    0.3324189678827922,
    0.30030424912770587,
    0.29901483217875163,
    0.2781216875712077,
    0.2599467674891154,
    0.26290648778279624,
    0.29614984353383383,
    0.2623810784022013,
    0.24125280221303305,
    0.2673877652486165
  ]
}