{
  "train_loss": [
    0.9399789908954076,
    0.59887120280947,
    0.4393523108959198,
    0.3719302807535444,
    0.3710540280171803,
    0.32368892431259155,
    0.30241946748324805,
    0.2244617465564183,
    0.17172515694584164,
    0.2263991389955793,
    0.11423134318419866,
    0.1126170300585883,
    0.10182624782834734,
    0.09596192308834621
  ],
  "val_loss": [
    0.7625237194697062,
    0.4552296002705892,
    0.35918638229370115,
    0.34788042068481445,
    0.3305068572362264,
    0.27682121117909747,
    0.3065804688135783,
    0.2628301048278809,
    0.25133071581522626,
    0.32852287133534747,
    0.2190407641728719,
    0.19207327683766684,
    0.23516340096791585,
    0.2113039541244507
  ]
}