{
  "train_loss": [
    0.9295125566210065,
    0.5940766181264605,
    0.4378310564586094,
    0.3655382238967078,
    0.320612627352987,
    0.3155827113560268,
    0.30651055591447013,
    0.2616056399685996,
    0.2693376131568636,
    0.22568859321730478,
    0.139309201836586,
    0.10622058600187302,
    0.11908935996038574,
    0.10429294747965677
  ],
  "val_loss": [
    0.758964417775472,
    0.4675498660405477,
    0.369825865427653,
    0.35139530499776206,
    0.3236025412877401,
    0.2954818026224772,
    0.28050452868143716,
    0.2999061950047811,
    0.2696267604827881,
    0.2534565289815267,
    0.21122246583302814,
    0.26740678151448566,
    0.2711019007364909,
    0.21813914934794107
  ]
}