{
  "train_loss": [
    1.0652719221796307,
    0.7695286304610116,
    0.5733885441507612,
    0.46961198704583307,
    0.3918131510700498,
    0.3796007470573698,
    0.3280551996827126,
    0.34218930210386006,
    0.3048996625202043,
    0.235872491811003,
    0.25780840158462526,
    0.23816502911703927,
    0.24720361982073102,
    0.21114530171666826
  ],
  "val_loss": [
    1.0181652863820394,
    0.6277877108256023,
    0.4624337291717529,
    0.39823864459991454,
    0.3554085556666056,
    0.33008360385894775,
    0.3437430063883464,
    0.3151682472229004,
    0.3220742130279541,
    0.30010245005289715,
    0.27486526012420653,
    0.26255964597066245,
    0.2504976304372152,
    0.24930967330932619
  ]
}