{
  "train_loss": [
    1.0440254027502878,
    0.7643449469975063,
    0.560163254056658,
    0.447379332610539,
    0.38369028687477114,
    0.3375862614597593,
    0.3344861807141985,
    0.3208283277068819,
    0.32719635367393496,
    0.2765547046491078,
    0.22802277394703457,
    0.23462621284382684,
    0.2108755944456373,
    0.15709485224315098
  ],
  "val_loss": [
    0.9896483039855957,
    0.5855845069885254,
    0.4269149843851725,
    0.3776609754562378,
    0.3506455977757772,
    0.313195473353068,
    0.31676042715708413,
    0.2781287161509196,
    0.2860408035914103,
    0.29155681292215985,
    0.27850938161214195,
    0.2647014315923055,
    0.27324618339538576,
    0.25230589071909587
  ]
}