{
  "train_loss": [
    1.0788014507293702,
    0.8721536421775817,
    0.6824641830580576,
    0.5709554105145591,
    0.4723779307092939,
    0.39262390179293494,
    0.4255711999961308,
    0.3492221464429583,
    0.31340711065701077,
    0.3234454550061907,
    0.2894887200423649,
    0.23314287049429758,
    0.25442348888942173,
    0.23857273203986032
  ],
  "val_loss": [
    1.0480054092407227,
    0.7319452905654907,
    0.5671331278483073,
    0.46616843541463215,
    0.38290226141611733,
    0.34259337425231934,
    0.3381702200571696,
    0.3351151434580485,
    0.33495978196461995,
    0.32549128055572507,
    0.28705074310302736,
    0.2881505076090495,
    0.28079424063364666,
    0.22831096172332763
  ]
}