{
  "train_loss": [
    1.0474187091418674,
    0.7786659032957894,
    0.5874336791038514,
    0.49130731701850894,
    0.4403362258843013,
    0.347877448286329,
    0.3256407629166331,
    0.30539449998310636,
    0.2931292234999793,
    0.2850043649332864,
    0.30157231714044297,
    0.27796049118041993,
    0.22091991083962575,
    0.15419999488762448
  ],
  "val_loss": [
    0.9901080640157064,
    0.6630168596903483,
    0.49443684895833334,
    0.39624362150828046,
    0.35454030672709147,
    0.34177549680074054,
    0.32749142646789553,
    0.34812411308288577,
    0.3125856733322144,
    0.283108967145284,
    0.251700824101766,
    0.29046168009440104,
    0.26828601360321047,
    0.24208374659220377
  ]
}