{
  "train_loss": [
    1.0760722827911378,
    0.827978127343314,
    0.6507365342548915,
    0.5140761474200658,
    0.4363245943614415,
    0.3552921724319458,
    0.3222761355979102,
    0.3123423525265285,
    0.2531674322060176,
    0.2768610572814941,
    0.2261558249592781,
    0.21984690938677107,
    0.20215491558824267,
    0.24847934876169478
  ],
  "val_loss": [
    1.0367034435272218,
    0.7023496580123901,
    0.4971411641438802,
    0.40804311593373616,
    0.3541884501775106,
    0.3297918971379598,
    0.32025381565093997,
    0.3064694786071777,
    0.2839149379730225,
    0.3038929017384847,
    0.31449233531951903,
    0.2660960578918457,
    0.256216344833374,
    0.28448660373687745
  ]
}