{
  "train_loss": [
    1.1024684613091604,
    0.8324912360736302,
    0.6475864577293396,
    0.5061823947089059,
    0.4601113589320864,
    0.38766049453190393,
    0.327189336844853,
    0.30294313192367556,
    0.3427775575433459,
    0.3018817197425025,
    0.23269039818218776,
    0.24441786561693463,
    0.22556381932326725,
    0.22614935432161604
  ],
  "val_loss": [
    1.0691408157348632,
    0.7300709962844849,
    0.534525318145752,
    0.4249794642130534,
    0.38557961622873943,
    0.38091680526733396,
    0.3559291919072469,
    0.32639421621958414,
    0.30173152128855385,
    0.2992786248524984,
    0.2672671175003052,
    0.27464133262634277,
    0.27066818555196126,
    0.24846856911977133
  ]
}