{
  "train_loss": [
    1.0173666051455907,
    0.7721250339916774,
    0.6037000972884042,
    0.4922231900691986,
    0.41968875850949966,
    0.3773949067933219,
    0.3073705427987235,
    0.27592196941375735,
    0.2535647528512137,
    0.31240586144583565,
    0.31493185928889683,
    0.2156765192747116,
    0.1848010865705354,
    0.18887351376669748
  ],
  "val_loss": [
    0.9961584726969401,
    0.6322794405619303,
    0.4726137606302897,
    0.4004195801417033,
    0.3674930143356323,
    0.3170729843775431,
    0.3225932614008586,
    0.3095352856318156,
    0.29905258655548095,
    0.3471271705627441,
    0.28471769332885744,
    0.27143282572428384,
    0.2669334904352824,
    0.2622489054997762
  ]
}