{
  "train_loss": [
    1.0724959179333278,
    0.8247723031044006,
    0.6749388010161264,
    0.5587010271208627,
    0.4333709354060037,
    0.4677824231556484,
    0.368218486223902,
    0.3769304985659463,
    0.2984490112747465,
    0.37358413764408654,
    0.23841673467840468,
    0.2574253077166421,
    0.22845286062785558,
    0.20631770304271152
  ],
  "val_loss": [
    1.0257732582092285,
    0.7133701769510905,
    0.5701541090011597,
    0.46427683035532635,
    0.42601150830586754,
    0.3973264312744141,
    0.3585360622406006,
    0.33294145584106444,
    0.320874342918396,
    0.32286304314931236,
    0.32051979541778564,
    0.3227179765701294,
    0.2915788253148397,
    0.2748752721150716
  ]
}