{
  "train_loss": [
    0.9982900782993862,
    0.6775317226137434,
    0.49279066119875226,
    0.4545078985180174,
    0.31948874992983683,
    0.3062177772181375,
    0.2528937901769366,
    0.26805308588913507,
    0.23436904839106967,
    0.13683865530150277,
    0.15852279484272003,
    0.11017805354935782,
    0.08926033841712135,
    0.07827489354780742
  ],
  "val_loss": [
    0.8422863928476969,
    0.507226759592692,
    0.3892189900080363,
    0.36542789300282796,
    0.2956720399856567,
    0.28748066107432046,
    0.26795313517252606,
    0.30818394660949705,
    0.33046903610229494,
    0.21078761100769042,
    0.1872268772125244,
    0.1806513539950053,
    0.29551361878712973,
    0.13019997517267862
  ]
}