{
  "train_loss": [
    0.9712595180102757,
    0.6303325160912105,
    0.4195460012129375,
    0.3392165665541376,
    0.29546390329088484,
    0.28433982746941705,
    0.2478854415672166,
    0.227229688337871,
    0.18113900213369302,
    0.15951610162854193,
    0.11835794278553553,
    0.09225781370486531,
    0.08524337666375296,
    0.07218981547015053
  ],
  "val_loss": [
    0.8350410715738932,
    0.4750840838750203,
    0.3711494461695353,
    0.36820600350697835,
    0.33670523166656496,
    0.33462607860565186,
    0.31117454687754315,
    0.29524267514546715,
    0.29761762142181397,
    0.3428624232610067,
    0.2910496679941813,
    0.2163448762893677,
    0.29197449843088785,
    0.2749374802907308
  ]
}