{
  "train_loss": [
    1.0782518465178355,
    0.734640268257686,
    0.6001496185575212,
    0.5006527989251273,
    0.42447015157767704,
    0.3613052145072392,
    0.35551030141966683,
    0.3137885267819677,
    0.3791992017201015,
    0.3744734535898481,
    0.2805848814759936,
    0.275006462931633,
    0.24842899024486542,
    0.19073293851954595
  ],
  "val_loss": [
    0.9952939987182617,
    0.6094690529505412,
    0.4486930259068807,
    0.4009419870376587,
    0.3649933306376139,
    0.34214094320933025,
    0.350357354482015,
    0.34494831403096515,
    0.3067427492141724,
    0.29884919643402097,
    0.3034294144312541,
    0.31310064474741617,
    0.27350896994272866,
    0.2138114595413208
  ]
}