{
  "train_loss": [
    0.8989227999959674,
    0.5743477283205305,
    0.44413460118430004,
    0.33381072350910734,
    0.3258378429072244,
    0.2632042717933655,
    0.24890318759850094,
    0.21201379235301698,
    0.15078921616077423,
    0.16457259833812712,
    0.10794749319553375,
    0.07492695290063109,
    0.067350655070373,
    0.11787256773029055
  ],
  "val_loss": [
    0.7611403020222982,
    0.40761545817057293,
    0.34124698797861736,
    0.34328017393747967,
    0.2956382751464844,
    0.27893489360809326,
    0.33360057512919106,
    0.2872630039850871,
    0.3424815877278646,
    0.2505899731318156,
    0.23210020065307618,
    0.2684181054433187,
    0.2563127501805623,
    0.27011051336924236
  ]
}