{
  "train_loss": [
    0.9125280823026385,
    0.6020806993756975,
    0.4332529378788812,
    0.4006915293421064,
    0.3478272054450853,
    0.3336225952420916,
    0.25741131833621433,
    0.21625410871846334,
    0.20260451942682267,
    0.226866477898189,
    0.19949011019298007,
    0.11365614175796508,
    0.1284664124250412,
    0.09688370227813721
  ],
  "val_loss": [
    0.7612213436762492,
    0.48098498821258545,
    0.3795027160644531,
    0.345566930770874,
    0.314291516939799,
    0.3173998880386353,
    0.28995217005411783,
    0.28885918140411376,
    0.3243797143300374,
    0.2284753147761027,
    0.16381922086079914,
    0.2937786753972371,
    0.2778513209025065,
    0.22896408240000407
  ]
}