{
  "train_loss": [
    0.9719267671448844,
    0.5953474531854902,
    0.43544329472950527,
    0.38183824947902134,
    0.37444250208990915,
    0.32414644428661893,
    0.25377537561314445,
    0.22764926931687765,
    0.17942976585456302,
    0.17998567361916815,
    0.11497482406241553,
    0.07672090975301607,
    0.15742662259510584,
    0.09715428497110094
  ],
  "val_loss": [
    0.8025891208648681,
    0.4118246142069499,
    0.3551742680867513,
    0.32674534956614176,
    0.27442503452301026,
    0.27887197653452556,
    0.2596837155024211,
    0.2734747044245402,
    0.2603650633494059,
    0.21672597567240398,
    0.2524987284342448,
    0.25912285804748536,
    0.296808336575826,
    0.2957991329828898
  ]
}