{
  "train_loss": [
    1.0573533977781022,
    0.7888030808312553,
    0.6015370147568839,
    0.48565018704959323,
    0.41332598192351205,
    0.3856525751522609,
    0.33233831558908733,
    0.3111144011361258,
    0.29964174577168057,
    0.26476140592779435,
    0.258004672058991,
    0.2208766988345555,
    0.22554765735353743,
    0.20390718817710876
  ],
  "val_loss": [
    1.0228259913126627,
    0.6779685910542806,
    0.4934575859705607,
    0.40613028685251873,
    0.383932531674703,
    0.37826095898946127,
    0.33328647136688233,
    0.3381515343983968,
    0.3189006344477336,
    0.26534897327423096,
    0.252213724454244,
    0.24152153809865315,
    0.2676093896230062,
    0.27553359031677244
  ]
}