{
  "train_loss": [
    1.1117169979640416,
    0.8509043455123901,
    0.6596022997583662,
    0.5362886272157942,
    0.42657592279570444,
    0.37042684129306247,
    0.33786014182227,
    0.3039668107032776,
    0.2824719193152019,
    0.27506421459572655,
    0.3199796946133886,
    0.28677290303366526,
    0.21537573746272495,
    0.1770013694678034
  ],
  "val_loss": [
    1.0779936122894287,
    0.7267360210418701,
    0.4885884809494019,
    0.40516828378041586,
    0.36884383837382,
    0.3358152135213216,
    0.31901129881540935,
    0.33047023773193357,
    0.29492703437805173,
    0.2961802021662394,
    0.29057817935943603,
    0.26042295138041177,
    0.292343594233195,
    0.2991925064722697
  ]
}