{
  "train_loss": [
    1.0275295792307173,
    0.7347928619384766,
    0.5338366854190827,
    0.43658135516302926,
    0.39332956893103466,
    0.37050362961632866,
    0.33889053217002324,
    0.2956614889417376,
    0.33239890473229544,
    0.2563326033524104,
    0.28441634161131724,
    0.2619993726696287,
    0.20647047536713736,
    0.18354637937886376
  ],
  "val_loss": [
    0.9921776421864827,
    0.6047900931040446,
    0.43674854914347333,
    0.3736098066965739,
    0.34048926989237466,
    0.3565203094482422,
    0.32777273337046303,
    0.3241919279098511,
    0.28719213485717776,
    0.2922706969579061,
    0.30441135247548423,
    0.2692301352818807,
    0.2536052592595418,
    0.2524200741449992
  ]
}