{
  "train_loss": [
    0.9386023347718375,
    0.620269525051117,
    0.4307307803630829,
    0.3393666328702654,
    0.31588282734155654,
    0.3203004857046264,
    0.2602602061203548,
    0.22864644233669554,
    0.16799271745341166,
    0.17526473488126482,
    0.13470684541123254,
    0.1537480089068413,
    0.2621517128603799,
    0.14888255962303706
  ],
  "val_loss": [
    0.8206028874715169,
    0.4419354565938314,
    0.37593350728352865,
    0.3676714261372884,
    0.33362961769104005,
    0.3204365952809652,
    0.2992207352320353,
    0.32895429452260333,
    0.2903224245707194,
    0.26251227060953775,
    0.3006294822692871,
    0.2826175800959269,
    0.5046479845046997,
    0.33764819780985517
  ]
}