{
  "train_loss": [
    1.0419075880731856,
    0.7472843694686889,
    0.5092791312081473,
    0.4592283344268799,
    0.4214162753309522,
    0.373618974004473,
    0.33709138482809065,
    0.3027770527771541,
    0.28328215071133206,
    0.2329653542808124,
    0.21219847134181433,
    0.23503319348607746,
    0.22726640701293946,
    0.20306594737938471
  ],
  "val_loss": [
    0.9743010075887044,
    0.5857536268234252,
    0.4172906478246053,
    0.3723395077387492,
    0.35025243282318114,
    0.3510150686899821,
    0.3342212152481079,
    0.3376344076792399,
    0.2876237456003825,
    0.26598458766937255,
    0.29857657114664715,
    0.26120715141296386,
    0.2805491193135579,
    0.22588527838389078
  ]
}