{
  "train_loss": [
    0.892775251184191,
    0.6136545377118247,
    0.4449265933036804,
    0.38554220114435467,
    0.34992280440671103,
    0.30701831417424336,
    0.3443941537822996,
    0.23786644509860447,
    0.2882802789551871,
    0.2378147202730179,
    0.14886493789298194,
    0.24907968725476945,
    0.11110955936568125,
    0.15002050944737025
  ],
  "val_loss": [
    0.733781894048055,
    0.48582096099853517,
    0.37419171492258707,
    0.34156694253285724,
    0.31173946221669513,
    0.309988481203715,
    0.30469236850738524,
    0.2645085112253825,
    0.27548025608062743,
    0.28596516291300456,
    0.24340869426727296,
    0.2885290892918905,
    0.318852604230245,
    0.34752652009328205
  ]
}