{
  "train_loss": [
    1.0773699283599854,
    0.8346116168158395,
    0.6841036977086749,
    0.5836640119552612,
    0.45471382464681354,
    0.37549706050327847,
    0.35489134115832194,
    0.3429649461167199,
    0.32853769817522593,
    0.3033679778235299,
    0.2831209297691073,
    0.23473805342401777,
    0.2686955806187221,
    0.22140867710113527
  ],
  "val_loss": [
    1.0619019921620687,
    0.722600344022115,
    0.553963033358256,
    0.4651623551050822,
    0.40373856862386065,
    0.36322741031646727,
    0.3297306410471598,
    0.3144629065195719,
    0.30101375579833983,
    0.31828161239624025,
    0.27414600213368734,
    0.27131752014160154,
    0.2320151392618815,
    0.2641370964050293
  ]
}