{
  "train_loss": [
    0.9089551206997463,
    0.5544217876025609,
    0.413131206546511,
    0.35493676875318797,
    0.35991580384118216,
    0.311515945153577,
    0.2824662872723171,
    0.2751138541953904,
    0.21174768039158412,
    0.17081203758716584,
    0.18068193180220468,
    0.10560645946434566,
    0.1260696332369532,
    0.05004906683095864
  ],
  "val_loss": [
    0.7359145434697469,
    0.4015643056233724,
    0.36208624045054116,
    0.3536388127009074,
    0.350090921719869,
    0.3303573004404704,
    0.3078131421407064,
    0.24501983165740968,
    0.24504695574442545,
    0.24425251801808676,
    0.26744680404663085,
    0.16835973978042604,
    0.19935899098714194,
    0.252252140045166
  ]
}