{
  "train_loss": [
    0.973707389150347,
    0.6447427218300955,
    0.5115245851448604,
    0.40344356639044626,
    0.2990329953602382,
    0.30117721165929523,
    0.32026493762220654,
    0.27605795204639433,
    0.21986079914229256,
    0.176903680903571,
    0.11145256148917335,
    0.1332516884803772,
    0.10618747787816184,
    0.08777225369853633
  ],
  "val_loss": [
    0.8542233975728353,
    0.4469391139348348,
    0.3860138241449992,
    0.35440153439839683,
    0.34736603260040283,
    0.3025154701868693,
    0.2927105204264323,
    0.28745648701985677,
    0.3206467755635579,
    0.25005534013112385,
    0.21504175345102947,
    0.2175316556294759,
    0.23789223512013755,
    0.15506149133046468
  ]
}