{
  "train_loss": [
    0.894888505254473,
    0.5636540382249015,
    0.4591997844832284,
    0.37842104162488666,
    0.381773921080998,
    0.33037691354751586,
    0.22906582444906234,
    0.2624152309553964,
    0.20897644213267735,
    0.17542832953589302,
    0.14933744958468845,
    0.08294696756771633,
    0.11195612971271787,
    0.05836141977991376
  ],
  "val_loss": [
    0.7065398693084717,
    0.40781965096791584,
    0.36559339046478273,
    0.3500381994247437,
    0.3737206220626831,
    0.3213847001393636,
    0.2871815538406372,
    0.31522401809692385,
    0.266455987294515,
    0.20672761837641399,
    0.2561355638504028,
    0.16781520922978718,
    0.23865771611531575,
    0.20884629249572753
  ]
}