{
  "train_loss": [
    0.9268434923035758,
    0.6423146298953465,
    0.4927651493889945,
    0.38570106199809484,
    0.349289088334356,
    0.2960681992769241,
    0.3624035773958479,
    0.22983045607805253,
    0.27935470410755703,
    0.2242709601351193,
    0.20893223881721495,
    0.17501402241843086,
    0.15326981212411608,
    0.20198693713971547
  ],
  "val_loss": [
    0.7684939241409302,
    0.5197671524683635,
    0.38062697728474937,
    0.34611998716990156,
    0.3146111504236857,
    0.3279113515218099,
    0.2982829999923706,
    0.2855226643880208,
    0.2505216042200724,
    0.2783627160390218,
    0.3196533664067586,
    0.21513209819793702,
    0.22093818187713624,
    0.2720314685503642
  ]
}