{
  "precision": [
    0.16,
    0.16216216216216217,
    0.1643835616438356,
    0.16666666666666666,
    0.16901408450704225,
    0.17142857142857143,
    0.17391304347826086,
    0.17647058823529413,
    0.1791044776119403,
    0.16666666666666666,
    0.16923076923076924,
    0.171875,
    0.1746031746031746,
    0.1774193548387097,
    0.18032786885245902,
    0.16666666666666666,
    0.1694915254237288,
    0.1724137931034483,
    0.17543859649122806,
    0.17857142857142858,
    0.18181818181818182,
    0.18518518518518517,
    0.18867924528301888,
    0.19230769230769232,
    0.19607843137254902,
    0.2,
    0.20408163265306123,
    0.20833333333333334,
    0.2127659574468085,
    0.21739130434782608,
    0.2222222222222222,
    0.22727272727272727,
    0.23255813953488372,
    0.23809523809523808,
    0.24390243902439024,
    0.25,
    0.2564102564102564,
    0.2631578947368421,
    0.2702702702702703,
    0.2777777777777778,
    0.2857142857142857,
    0.2647058823529412,
    0.2727272727272727,
    0.28125,
    0.2903225806451613,
    0.3,
    0.3103448275862069,
    0.32142857142857145,
    0.3333333333333333,
    0.3076923076923077,
    0.32,
    0.3333333333333333,
    0.34782608695652173,
    0.36363636363636365,
    0.38095238095238093,
    0.4,
    0.42105263157894735,
    0.4444444444444444,
    0.47058823529411764,
    0.5,
    0.5333333333333333,
    0.5714285714285714,
    0.6153846153846154,
    0.6666666666666666,
    0.7272727272727273,
    0.8,
    0.7777777777777778,
    0.875,
    1.0,
    1.0,
    1.0,
    1.0,
    1.0,
    1.0,
    1.0,
    1.0
  ],
  "recall": [
    1.0,
    1.0,
    1.0,
    1.0,
    1.0,
    1.0,
    1.0,
    1.0,
    1.0,
    0.9166666666666666,
    0.9166666666666666,
    0.9166666666666666,
    0.9166666666666666,
    0.9166666666666666,
    0.9166666666666666,
    0.8333333333333334,
    0.8333333333333334,
    0.8333333333333334,
    0.8333333333333334,
    0.8333333333333334,
    0.8333333333333334,
    0.8333333333333334,
    0.8333333333333334,
    0.8333333333333334,
    0.8333333333333334,
    0.8333333333333334,
    0.8333333333333334,
    0.8333333333333334,
    0.8333333333333334,
    0.8333333333333334,
    0.8333333333333334,
    0.8333333333333334,
    0.8333333333333334,
    0.8333333333333334,
    0.8333333333333334,
    0.8333333333333334,
    0.8333333333333334,
    0.8333333333333334,
    0.8333333333333334,
    0.8333333333333334,
    0.8333333333333334,
    0.75,
    0.75,
    0.75,
    0.75,
    0.75,
    0.75,
    0.75,
    0.75,
    0.6666666666666666,
    0.6666666666666666,
    0.6666666666666666,
    0.6666666666666666,
    0.6666666666666666,
    0.6666666666666666,
    0.6666666666666666,
    0.6666666666666666,
    0.6666666666666666,
    0.6666666666666666,
    0.6666666666666666,
    0.6666666666666666,
    0.6666666666666666,
    0.6666666666666666,
    0.6666666666666666,
    0.6666666666666666,
    0.6666666666666666,
    0.5833333333333334,
    0.5833333333333334,
    0.5833333333333334,
    0.5,
    0.4166666666666667,
    0.3333333333333333,
    0.25,
    0.16666666666666666,
    0.08333333333333333,
    0.0
  ],
  "thresholds": [
    0.060140177607536316,
    0.061250586062669754,
    0.06141631677746773,
    0.061661455780267715,
    0.06271937489509583,
    0.06303679198026657,
    0.06307513266801834,
    0.06311310082674026,
    0.06317640095949173,
    0.06320948153734207,
    0.06327524781227112,
    0.06331915408372879,
    0.06335895508527756,
    0.06337276846170425,
    0.06375955790281296,
    0.06402406841516495,
    0.06406675279140472,
    0.06408359110355377,
    0.06410576403141022,
    0.06424017995595932,
    0.06437649577856064,
    0.06449156254529953,
    0.06449469923973083,
    0.06453731656074524,
    0.06460289657115936,
    0.06466779112815857,
    0.06482180207967758,
    0.06486304104328156,
    0.06578410416841507,
    0.0658007487654686,
    0.06599032878875732,
    0.06602316349744797,
    0.0660734623670578,
    0.06623497605323792,
    0.06636036932468414,
    0.06642346829175949,
    0.06656136363744736,
    0.06660955399274826,
    0.06662414222955704,
    0.0666513666510582,
    0.06690901517868042,
    0.06760350614786148,
    0.06763444095849991,
    0.06788559257984161,
    0.06790031492710114,
    0.06801722943782806,
    0.06834687292575836,
    0.06848171353340149,
    0.0685104951262474,
    0.06851685792207718,
    0.0693991482257843,
    0.06970251351594925,
    0.07033639401197433,
    0.07305101305246353,
    0.07402482628822327,
    0.07653747498989105,
    0.08015146106481552,
    0.08340825140476227,
    0.08559665083885193,
    0.0914311334490776,
    0.09343437105417252,
    0.10137800127267838,
    0.12522836029529572,
    0.12775161862373352,
    0.16153988242149353,
    0.17346112430095673,
    0.22804096341133118,
    0.8019196391105652,
    0.8892245292663574,
    0.9036948680877686,
    0.9378175139427185,
    0.9392316937446594,
    0.9399535655975342,
    0.9403938055038452,
    0.9404838681221008
  ]
}