{
  "y_true": [
    0,
    0,
    0,
    0,
    0,
    0,
    0,
    0,
    0,
    0,
    0,
    0,
    0,
    0,
    0,
    0,
    0,
    0,
    0,
    0,
    0,
    0,
    0,
    0,
    0,
    0,
    0,
    0,
    0,
    0,
    0,
    0,
    0,
    0,
    0,
    0,
    0,
    0,
    0,
    0,
    0,
    0,
    0,
    0,
    0,
    0,
    0,
    0,
    0,
    0,
    0,
    0,
    0,
    0,
    0,
    0,
    0,
    0,
    0,
    0,
    0,
    0,
    0,
    1,
    1,
    1,
    1,
    1,
    1,
    1,
    1,
    1,
    1,
    1,
    1
  ],
  "y_pred": [
    0,
    0,
    0,
    0,
    0,
    0,
    0,
    0,
    0,
    0,
    0,
    0,
    0,
    0,
    0,
    0,
    0,
    0,
    0,
    0,
    0,
    0,
    0,
    0,
    0,
    0,
    0,
    0,
    0,
    0,
    0,
    0,
    0,
    0,
    0,
    0,
    0,
    0,
    0,
    0,
    0,
    0,
    0,
    1,
    0,
    0,
    0,
    0,
    0,
    0,
    0,
    0,
    0,
    0,
    0,
    0,
    0,
    0,
    0,
    0,
    0,
    0,
    0,
    1,
    1,
    1,
    1,
    1,
    0,
    0,
    0,
    0,
    0,
    1,
    1
  ],
  "y_prob": [
    0.06460289657115936,
    0.06408359110355377,
    0.06410576403141022,
    0.12775161862373352,
    0.22804096341133118,
    0.06486304104328156,
    0.0658007487654686,
    0.16153988242149353,
    0.0693991482257843,
    0.06406675279140472,
    0.06760350614786148,
    0.06466779112815857,
    0.09343437105417252,
    0.08559665083885193,
    0.06801722943782806,
    0.06848171353340149,
    0.060140177607536316,
    0.08340825140476227,
    0.06599032878875732,
    0.06578410416841507,
    0.06482180207967758,
    0.061250586062669754,
    0.07653747498989105,
    0.06335895508527756,
    0.06320948153734207,
    0.06662414222955704,
    0.06656136363744736,
    0.06790031492710114,
    0.06602316349744797,
    0.06331915408372879,
    0.0666513666510582,
    0.0660734623670578,
    0.06402406841516495,
    0.06834687292575836,
    0.06311310082674026,
    0.06788559257984161,
    0.07305101305246353,
    0.06337276846170425,
    0.0914311334490776,
    0.06763444095849991,
    0.06449469923973083,
    0.06449156254529953,
    0.06453731656074524,
    0.8019196391105652,
    0.06424017995595932,
    0.06642346829175949,
    0.08015146106481552,
    0.06141631677746773,
    0.06851685792207718,
    0.061661455780267715,
    0.07402482628822327,
    0.06437649577856064,
    0.06636036932468414,
    0.06660955399274826,
    0.06307513266801834,
    0.06303679198026657,
    0.07033639401197433,
    0.12522836029529572,
    0.06623497605323792,
    0.06327524781227112,
    0.06271937489509583,
    0.06970251351594925,
    0.10137800127267838,
    0.9403938055038452,
    0.9392316937446594,
    0.9399535655975342,
    0.9378175139427185,
    0.9404838681221008,
    0.0685104951262474,
    0.06375955790281296,
    0.17346112430095673,
    0.06690901517868042,
    0.06317640095949173,
    0.8892245292663574,
    0.9036948680877686
  ]
}