{
  "accuracy": 0.9333333333333333,
  "balanced_accuracy": 0.7916666666666667,
  "precision": 1.0,
  "recall": 0.5833333333333334,
  "f1": 0.7368421052631579,
  "roc_auc": 0.8201058201058201,
  "pr_auc": 0.7539585278555868,
  "class_distribution": {
    "0": 63,
    "1": 12
  },
  "per_class_precision_recall": {
    "class_0": {
      "precision": 0.9264705882352942,
      "recall": 1.0
    },
    "class_1": {
      "precision": 1.0,
      "recall": 0.5833333333333334
    }
  },
  "confusion_matrix": {
    "tn": 63,
    "fp": 0,
    "fn": 5,
    "tp": 7
  },
  "confusion_matrix_normalized": {
    "tn": 1.0,
    "fp": 0.0,
    "fn": 0.4166666666666667,
    "tp": 0.5833333333333334
  },
  "threshold": 0.9,
  "n_samples": 75,
  "mean_probability": 0.1980048418045044,
  "pr_curve": {
    "precision": [
      0.16,
      0.16216216216216217,
      0.1643835616438356,
      0.16666666666666666,
      0.16901408450704225,
      0.17142857142857143,
      0.17391304347826086,
      0.17647058823529413,
      0.16417910447761194,
      0.16666666666666666,
      0.16923076923076924,
      0.171875,
      0.1746031746031746,
      0.1774193548387097,
      0.18032786885245902,
      0.18333333333333332,
      0.1864406779661017,
      0.1896551724137931,
      0.19298245614035087,
      0.19642857142857142,
      0.18181818181818182,
      0.18518518518518517,
      0.18867924528301888,
      0.19230769230769232,
      0.19607843137254902,
      0.2,
      0.20408163265306123,
      0.20833333333333334,
      0.2127659574468085,
      0.21739130434782608,
      0.2222222222222222,
      0.22727272727272727,
      0.23255813953488372,
      0.23809523809523808,
      0.24390243902439024,
      0.25,
      0.2564102564102564,
      0.2631578947368421,
      0.2702702702702703,
      0.2777777777777778,
      0.2857142857142857,
      0.2647058823529412,
      0.2727272727272727,
      0.28125,
      0.2903225806451613,
      0.3,
      0.3103448275862069,
      0.32142857142857145,
      0.3333333333333333,
      0.34615384615384615,
      0.36,
      0.375,
      0.391304347826087,
      0.4090909090909091,
      0.42857142857142855,
      0.45,
      0.47368421052631576,
      0.5,
      0.47058823529411764,
      0.5,
      0.5333333333333333,
      0.5714285714285714,
      0.6153846153846154,
      0.6666666666666666,
      0.7272727272727273,
      0.8,
      0.8888888888888888,
      0.875,
      1.0,
      1.0,
      1.0,
      1.0,
      1.0,
      1.0,
      1.0,
      1.0
    ],
    "recall": [
      1.0,
      1.0,
      1.0,
      1.0,
      1.0,
      1.0,
      1.0,
      1.0,
      0.9166666666666666,
      0.9166666666666666,
      0.9166666666666666,
      0.9166666666666666,
      0.9166666666666666,
      0.9166666666666666,
      0.9166666666666666,
      0.9166666666666666,
      0.9166666666666666,
      0.9166666666666666,
      0.9166666666666666,
      0.9166666666666666,
      0.8333333333333334,
      0.8333333333333334,
      0.8333333333333334,
      0.8333333333333334,
      0.8333333333333334,
      0.8333333333333334,
      0.8333333333333334,
      0.8333333333333334,
      0.8333333333333334,
      0.8333333333333334,
      0.8333333333333334,
      0.8333333333333334,
      0.8333333333333334,
      0.8333333333333334,
      0.8333333333333334,
      0.8333333333333334,
      0.8333333333333334,
      0.8333333333333334,
      0.8333333333333334,
      0.8333333333333334,
      0.8333333333333334,
      0.75,
      0.75,
      0.75,
      0.75,
      0.75,
      0.75,
      0.75,
      0.75,
      0.75,
      0.75,
      0.75,
      0.75,
      0.75,
      0.75,
      0.75,
      0.75,
      0.75,
      0.6666666666666666,
      0.6666666666666666,
      0.6666666666666666,
      0.6666666666666666,
      0.6666666666666666,
      0.6666666666666666,
      0.6666666666666666,
      0.6666666666666666,
      0.6666666666666666,
      0.5833333333333334,
      0.5833333333333334,
      0.5,
      0.4166666666666667,
      0.3333333333333333,
      0.25,
      0.16666666666666666,
      0.08333333333333333,
      0.0
    ],
    "thresholds": [
      0.0992247611284256,
      0.09951955825090408,
      0.10004831105470657,
      0.10016974806785583,
      0.10020451992750168,
      0.10058155655860901,
      0.10060054063796997,
      0.1011197566986084,
      0.10134297609329224,
      0.10135022550821304,
      0.10163604468107224,
      0.10177724063396454,
      0.10214223712682724,
      0.10222820937633514,
      0.10254395008087158,
      0.10258448123931885,
      0.10260695964097977,
      0.10275276005268097,
      0.10280745476484299,
      0.10333867371082306,
      0.10368108004331589,
      0.10380890220403671,
      0.10397279262542725,
      0.10420742630958557,
      0.10423631966114044,
      0.10445219278335571,
      0.10447195172309875,
      0.10448992997407913,
      0.10450629889965057,
      0.1046903058886528,
      0.10483884066343307,
      0.10502462834119797,
      0.10518676787614822,
      0.10528801381587982,
      0.10542843490839005,
      0.10549341142177582,
      0.10565618425607681,
      0.10568252950906754,
      0.10601247102022171,
      0.10614483803510666,
      0.10627079010009766,
      0.10654080659151077,
      0.10669507086277008,
      0.10734502971172333,
      0.10751990228891373,
      0.10872037708759308,
      0.10882996022701263,
      0.10887353122234344,
      0.10952871292829514,
      0.10965792834758759,
      0.11174164712429047,
      0.11284561455249786,
      0.11306187510490417,
      0.11322332918643951,
      0.11331439018249512,
      0.1145557388663292,
      0.11509497463703156,
      0.11720979958772659,
      0.11779891699552536,
      0.12848098576068878,
      0.13158608973026276,
      0.13978417217731476,
      0.15682627260684967,
      0.17355281114578247,
      0.19665832817554474,
      0.20052823424339294,
      0.21049487590789795,
      0.7767695784568787,
      0.9152051210403442,
      0.9217205047607422,
      0.9292231798171997,
      0.9305716156959534,
      0.9306314587593079,
      0.9364351034164429,
      0.9372133612632751
    ]
  }
}