{
  "y_true": [
    0,
    0,
    0,
    0,
    0,
    0,
    0,
    0,
    0,
    0,
    0,
    0,
    0,
    0,
    0,
    0,
    0,
    0,
    0,
    0,
    0,
    0,
    0,
    0,
    0,
    0,
    0,
    0,
    0,
    0,
    0,
    0,
    0,
    0,
    0,
    0,
    0,
    0,
    0,
    0,
    0,
    0,
    0,
    0,
    0,
    0,
    0,
    0,
    0,
    0,
    0,
    0,
    0,
    0,
    0,
    0,
    0,
    0,
    0,
    0,
    0,
    0,
    0,
    1,
    1,
    1,
    1,
    1,
    1,
    1,
    1,
    1,
    1,
    1,
    1
  ],
  "y_pred": [
    0,
    0,
    0,
    0,
    0,
    0,
    0,
    0,
    0,
    0,
    0,
    0,
    0,
    0,
    0,
    0,
    0,
    0,
    0,
    0,
    0,
    0,
    0,
    0,
    0,
    0,
    0,
    0,
    0,
    0,
    0,
    0,
    0,
    0,
    0,
    0,
    0,
    0,
    0,
    0,
    0,
    0,
    0,
    0,
    0,
    0,
    0,
    0,
    0,
    0,
    0,
    0,
    0,
    0,
    0,
    0,
    0,
    0,
    0,
    0,
    0,
    0,
    0,
    1,
    1,
    1,
    1,
    1,
    0,
    0,
    0,
    0,
    0,
    1,
    1
  ],
  "y_prob": [
    0.10734502971172333,
    0.10214223712682724,
    0.10882996022701263,
    0.19665832817554474,
    0.17355281114578247,
    0.10448992997407913,
    0.10445219278335571,
    0.12848098576068878,
    0.10601247102022171,
    0.10447195172309875,
    0.10420742630958557,
    0.1046903058886528,
    0.13978417217731476,
    0.10965792834758759,
    0.10450629889965057,
    0.10483884066343307,
    0.10669507086277008,
    0.11509497463703156,
    0.10872037708759308,
    0.10397279262542725,
    0.10134297609329224,
    0.10135022550821304,
    0.20052823424339294,
    0.10222820937633514,
    0.10275276005268097,
    0.11331439018249512,
    0.10502462834119797,
    0.10380890220403671,
    0.10568252950906754,
    0.10060054063796997,
    0.10542843490839005,
    0.10528801381587982,
    0.10016974806785583,
    0.11174164712429047,
    0.10952871292829514,
    0.10614483803510666,
    0.10751990228891373,
    0.10518676787614822,
    0.11779891699552536,
    0.11322332918643951,
    0.10020451992750168,
    0.10058155655860901,
    0.10423631966114044,
    0.7767695784568787,
    0.10280745476484299,
    0.10368108004331589,
    0.11284561455249786,
    0.10254395008087158,
    0.10654080659151077,
    0.0992247611284256,
    0.11306187510490417,
    0.10260695964097977,
    0.10177724063396454,
    0.10565618425607681,
    0.10258448123931885,
    0.10163604468107224,
    0.10887353122234344,
    0.15682627260684967,
    0.10004831105470657,
    0.09951955825090408,
    0.10549341142177582,
    0.1145557388663292,
    0.13158608973026276,
    0.9372133612632751,
    0.9292231798171997,
    0.9305716156959534,
    0.9306314587593079,
    0.9364351034164429,
    0.10627079010009766,
    0.1011197566986084,
    0.21049487590789795,
    0.11720979958772659,
    0.10333867371082306,
    0.9217205047607422,
    0.9152051210403442
  ]
}