{
  "precision": [
    0.16,
    0.16216216216216217,
    0.1643835616438356,
    0.16666666666666666,
    0.16901408450704225,
    0.17142857142857143,
    0.17391304347826086,
    0.17647058823529413,
    0.1791044776119403,
    0.18181818181818182,
    0.18461538461538463,
    0.1875,
    0.19047619047619047,
    0.1935483870967742,
    0.19672131147540983,
    0.2,
    0.2033898305084746,
    0.20689655172413793,
    0.21052631578947367,
    0.21428571428571427,
    0.21818181818181817,
    0.2222222222222222,
    0.22641509433962265,
    0.23076923076923078,
    0.23529411764705882,
    0.24,
    0.24489795918367346,
    0.25,
    0.2553191489361702,
    0.2608695652173913,
    0.26666666666666666,
    0.2727272727272727,
    0.27906976744186046,
    0.2857142857142857,
    0.2926829268292683,
    0.3,
    0.3076923076923077,
    0.3157894736842105,
    0.32432432432432434,
    0.3333333333333333,
    0.34285714285714286,
    0.35294117647058826,
    0.3333333333333333,
    0.34375,
    0.3548387096774194,
    0.36666666666666664,
    0.3448275862068966,
    0.35714285714285715,
    0.37037037037037035,
    0.38461538461538464,
    0.4,
    0.375,
    0.391304347826087,
    0.4090909090909091,
    0.42857142857142855,
    0.45,
    0.42105263157894735,
    0.4444444444444444,
    0.47058823529411764,
    0.5,
    0.5333333333333333,
    0.5714285714285714,
    0.5384615384615384,
    0.5833333333333334,
    0.5454545454545454,
    0.6,
    0.6666666666666666,
    0.75,
    0.8571428571428571,
    1.0,
    1.0,
    1.0,
    1.0,
    1.0,
    1.0,
    1.0
  ],
  "recall": [
    1.0,
    1.0,
    1.0,
    1.0,
    1.0,
    1.0,
    1.0,
    1.0,
    1.0,
    1.0,
    1.0,
    1.0,
    1.0,
    1.0,
    1.0,
    1.0,
    1.0,
    1.0,
    1.0,
    1.0,
    1.0,
    1.0,
    1.0,
    1.0,
    1.0,
    1.0,
    1.0,
    1.0,
    1.0,
    1.0,
    1.0,
    1.0,
    1.0,
    1.0,
    1.0,
    1.0,
    1.0,
    1.0,
    1.0,
    1.0,
    1.0,
    1.0,
    0.9166666666666666,
    0.9166666666666666,
    0.9166666666666666,
    0.9166666666666666,
    0.8333333333333334,
    0.8333333333333334,
    0.8333333333333334,
    0.8333333333333334,
    0.8333333333333334,
    0.75,
    0.75,
    0.75,
    0.75,
    0.75,
    0.6666666666666666,
    0.6666666666666666,
    0.6666666666666666,
    0.6666666666666666,
    0.6666666666666666,
    0.6666666666666666,
    0.5833333333333334,
    0.5833333333333334,
    0.5,
    0.5,
    0.5,
    0.5,
    0.5,
    0.5,
    0.4166666666666667,
    0.3333333333333333,
    0.25,
    0.16666666666666666,
    0.08333333333333333,
    0.0
  ],
  "thresholds": [
    0.07686425000429153,
    0.0797962099313736,
    0.08015450090169907,
    0.08104300498962402,
    0.08164077997207642,
    0.08211992681026459,
    0.08243740350008011,
    0.08249247819185257,
    0.08324633538722992,
    0.08328966796398163,
    0.08391878753900528,
    0.08424469828605652,
    0.08440732955932617,
    0.08446294069290161,
    0.0844656303524971,
    0.08519800007343292,
    0.08574564009904861,
    0.0857699066400528,
    0.08622131496667862,
    0.0867050290107727,
    0.08693437278270721,
    0.08695966005325317,
    0.08701828122138977,
    0.08758006989955902,
    0.08761879801750183,
    0.08774180710315704,
    0.08795137703418732,
    0.08846841752529144,
    0.08863773941993713,
    0.08882717788219452,
    0.08930511027574539,
    0.08954676985740662,
    0.08968542516231537,
    0.09007962048053741,
    0.09046546369791031,
    0.09123630821704865,
    0.09128910303115845,
    0.09134307503700256,
    0.09165582060813904,
    0.09166383743286133,
    0.0924033373594284,
    0.09240485727787018,
    0.09303591400384903,
    0.09366346895694733,
    0.09375539422035217,
    0.09425235539674759,
    0.09538435190916061,
    0.09660089761018753,
    0.09700723737478256,
    0.09795736521482468,
    0.09899848699569702,
    0.09900900721549988,
    0.09925244003534317,
    0.09938349574804306,
    0.10055884718894958,
    0.10908528417348862,
    0.11578665673732758,
    0.11714401841163635,
    0.1200062558054924,
    0.12343741208314896,
    0.13194285333156586,
    0.13756296038627625,
    0.13872815668582916,
    0.19858916103839874,
    0.1999567300081253,
    0.2267724573612213,
    0.3787272274494171,
    0.5189107060432434,
    0.8686789870262146,
    0.8782549500465393,
    0.8907786011695862,
    0.9368096590042114,
    0.948660135269165,
    0.9498571157455444,
    0.9501290917396545
  ]
}