{
  "y_true": [
    0,
    0,
    0,
    0,
    0,
    0,
    0,
    0,
    0,
    0,
    0,
    0,
    0,
    0,
    0,
    0,
    0,
    0,
    0,
    0,
    0,
    0,
    0,
    0,
    0,
    0,
    0,
    0,
    0,
    0,
    0,
    0,
    0,
    0,
    0,
    0,
    0,
    0,
    0,
    0,
    0,
    0,
    0,
    0,
    0,
    0,
    0,
    0,
    0,
    0,
    0,
    0,
    0,
    0,
    0,
    0,
    0,
    0,
    0,
    0,
    0,
    0,
    0,
    1,
    1,
    1,
    1,
    1,
    1,
    1,
    1,
    1,
    1,
    1,
    1
  ],
  "y_pred": [
    0,
    0,
    0,
    0,
    0,
    0,
    0,
    0,
    0,
    0,
    0,
    0,
    0,
    0,
    0,
    0,
    0,
    0,
    0,
    0,
    0,
    0,
    0,
    0,
    0,
    0,
    0,
    0,
    0,
    0,
    0,
    0,
    0,
    0,
    0,
    0,
    0,
    0,
    0,
    0,
    0,
    0,
    0,
    1,
    0,
    0,
    0,
    0,
    0,
    0,
    0,
    0,
    0,
    0,
    0,
    0,
    0,
    0,
    0,
    0,
    0,
    0,
    0,
    1,
    1,
    1,
    1,
    1,
    0,
    0,
    0,
    0,
    0,
    0,
    1
  ],
  "y_prob": [
    0.08424469828605652,
    0.08622131496667862,
    0.08846841752529144,
    0.1999567300081253,
    0.5189107060432434,
    0.08391878753900528,
    0.08701828122138977,
    0.3787272274494171,
    0.09366346895694733,
    0.09128910303115845,
    0.08795137703418732,
    0.08104300498962402,
    0.1200062558054924,
    0.13872815668582916,
    0.09900900721549988,
    0.08164077997207642,
    0.08243740350008011,
    0.11714401841163635,
    0.08574564009904861,
    0.10055884718894958,
    0.09303591400384903,
    0.0857699066400528,
    0.09660089761018753,
    0.09007962048053741,
    0.08211992681026459,
    0.08882717788219452,
    0.09166383743286133,
    0.09134307503700256,
    0.08328966796398163,
    0.08774180710315704,
    0.08954676985740662,
    0.08761879801750183,
    0.08693437278270721,
    0.09165582060813904,
    0.08519800007343292,
    0.08446294069290161,
    0.09375539422035217,
    0.08015450090169907,
    0.2267724573612213,
    0.0924033373594284,
    0.09538435190916061,
    0.08695966005325317,
    0.08440732955932617,
    0.8686789870262146,
    0.09046546369791031,
    0.08324633538722992,
    0.11578665673732758,
    0.08930511027574539,
    0.08758006989955902,
    0.0867050290107727,
    0.07686425000429153,
    0.0844656303524971,
    0.09795736521482468,
    0.08968542516231537,
    0.08249247819185257,
    0.08863773941993713,
    0.09938349574804306,
    0.12343741208314896,
    0.09700723737478256,
    0.09123630821704865,
    0.0797962099313736,
    0.09925244003534317,
    0.13194285333156586,
    0.9501290917396545,
    0.8907786011695862,
    0.948660135269165,
    0.9368096590042114,
    0.9498571157455444,
    0.09899848699569702,
    0.09240485727787018,
    0.10908528417348862,
    0.13756296038627625,
    0.09425235539674759,
    0.19858916103839874,
    0.8782549500465393
  ]
}