{
  "precision": [
    0.16,
    0.16216216216216217,
    0.1643835616438356,
    0.16666666666666666,
    0.16901408450704225,
    0.17142857142857143,
    0.17391304347826086,
    0.17647058823529413,
    0.1791044776119403,
    0.18181818181818182,
    0.18461538461538463,
    0.1875,
    0.19047619047619047,
    0.1935483870967742,
    0.19672131147540983,
    0.2,
    0.2033898305084746,
    0.20689655172413793,
    0.21052631578947367,
    0.21428571428571427,
    0.21818181818181817,
    0.2222222222222222,
    0.22641509433962265,
    0.23076923076923078,
    0.23529411764705882,
    0.24,
    0.24489795918367346,
    0.25,
    0.2553191489361702,
    0.2608695652173913,
    0.26666666666666666,
    0.2727272727272727,
    0.27906976744186046,
    0.2857142857142857,
    0.2926829268292683,
    0.3,
    0.3076923076923077,
    0.3157894736842105,
    0.32432432432432434,
    0.3333333333333333,
    0.34285714285714286,
    0.35294117647058826,
    0.36363636363636365,
    0.375,
    0.3870967741935484,
    0.4,
    0.41379310344827586,
    0.42857142857142855,
    0.4444444444444444,
    0.4230769230769231,
    0.44,
    0.4583333333333333,
    0.4782608695652174,
    0.5,
    0.5238095238095238,
    0.5,
    0.47368421052631576,
    0.5,
    0.5294117647058824,
    0.5625,
    0.6,
    0.6428571428571429,
    0.6923076923076923,
    0.75,
    0.8181818181818182,
    0.9,
    0.8888888888888888,
    1.0,
    1.0,
    1.0,
    1.0,
    1.0,
    1.0,
    1.0,
    1.0,
    1.0
  ],
  "recall": [
    1.0,
    1.0,
    1.0,
    1.0,
    1.0,
    1.0,
    1.0,
    1.0,
    1.0,
    1.0,
    1.0,
    1.0,
    1.0,
    1.0,
    1.0,
    1.0,
    1.0,
    1.0,
    1.0,
    1.0,
    1.0,
    1.0,
    1.0,
    1.0,
    1.0,
    1.0,
    1.0,
    1.0,
    1.0,
    1.0,
    1.0,
    1.0,
    1.0,
    1.0,
    1.0,
    1.0,
    1.0,
    1.0,
    1.0,
    1.0,
    1.0,
    1.0,
    1.0,
    1.0,
    1.0,
    1.0,
    1.0,
    1.0,
    1.0,
    0.9166666666666666,
    0.9166666666666666,
    0.9166666666666666,
    0.9166666666666666,
    0.9166666666666666,
    0.9166666666666666,
    0.8333333333333334,
    0.75,
    0.75,
    0.75,
    0.75,
    0.75,
    0.75,
    0.75,
    0.75,
    0.75,
    0.75,
    0.6666666666666666,
    0.6666666666666666,
    0.5833333333333334,
    0.5,
    0.4166666666666667,
    0.3333333333333333,
    0.25,
    0.16666666666666666,
    0.08333333333333333,
    0.0
  ],
  "thresholds": [
    0.004465648904442787,
    0.004789913538843393,
    0.005634102504700422,
    0.005889976862818003,
    0.006665223743766546,
    0.007469921838492155,
    0.008403952233493328,
    0.00857536867260933,
    0.008967799134552479,
    0.009984136559069157,
    0.010120527818799019,
    0.010197732597589493,
    0.010243921540677547,
    0.010795999318361282,
    0.010879280045628548,
    0.010990731418132782,
    0.012749011628329754,
    0.013013665564358234,
    0.01309935748577118,
    0.014196449890732765,
    0.014889386482536793,
    0.016057178378105164,
    0.01846419647336006,
    0.0193517804145813,
    0.020790167152881622,
    0.022094542160630226,
    0.024357812479138374,
    0.024552300572395325,
    0.025502199307084084,
    0.025733694434165955,
    0.028254078701138496,
    0.02937144972383976,
    0.02941933088004589,
    0.030599091202020645,
    0.03507075086236,
    0.036088619381189346,
    0.03657609596848488,
    0.03922433406114578,
    0.03945537656545639,
    0.0459604375064373,
    0.04750611633062363,
    0.04966302216053009,
    0.0505252406001091,
    0.051427245140075684,
    0.05524010583758354,
    0.05536263808608055,
    0.07337326556444168,
    0.07565423846244812,
    0.07913410663604736,
    0.08333626389503479,
    0.08421420305967331,
    0.08476059138774872,
    0.09204099327325821,
    0.1131419688463211,
    0.1334410309791565,
    0.1453542709350586,
    0.14751310646533966,
    0.19591538608074188,
    0.20935854315757751,
    0.21123959124088287,
    0.21455807983875275,
    0.22378620505332947,
    0.26158446073532104,
    0.2750193476676941,
    0.40066424012184143,
    0.5009784698486328,
    0.5177635550498962,
    0.5636159777641296,
    0.7591349482536316,
    0.8299984335899353,
    0.9559969902038574,
    0.9712391495704651,
    0.9965388774871826,
    0.9985994696617126,
    0.9990703463554382
  ]
}