{
  "y_true": [
    0,
    0,
    0,
    0,
    0,
    0,
    0,
    0,
    0,
    0,
    0,
    0,
    0,
    0,
    0,
    0,
    0,
    0,
    0,
    0,
    0,
    0,
    0,
    0,
    0,
    0,
    0,
    0,
    0,
    0,
    0,
    0,
    0,
    0,
    0,
    0,
    0,
    0,
    0,
    0,
    0,
    0,
    0,
    0,
    0,
    0,
    0,
    0,
    0,
    0,
    0,
    0,
    0,
    0,
    0,
    0,
    0,
    0,
    0,
    0,
    0,
    0,
    0,
    1,
    1,
    1,
    1,
    1,
    1,
    1,
    1,
    1,
    1,
    1,
    1
  ],
  "y_pred": [
    0,
    0,
    0,
    0,
    0,
    0,
    0,
    0,
    0,
    0,
    0,
    0,
    0,
    0,
    0,
    0,
    0,
    0,
    0,
    0,
    0,
    0,
    0,
    0,
    0,
    0,
    0,
    0,
    0,
    0,
    0,
    0,
    0,
    0,
    0,
    0,
    0,
    0,
    0,
    0,
    0,
    0,
    0,
    0,
    0,
    0,
    0,
    0,
    0,
    0,
    0,
    0,
    0,
    0,
    0,
    0,
    0,
    0,
    0,
    0,
    0,
    0,
    0,
    1,
    1,
    1,
    1,
    1,
    1,
    0,
    0,
    0,
    0,
    1,
    1
  ],
  "y_prob": [
    0.09204099327325821,
    0.03922433406114578,
    0.40066424012184143,
    0.20935854315757751,
    0.5177635550498962,
    0.01846419647336006,
    0.006665223743766546,
    0.024357812479138374,
    0.08421420305967331,
    0.051427245140075684,
    0.0193517804145813,
    0.03507075086236,
    0.014889386482536793,
    0.010795999318361282,
    0.010243921540677547,
    0.009984136559069157,
    0.05536263808608055,
    0.14751310646533966,
    0.07337326556444168,
    0.030599091202020645,
    0.03945537656545639,
    0.013013665564358234,
    0.07565423846244812,
    0.010197732597589493,
    0.014196449890732765,
    0.025502199307084084,
    0.010879280045628548,
    0.0505252406001091,
    0.020790167152881622,
    0.010990731418132782,
    0.008403952233493328,
    0.022094542160630226,
    0.008967799134552479,
    0.22378620505332947,
    0.21123959124088287,
    0.19591538608074188,
    0.024552300572395325,
    0.21455807983875275,
    0.04966302216053009,
    0.0459604375064373,
    0.03657609596848488,
    0.025733694434165955,
    0.05524010583758354,
    0.2750193476676941,
    0.04750611633062363,
    0.036088619381189346,
    0.01309935748577118,
    0.005634102504700422,
    0.028254078701138496,
    0.00857536867260933,
    0.26158446073532104,
    0.004465648904442787,
    0.004789913538843393,
    0.02937144972383976,
    0.005889976862818003,
    0.012749011628329754,
    0.1131419688463211,
    0.08476059138774872,
    0.02941933088004589,
    0.010120527818799019,
    0.016057178378105164,
    0.007469921838492155,
    0.08333626389503479,
    0.9990703463554382,
    0.8299984335899353,
    0.9712391495704651,
    0.9965388774871826,
    0.9985994696617126,
    0.5636159777641296,
    0.1453542709350586,
    0.1334410309791565,
    0.5009784698486328,
    0.07913410663604736,
    0.7591349482536316,
    0.9559969902038574
  ]
}