{
  "confusion_matrix": {
    "tn": 57,
    "fp": 6,
    "fn": 4,
    "tp": 8
  },
  "confusion_matrix_normalized": {
    "tn": 0.9047619047619048,
    "fp": 0.09523809523809523,
    "fn": 0.3333333333333333,
    "tp": 0.6666666666666666
  }
}