{
  "accuracy": 0.8666666666666667,
  "balanced_accuracy": 0.7857142857142857,
  "precision": 0.5714285714285714,
  "recall": 0.6666666666666666,
  "f1": 0.6153846153846153,
  "roc_auc": 0.8492063492063491,
  "pr_auc": 0.6906952446336009,
  "class_distribution": {
    "0": 63,
    "1": 12
  },
  "per_class_precision_recall": {
    "class_0": {
      "precision": 0.9344262295081968,
      "recall": 0.9047619047619048
    },
    "class_1": {
      "precision": 0.5714285714285714,
      "recall": 0.6666666666666666
    }
  },
  "confusion_matrix": {
    "tn": 57,
    "fp": 6,
    "fn": 4,
    "tp": 8
  },
  "confusion_matrix_normalized": {
    "tn": 0.9047619047619048,
    "fp": 0.09523809523809523,
    "fn": 0.3333333333333333,
    "tp": 0.6666666666666666
  },
  "threshold": 0.5,
  "n_samples": 75,
  "mean_probability": 0.22493670880794525
}