{
  "train_loss": [
    1.0597820809909275,
    0.7583059522083827,
    0.5603272972788129,
    0.509477026292256,
    0.4272323027678898,
    0.369194119657789,
    0.34279657176562717,
    0.3022480382663863,
    0.3235013198852539,
    0.28451723405293056,
    0.24286807588168552,
    0.20370297517095293,
    0.17758163256304604,
    0.21384155230862753
  ],
  "val_loss": [
    1.002742675145467,
    0.6185435994466146,
    0.4332088772455851,
    0.38012701988220216,
    0.35251114050547283,
    0.3204939635594686,
    0.31896538734436036,
    0.31854754288991294,
    0.34223031997680664,
    0.3180247195561727,
    0.2750521119435628,
    0.25496674060821534,
    0.25307138601938883,
    0.30084390481313067
  ]
}