{
  "train_loss": [
    1.0199296205384392,
    0.7224772102492196,
    0.569492369549615,
    0.43985146386282786,
    0.3620561632088252,
    0.33285348466464454,
    0.33290678858757017,
    0.30388811469078064,
    0.21937625476292202,
    0.21196472491536822,
    0.24693060057503838,
    0.16038060754537584,
    0.1360695247564997,
    0.2024840543099812
  ],
  "val_loss": [
    0.9363054275512696,
    0.5549531332651774,
    0.4226906156539917,
    0.38597599665323895,
    0.35264198303222655,
    0.3482912047704061,
    0.2712228234608968,
    0.26255011399586997,
    0.28006380081176757,
    0.28911431153615313,
    0.2494027058283488,
    0.2299852927525838,
    0.20656527201334635,
    0.21264310995737712
  ]
}