{
  "train_loss": [
    1.05211181640625,
    0.7834645056724548,
    0.6544567741666522,
    0.5172644822938102,
    0.44342920414039066,
    0.3738850666795458,
    0.36287395562444413,
    0.3416243302822113,
    0.2885424394266946,
    0.30419451219694954,
    0.2302083147423608,
    0.18881286876542228,
    0.15183746142046792,
    0.21258914249283928
  ],
  "val_loss": [
    0.9687032477060954,
    0.6676445309321085,
    0.5242549578348795,
    0.43821981430053714,
    0.39343200365702313,
    0.36383439699808756,
    0.3141338046391805,
    0.2949095344543457,
    0.30208350976308185,
    0.3267598835627238,
    0.33267700831095376,
    0.2717433675130208,
    0.24344261487325033,
    0.29684617519378664
  ]
}