{
  "train_loss": [
    0.9642762766565596,
    0.6798483327456883,
    0.5384768782343183,
    0.42683717625481743,
    0.4262950427191598,
    0.38700965234211515,
    0.28604367537157876,
    0.30417328221457346,
    0.2838187210900443,
    0.236142629470144,
    0.20927985770361765,
    0.16903352384056364,
    0.1971030328954969,
    0.1463953215948173
  ],
  "val_loss": [
    0.8765501085917154,
    0.5559849850336711,
    0.43830488522847494,
    0.39662665685017906,
    0.3638397773106893,
    0.3470477596918742,
    0.30775945822397865,
    0.31573519865671795,
    0.2938283363978068,
    0.2787274090449015,
    0.2912664794921875,
    0.296357905069987,
    0.24084150791168213,
    0.26907562573750815
  ]
}