{
  "train_loss": [
    1.0210197850636074,
    0.7317543097904751,
    0.6184411777768817,
    0.4973295395714896,
    0.41641128097261704,
    0.4020118478366307,
    0.34330389806202477,
    0.2354640977723258,
    0.3053143825701305,
    0.32204046745385445,
    0.27131909417254585,
    0.20426406979560852,
    0.18316898299115045,
    0.15225812733173372
  ],
  "val_loss": [
    0.9258818022410075,
    0.6096988177299499,
    0.49788818836212156,
    0.41883384545644126,
    0.38790884494781497,
    0.3518435494105021,
    0.3324252700805664,
    0.3344749593734741,
    0.3229935375849406,
    0.3595745515823364,
    0.3147835540771484,
    0.2965702835718791,
    0.32240655104319255,
    0.37743855158487954
  ]
}