{
  "train_loss": [
    0.9999914509909493,
    0.7090828517505101,
    0.5627348549025399,
    0.4602634404386793,
    0.4180328971999032,
    0.3152585009166173,
    0.34728942113263267,
    0.3315846598148346,
    0.2832776195662362,
    0.218854401579925,
    0.22286556575979505,
    0.17735836982727052,
    0.27416463562420434,
    0.13836105634059226
  ],
  "val_loss": [
    0.9461706193288167,
    0.6164679511388143,
    0.47217042922973634,
    0.3868457794189453,
    0.3496331024169922,
    0.32670882701873777,
    0.298339049021403,
    0.2699388345082601,
    0.2656427558263143,
    0.2589181931813558,
    0.26632086277008055,
    0.28375685373942056,
    0.32215306758880613,
    0.2637726386388143
  ]
}