{
  "train_loss": [
    1.0556819319725037,
    0.7395955848693848,
    0.5671335973058428,
    0.46713473320007326,
    0.3638418810708182,
    0.3541726451260703,
    0.2938368628706251,
    0.27050405212811063,
    0.257672666822161,
    0.20943394162825177,
    0.2268758910894394,
    0.2088317745072501,
    0.16400645055941174,
    0.15005806986774717
  ],
  "val_loss": [
    0.9733132457733155,
    0.6054561948776245,
    0.45384323755900063,
    0.37303582032521565,
    0.3487041203180949,
    0.3079980214436849,
    0.2947748549779256,
    0.3080946207046509,
    0.3128627602259318,
    0.32438859780629475,
    0.26333475748697915,
    0.24929158846537272,
    0.24146380583445232,
    0.23545565128326415
  ]
}