{
  "train_loss": [
    1.0211722152573721,
    0.7140933670316424,
    0.5500012612342835,
    0.44109468187604634,
    0.37940097374575477,
    0.36257591690335955,
    0.340178484916687,
    0.3167499522651945,
    0.31040633848735266,
    0.304529572554997,
    0.30216084837913515,
    0.32347297242709566,
    0.1925039746080126,
    0.15261972291128975
  ],
  "val_loss": [
    0.894984925587972,
    0.5827778577804565,
    0.4487290906906128,
    0.39147782961527505,
    0.39109850565592447,
    0.3745287497838338,
    0.3634801006317139,
    0.34962150891621907,
    0.3450196011861165,
    0.33835484663645427,
    0.37390153884887695,
    0.2552986478805542,
    0.2672330745061239,
    0.2183767302831014
  ]
}