{
  "train_loss": [
    1.0344591420037406,
    0.7333058769362314,
    0.5797930327483586,
    0.4452791772569929,
    0.40285440938813344,
    0.3505355535234724,
    0.32276946536132267,
    0.3240203699043819,
    0.2345624173113278,
    0.2968860931481634,
    0.2620039302962167,
    0.23809930290494646,
    0.17231206110545566,
    0.1916889088707311
  ],
  "val_loss": [
    0.9458507124582927,
    0.5779080549875896,
    0.4079613447189331,
    0.3505676571528117,
    0.3298455619812012,
    0.3036994377772013,
    0.27897964636484784,
    0.27564432462056476,
    0.26699775536855064,
    0.29989873568216957,
    0.2709211699167887,
    0.2523391437530518,
    0.2630040613810221,
    0.27176930745442707
  ]
}