{
  "train_loss": [
    0.9543358274868556,
    0.7006047420842307,
    0.5952451629298073,
    0.45457747527531217,
    0.43894327989646365,
    0.349805485861642,
    0.3315826507125582,
    0.26503377505711145,
    0.24853682279586792,
    0.298003864969526,
    0.2370861508165087,
    0.1893101062093462,
    0.22366414478846958,
    0.1636967007602964
  ],
  "val_loss": [
    0.841637191772461,
    0.5972241767247518,
    0.47619210720062255,
    0.3991046158472697,
    0.3769179646174113,
    0.3771220509211222,
    0.3357015879948934,
    0.34396480878194174,
    0.3448904037475586,
    0.33932670911153157,
    0.3046377611160278,
    0.29293469587961835,
    0.28402938683827716,
    0.28952527046203613
  ]
}