{
  "train_loss": [
    1.0633275188718523,
    0.7608713912963867,
    0.5977863672801427,
    0.49368649593421393,
    0.4207378499848502,
    0.342474816100938,
    0.32122874089649744,
    0.2948278522491455,
    0.29541599580219813,
    0.24704760670661927,
    0.2582727895464216,
    0.23343002080917358,
    0.19118556099278586,
    0.18646235502191952
  ],
  "val_loss": [
    0.9885314019521078,
    0.628179809252421,
    0.46422378222147626,
    0.39396488666534424,
    0.35947744210561117,
    0.34603192170461017,
    0.31566608587900796,
    0.2714603328704834,
    0.27892064571380615,
    0.27027018706003825,
    0.310474378267924,
    0.27697291374206545,
    0.23392355759938557,
    0.2269684664408366
  ]
}