{
  "train_loss": [
    1.0453008801596506,
    0.750778831754412,
    0.57411443063191,
    0.47601814235959733,
    0.4204007365022387,
    0.37695660727364677,
    0.31510746768542697,
    0.31758149138518743,
    0.3083726209827832,
    0.2639045710223062,
    0.21510367678744452,
    0.18777572103909085,
    0.19985203436442783,
    0.24049302471535547
  ],
  "val_loss": [
    0.9827637736002605,
    0.5988227605819703,
    0.43505012353261313,
    0.3774724880854289,
    0.35532119750976565,
    0.32411513487497967,
    0.3157656176884969,
    0.2996922461191813,
    0.283542308807373,
    0.2635440158843994,
    0.24893616358439127,
    0.22479990005493164,
    0.2483756971359253,
    0.23121182441711427
  ]
}