{
  "train_loss": [
    1.0037998941966466,
    0.7190218135288784,
    0.5534109262057713,
    0.4535306660618101,
    0.39562762566975185,
    0.35745476501328605,
    0.3606334640298571,
    0.41151636813368114,
    0.26731545320578987,
    0.28045290793691363,
    0.19846687972545624,
    0.1962007394858769,
    0.22687780891145978,
    0.15082527467182705
  ],
  "val_loss": [
    0.9383018557230631,
    0.559468347231547,
    0.4237925640741984,
    0.38056585788726804,
    0.3553796688715617,
    0.3496432383855184,
    0.3147330331802368,
    0.2903936497370402,
    0.2811642487843831,
    0.31902265071868896,
    0.28675019105275473,
    0.26856891632080077,
    0.3722037903467814,
    0.2913572120666504
  ]
}