{
  "train_loss": [
    1.0317008113861084,
    0.7081331648145404,
    0.5883560366289956,
    0.4468456326212202,
    0.45248179810387745,
    0.33893829856600083,
    0.3865051773616246,
    0.2953368410042354,
    0.3341318637132645,
    0.2616725644043514,
    0.19387600515569958,
    0.17422350134168352,
    0.22063411687101636,
    0.16358635987554276
  ],
  "val_loss": [
    0.9236544640858968,
    0.5759467220306397,
    0.448752080599467,
    0.38355167865753176,
    0.37925376097361246,
    0.3589817444483439,
    0.36809038162231444,
    0.3129432757695516,
    0.27815168221791586,
    0.29080092430114746,
    0.2510613123575846,
    0.20526410023371378,
    0.23814426898956298,
    0.25782123565673826
  ]
}