{
  "train_loss": [
    1.0594246768951416,
    0.7802725785119193,
    0.6115560443060739,
    0.47791481239455086,
    0.4351846092087882,
    0.381392936365945,
    0.3711384272575378,
    0.3261280907051904,
    0.28452827457870755,
    0.27800098546913693,
    0.268320666381291,
    0.20308667915207998,
    0.15457922399044036,
    0.16067251626934323
  ],
  "val_loss": [
    1.0017316182454428,
    0.6274885749816894,
    0.4593568229675293,
    0.38563857237497967,
    0.3579912074406942,
    0.3458835331598918,
    0.33847934563954674,
    0.28361468950907387,
    0.2654067118962606,
    0.28582608222961425,
    0.3114788627624512,
    0.28026569525400796,
    0.2432861312230428,
    0.2595709689458211
  ]
}