{
  "train_loss": [
    1.0208803824016026,
    0.7281612743650164,
    0.5782538328851973,
    0.45652644668306624,
    0.39346744162695746,
    0.33930345858846395,
    0.3292104522671018,
    0.31326137031827656,
    0.29803521411759515,
    0.23818114876747132,
    0.2085109111240932,
    0.19381148644856044,
    0.2133089158790452,
    0.17765648198979242
  ],
  "val_loss": [
    0.9454994010925293,
    0.6059167464574178,
    0.4450715430577596,
    0.3689984226226807,
    0.3538702710469564,
    0.3408969879150391,
    0.32825742244720457,
    0.2957671403884888,
    0.30475830078125,
    0.2711447525024414,
    0.25364742914835614,
    0.2996019681294759,
    0.2814565817515055,
    0.22286735693613688
  ]
}