{
  "train_loss": [
    0.9905166152545384,
    0.6977536412647792,
    0.5361250296660832,
    0.46610643199511936,
    0.33917150403772084,
    0.31996987964425766,
    0.3672766385759626,
    0.28848958279405323,
    0.3223187406999724,
    0.23673595496586392,
    0.19043220894677299,
    0.1808485972881317,
    0.19529624802725656,
    0.1523137845311846
  ],
  "val_loss": [
    0.9210150559743245,
    0.5721976407368978,
    0.4426528787612915,
    0.40229233900705974,
    0.36408315499623617,
    0.3500852282842,
    0.3458460601170858,
    0.3043497355779012,
    0.2829356829325358,
    0.2843261210123698,
    0.24083252588907877,
    0.19268160343170165,
    0.23672592957814534,
    0.1803546404838562
  ]
}