{
  "train_loss": [
    0.9432238040651594,
    0.6357621039663043,
    0.46689471755708967,
    0.3694571475471769,
    0.3323874787773405,
    0.25795972926276073,
    0.3204583820274898,
    0.22120245507785252,
    0.1861360832623073,
    0.14606406007494246,
    0.14133818187883923,
    0.09869013271161488,
    0.11034262729542596,
    0.05378878538097654
  ],
  "val_loss": [
    0.8447060775756836,
    0.4490912119547526,
    0.343786826133728,
    0.320078706741333,
    0.3144356075922648,
    0.2994531631469727,
    0.255620805422465,
    0.28384456316630047,
    0.2570303789774577,
    0.2554441022872925,
    0.24312027295430502,
    0.2550215196609497,
    0.3057291587193807,
    0.21914958794911701
  ]
}