{
  "train_loss": [
    0.9596843664986746,
    0.6796728726795741,
    0.5615266360555377,
    0.44958484879561833,
    0.46213623864310127,
    0.3793214614902224,
    0.374000192795481,
    0.298210295694215,
    0.319186943088259,
    0.2537990966439247,
    0.26495447788919724,
    0.21500747195311956,
    0.20799813849585397,
    0.21121825026614324
  ],
  "val_loss": [
    0.8869028949737549,
    0.5344087807337443,
    0.42550120035807293,
    0.39554484526316325,
    0.38290600458780927,
    0.36185359477996826,
    0.3445618502298991,
    0.3126094436645508,
    0.29201797167460125,
    0.34159061431884763,
    0.3061699899037679,
    0.2708716344833374,
    0.29396787484486897,
    0.3292850462595622
  ]
}