{
  "train_loss": [
    1.0803072908946445,
    0.826529745715005,
    0.6220743858814239,
    0.5003235507011413,
    0.4210282669748579,
    0.3715425308261599,
    0.37597825969968524,
    0.29986028824533734,
    0.25736801615783145,
    0.22836885843958174,
    0.20832401863166264,
    0.1939843383857182,
    0.18058901427047594,
    0.15748854173081261
  ],
  "val_loss": [
    1.0223509311676025,
    0.6454984855651855,
    0.45800328254699707,
    0.37138987382253014,
    0.33614399592081706,
    0.3051567109425863,
    0.30831026554107666,
    0.2894127448399862,
    0.2618523550033569,
    0.25315342903137206,
    0.24501978238423666,
    0.27361844698588056,
    0.24346545855204263,
    0.2258631690343221
  ]
}