{
  "train_loss": [
    1.0550595317568099,
    0.7569363365854536,
    0.5915217089653015,
    0.45946475897516525,
    0.3827308416366577,
    0.39769668340682984,
    0.3420490901810782,
    0.3124739520890372,
    0.2766543621676309,
    0.26774921723774503,
    0.2869101422173636,
    0.1917063894867897,
    0.2182534190586635,
    0.1886996095095362
  ],
  "val_loss": [
    0.987497517267863,
    0.638459989229838,
    0.47001031080881756,
    0.4038458315531413,
    0.38492667516072593,
    0.3632233190536499,
    0.33683693726857505,
    0.33242570718129477,
    0.32572065194447836,
    0.2800086609522502,
    0.2742894760767619,
    0.25577444553375245,
    0.2858548323313395,
    0.25834309260050453
  ]
}