{
  "confusion_matrix": {
    "tn": 61,
    "fp": 2,
    "fn": 4,
    "tp": 8
  },
  "confusion_matrix_normalized": {
    "tn": 0.9682539682539683,
    "fp": 0.031746031746031744,
    "fn": 0.3333333333333333,
    "tp": 0.6666666666666666
  }
}