{
  "accuracy": 0.92,
  "balanced_accuracy": 0.8174603174603174,
  "precision": 0.8,
  "recall": 0.6666666666666666,
  "f1": 0.7272727272727272,
  "roc_auc": 0.8935185185185185,
  "pr_auc": 0.8207107824578502,
  "class_distribution": {
    "0": 63,
    "1": 12
  },
  "per_class_precision_recall": {
    "class_0": {
      "precision": 0.9384615384615385,
      "recall": 0.9682539682539683
    },
    "class_1": {
      "precision": 0.8,
      "recall": 0.6666666666666666
    }
  },
  "confusion_matrix": {
    "tn": 61,
    "fp": 2,
    "fn": 4,
    "tp": 8
  },
  "confusion_matrix_normalized": {
    "tn": 0.9682539682539683,
    "fp": 0.031746031746031744,
    "fn": 0.3333333333333333,
    "tp": 0.6666666666666666
  },
  "threshold": 0.3,
  "n_samples": 75,
  "mean_probability": 0.11720000207424164,
  "pr_curve": {
    "precision": [
      0.16,
      0.17391304347826086,
      0.18032786885245902,
      0.19642857142857142,
      0.21568627450980393,
      0.2391304347826087,
      0.2619047619047619,
      0.28205128205128205,
      0.2972972972972973,
      0.3142857142857143,
      0.3235294117647059,
      0.36666666666666664,
      0.3793103448275862,
      0.37037037037037035,
      0.38461538461538464,
      0.4,
      0.4166666666666667,
      0.43478260869565216,
      0.45454545454545453,
      0.47619047619047616,
      0.5555555555555556,
      0.5882352941176471,
      0.6,
      0.6428571428571429,
      0.6923076923076923,
      0.75,
      0.8181818181818182,
      0.8,
      0.8888888888888888,
      0.875,
      1.0,
      1.0,
      1.0,
      1.0,
      1.0,
      1.0,
      1.0,
      1.0
    ],
    "recall": [
      1.0,
      1.0,
      0.9166666666666666,
      0.9166666666666666,
      0.9166666666666666,
      0.9166666666666666,
      0.9166666666666666,
      0.9166666666666666,
      0.9166666666666666,
      0.9166666666666666,
      0.9166666666666666,
      0.9166666666666666,
      0.9166666666666666,
      0.8333333333333334,
      0.8333333333333334,
      0.8333333333333334,
      0.8333333333333334,
      0.8333333333333334,
      0.8333333333333334,
      0.8333333333333334,
      0.8333333333333334,
      0.8333333333333334,
      0.75,
      0.75,
      0.75,
      0.75,
      0.75,
      0.6666666666666666,
      0.6666666666666666,
      0.5833333333333334,
      0.5833333333333334,
      0.5,
      0.4166666666666667,
      0.3333333333333333,
      0.25,
      0.16666666666666666,
      0.08333333333333333,
      0.0
    ],
    "thresholds": [
      0.0,
      0.004999999888241291,
      0.009999999776482582,
      0.014999999664723873,
      0.019999999552965164,
      0.02500000037252903,
      0.03500000014901161,
      0.03999999910593033,
      0.04500000178813934,
      0.05000000074505806,
      0.054999999701976776,
      0.06499999761581421,
      0.07500000298023224,
      0.10000000149011612,
      0.11999999731779099,
      0.13500000536441803,
      0.14000000059604645,
      0.1550000011920929,
      0.1599999964237213,
      0.16500000655651093,
      0.17499999701976776,
      0.1899999976158142,
      0.20000000298023224,
      0.22499999403953552,
      0.23499999940395355,
      0.24500000476837158,
      0.2800000011920929,
      0.3149999976158142,
      0.3199999928474426,
      0.33000001311302185,
      0.33500000834465027,
      0.36500000953674316,
      0.44999998807907104,
      0.46000000834465027,
      0.5600000023841858,
      0.6299999952316284,
      0.8550000190734863
    ]
  }
}