{
  "confusion_matrix": {
    "tn": 62,
    "fp": 1,
    "fn": 12,
    "tp": 0
  },
  "confusion_matrix_normalized": {
    "tn": 0.9841269841269841,
    "fp": 0.015873015873015872,
    "fn": 1.0,
    "tp": 0.0
  }
}