{
  "precision": [
    0.16,
    0.16216216216216217,
    0.1643835616438356,
    0.16666666666666666,
    0.16901408450704225,
    0.17142857142857143,
    0.17391304347826086,
    0.17647058823529413,
    0.1791044776119403,
    0.18181818181818182,
    0.18461538461538463,
    0.1875,
    0.19047619047619047,
    0.1935483870967742,
    0.19672131147540983,
    0.2,
    0.2033898305084746,
    0.20689655172413793,
    0.21052631578947367,
    0.21428571428571427,
    0.21818181818181817,
    0.2222222222222222,
    0.22641509433962265,
    0.23076923076923078,
    0.23529411764705882,
    0.24,
    0.24489795918367346,
    0.25,
    0.2553191489361702,
    0.2608695652173913,
    0.26666666666666666,
    0.2727272727272727,
    0.27906976744186046,
    0.2619047619047619,
    0.2682926829268293,
    0.275,
    0.28205128205128205,
    0.2631578947368421,
    0.2702702702702703,
    0.2777777777777778,
    0.2857142857142857,
    0.29411764705882354,
    0.30303030303030304,
    0.3125,
    0.3225806451612903,
    0.3333333333333333,
    0.3448275862068966,
    0.32142857142857145,
    0.3333333333333333,
    0.34615384615384615,
    0.32,
    0.3333333333333333,
    0.34782608695652173,
    0.36363636363636365,
    0.38095238095238093,
    0.35,
    0.3157894736842105,
    0.3333333333333333,
    0.35294117647058826,
    0.375,
    0.4,
    0.42857142857142855,
    0.46153846153846156,
    0.4166666666666667,
    0.45454545454545453,
    0.5,
    0.5555555555555556,
    0.625,
    0.5714285714285714,
    0.6666666666666666,
    0.6,
    0.75,
    0.6666666666666666,
    0.5,
    0.0,
    1.0
  ],
  "recall": [
    1.0,
    1.0,
    1.0,
    1.0,
    1.0,
    1.0,
    1.0,
    1.0,
    1.0,
    1.0,
    1.0,
    1.0,
    1.0,
    1.0,
    1.0,
    1.0,
    1.0,
    1.0,
    1.0,
    1.0,
    1.0,
    1.0,
    1.0,
    1.0,
    1.0,
    1.0,
    1.0,
    1.0,
    1.0,
    1.0,
    1.0,
    1.0,
    1.0,
    0.9166666666666666,
    0.9166666666666666,
    0.9166666666666666,
    0.9166666666666666,
    0.8333333333333334,
    0.8333333333333334,
    0.8333333333333334,
    0.8333333333333334,
    0.8333333333333334,
    0.8333333333333334,
    0.8333333333333334,
    0.8333333333333334,
    0.8333333333333334,
    0.8333333333333334,
    0.75,
    0.75,
    0.75,
    0.6666666666666666,
    0.6666666666666666,
    0.6666666666666666,
    0.6666666666666666,
    0.6666666666666666,
    0.5833333333333334,
    0.5,
    0.5,
    0.5,
    0.5,
    0.5,
    0.5,
    0.5,
    0.4166666666666667,
    0.4166666666666667,
    0.4166666666666667,
    0.4166666666666667,
    0.4166666666666667,
    0.3333333333333333,
    0.3333333333333333,
    0.25,
    0.25,
    0.16666666666666666,
    0.08333333333333333,
    0.0,
    0.0
  ],
  "thresholds": [
    1.8311649532852872e-14,
    2.2469219274892302e-14,
    3.8126342089949555e-14,
    4.8047056242471464e-14,
    1.0220044076433496e-13,
    1.0238383356181088e-13,
    1.1655550114474111e-13,
    1.5736996666730618e-13,
    1.7559369756836585e-13,
    2.5999918906206843e-13,
    4.664074573605681e-13,
    5.964281802814386e-13,
    1.437452804356476e-12,
    1.489472174071027e-12,
    1.8149735186989702e-12,
    2.4835678218843027e-12,
    3.860023412016744e-12,
    5.953464717739498e-12,
    7.344511283868815e-12,
    1.986951748966792e-11,
    2.3528946152540087e-11,
    2.934391271636194e-11,
    3.013010327346244e-11,
    4.010562021372621e-11,
    4.6537801390300615e-11,
    5.939108926877879e-11,
    8.195900208507467e-11,
    8.306821203118986e-11,
    1.0591322263664438e-10,
    1.5318440960143676e-10,
    1.6182276352250113e-10,
    1.6341579478496016e-10,
    3.3549937827892506e-10,
    1.3770684592628868e-09,
    1.6092193133587784e-09,
    2.4459676506438655e-09,
    3.477661270068211e-09,
    3.858800390332817e-09,
    4.178649426478387e-09,
    5.238661948681056e-09,
    7.257586087661139e-09,
    1.866663978944416e-08,
    2.074046356881354e-08,
    2.1762243562761796e-08,
    3.329992992462394e-08,
    3.70520929493523e-08,
    3.922029279124217e-08,
    5.793012292087951e-08,
    6.042087363766768e-08,
    7.068579321867219e-08,
    9.545107815256415e-08,
    1.4545115334385628e-07,
    1.6125898127938854e-07,
    1.75361932974738e-07,
    2.539467516271543e-07,
    4.0135338963409595e-07,
    4.789253580383956e-07,
    8.294347253468004e-07,
    8.876363608578686e-07,
    1.0822241165442392e-06,
    1.201715008392057e-06,
    2.934071289928397e-06,
    5.618472641799599e-06,
    6.8485996962408535e-06,
    1.3722921721637249e-05,
    1.6058686014730483e-05,
    3.253959948779084e-05,
    0.0007411512196995318,
    0.0032903857063502073,
    0.009510166011750698,
    0.01834578812122345,
    0.0339987576007843,
    0.057760220021009445,
    0.18898046016693115,
    0.5937485694885254
  ]
}