{
  "y_true": [
    0,
    0,
    0,
    0,
    0,
    0,
    0,
    0,
    0,
    0,
    0,
    0,
    0,
    0,
    0,
    0,
    0,
    0,
    0,
    0,
    0,
    0,
    0,
    0,
    0,
    0,
    0,
    0,
    0,
    0,
    0,
    0,
    0,
    0,
    0,
    0,
    0,
    0,
    0,
    0,
    0,
    0,
    0,
    0,
    0,
    0,
    0,
    0,
    0,
    0,
    0,
    0,
    0,
    0,
    0,
    0,
    0,
    0,
    0,
    0,
    0,
    0,
    0,
    1,
    1,
    1,
    1,
    1,
    1,
    1,
    1,
    1,
    1,
    1,
    1
  ],
  "y_pred": [
    0,
    0,
    0,
    0,
    0,
    0,
    0,
    0,
    0,
    0,
    0,
    0,
    0,
    0,
    0,
    0,
    0,
    0,
    0,
    0,
    0,
    0,
    0,
    0,
    0,
    0,
    0,
    0,
    0,
    0,
    0,
    0,
    0,
    0,
    0,
    1,
    0,
    0,
    0,
    0,
    0,
    0,
    0,
    0,
    0,
    0,
    0,
    0,
    0,
    0,
    0,
    0,
    0,
    0,
    0,
    0,
    0,
    0,
    0,
    0,
    0,
    0,
    0,
    0,
    0,
    0,
    0,
    0,
    0,
    0,
    0,
    0,
    0,
    0,
    0
  ],
  "y_prob": [
    1.866663978944416e-08,
    3.253959948779084e-05,
    1.6125898127938854e-07,
    1.3722921721637249e-05,
    1.6058686014730483e-05,
    1.75361932974738e-07,
    4.8047056242471464e-14,
    1.201715008392057e-06,
    6.8485996962408535e-06,
    1.0822241165442392e-06,
    8.294347253468004e-07,
    2.934391271636194e-11,
    2.2469219274892302e-14,
    3.70520929493523e-08,
    2.4459676506438655e-09,
    2.074046356881354e-08,
    1.489472174071027e-12,
    0.01834578812122345,
    3.860023412016744e-12,
    1.8149735186989702e-12,
    4.6537801390300615e-11,
    3.858800390332817e-09,
    3.329992992462394e-08,
    4.178649426478387e-09,
    1.7559369756836585e-13,
    1.437452804356476e-12,
    2.3528946152540087e-11,
    8.306821203118986e-11,
    1.0591322263664438e-10,
    1.0220044076433496e-13,
    4.664074573605681e-13,
    2.4835678218843027e-12,
    1.0238383356181088e-13,
    4.789253580383956e-07,
    4.010562021372621e-11,
    0.5937485694885254,
    2.934071289928397e-06,
    5.964281802814386e-13,
    8.876363608578686e-07,
    1.6092193133587784e-09,
    6.042087363766768e-08,
    8.195900208507467e-11,
    1.6341579478496016e-10,
    0.0032903857063502073,
    5.953464717739498e-12,
    1.1655550114474111e-13,
    7.257586087661139e-09,
    1.5736996666730618e-13,
    9.545107815256415e-08,
    1.5318440960143676e-10,
    1.4545115334385628e-07,
    2.5999918906206843e-13,
    3.8126342089949555e-14,
    3.013010327346244e-11,
    1.986951748966792e-11,
    1.8311649532852872e-14,
    5.793012292087951e-08,
    1.6182276352250113e-10,
    2.1762243562761796e-08,
    7.344511283868815e-12,
    1.3770684592628868e-09,
    5.939108926877879e-11,
    5.238661948681056e-09,
    0.18898046016693115,
    0.0007411512196995318,
    0.0339987576007843,
    4.0135338963409595e-07,
    0.057760220021009445,
    3.477661270068211e-09,
    3.3549937827892506e-10,
    2.539467516271543e-07,
    7.068579321867219e-08,
    3.922029279124217e-08,
    0.009510166011750698,
    5.618472641799599e-06
  ]
}