{
  "precision": [
    0.16,
    0.16216216216216217,
    0.1643835616438356,
    0.16666666666666666,
    0.16901408450704225,
    0.17142857142857143,
    0.17391304347826086,
    0.17647058823529413,
    0.1791044776119403,
    0.18181818181818182,
    0.18461538461538463,
    0.1875,
    0.19047619047619047,
    0.1935483870967742,
    0.19672131147540983,
    0.2,
    0.2033898305084746,
    0.20689655172413793,
    0.21052631578947367,
    0.21428571428571427,
    0.21818181818181817,
    0.2222222222222222,
    0.22641509433962265,
    0.23076923076923078,
    0.23529411764705882,
    0.24,
    0.24489795918367346,
    0.25,
    0.2553191489361702,
    0.2608695652173913,
    0.26666666666666666,
    0.2727272727272727,
    0.27906976744186046,
    0.2857142857142857,
    0.2926829268292683,
    0.3,
    0.3076923076923077,
    0.3157894736842105,
    0.32432432432432434,
    0.3333333333333333,
    0.34285714285714286,
    0.35294117647058826,
    0.36363636363636365,
    0.375,
    0.3870967741935484,
    0.4,
    0.41379310344827586,
    0.42857142857142855,
    0.4444444444444444,
    0.46153846153846156,
    0.48,
    0.5,
    0.5217391304347826,
    0.5454545454545454,
    0.5714285714285714,
    0.55,
    0.5789473684210527,
    0.6111111111111112,
    0.6470588235294118,
    0.625,
    0.6666666666666666,
    0.7142857142857143,
    0.6923076923076923,
    0.75,
    0.8181818181818182,
    0.8,
    0.8888888888888888,
    0.875,
    1.0,
    1.0,
    1.0,
    1.0,
    1.0,
    1.0,
    1.0,
    1.0
  ],
  "recall": [
    1.0,
    1.0,
    1.0,
    1.0,
    1.0,
    1.0,
    1.0,
    1.0,
    1.0,
    1.0,
    1.0,
    1.0,
    1.0,
    1.0,
    1.0,
    1.0,
    1.0,
    1.0,
    1.0,
    1.0,
    1.0,
    1.0,
    1.0,
    1.0,
    1.0,
    1.0,
    1.0,
    1.0,
    1.0,
    1.0,
    1.0,
    1.0,
    1.0,
    1.0,
    1.0,
    1.0,
    1.0,
    1.0,
    1.0,
    1.0,
    1.0,
    1.0,
    1.0,
    1.0,
    1.0,
    1.0,
    1.0,
    1.0,
    1.0,
    1.0,
    1.0,
    1.0,
    1.0,
    1.0,
    1.0,
    0.9166666666666666,
    0.9166666666666666,
    0.9166666666666666,
    0.9166666666666666,
    0.8333333333333334,
    0.8333333333333334,
    0.8333333333333334,
    0.75,
    0.75,
    0.75,
    0.6666666666666666,
    0.6666666666666666,
    0.5833333333333334,
    0.5833333333333334,
    0.5,
    0.4166666666666667,
    0.3333333333333333,
    0.25,
    0.16666666666666666,
    0.08333333333333333,
    0.0
  ],
  "thresholds": [
    0.0019000736065208912,
    0.002268696902319789,
    0.002944688079878688,
    0.0035142023116350174,
    0.003859546734020114,
    0.004818934481590986,
    0.004875456914305687,
    0.004959877114742994,
    0.005230245180428028,
    0.005317034665495157,
    0.005935304332524538,
    0.006197807844728231,
    0.006522440817207098,
    0.006700720172375441,
    0.006750831846147776,
    0.007514200173318386,
    0.007698618806898594,
    0.009269975125789642,
    0.00958038866519928,
    0.010624841786921024,
    0.010771547444164753,
    0.010780874639749527,
    0.011004511266946793,
    0.011136014014482498,
    0.011759253218770027,
    0.013251484371721745,
    0.016280071809887886,
    0.016443531960248947,
    0.01700039580464363,
    0.01789972372353077,
    0.01861269399523735,
    0.019334983080625534,
    0.01952516660094261,
    0.020427662879228592,
    0.02116668038070202,
    0.022921092808246613,
    0.02300638146698475,
    0.024539107456803322,
    0.02477031573653221,
    0.028736058622598648,
    0.02990337647497654,
    0.031145527958869934,
    0.035043299198150635,
    0.040859244763851166,
    0.0416669063270092,
    0.0424344427883625,
    0.04401160031557083,
    0.0471828393638134,
    0.0484401099383831,
    0.051070891320705414,
    0.05265345796942711,
    0.05464877933263779,
    0.05997030436992645,
    0.06200730428099632,
    0.06581562757492065,
    0.07063094526529312,
    0.09299883991479874,
    0.11963891983032227,
    0.11987125873565674,
    0.13208620250225067,
    0.14209790527820587,
    0.18756429851055145,
    0.21797968447208405,
    0.23320744931697845,
    0.24857842922210693,
    0.2663547098636627,
    0.547613799571991,
    0.6316238045692444,
    0.8167775869369507,
    0.8722500801086426,
    0.897112250328064,
    0.9758129119873047,
    0.9896231293678284,
    0.9908131957054138,
    0.9968532919883728
  ]
}