{
  "y_true": [
    0,
    0,
    0,
    0,
    0,
    0,
    0,
    0,
    0,
    0,
    0,
    0,
    0,
    0,
    0,
    0,
    0,
    0,
    0,
    0,
    0,
    0,
    0,
    0,
    0,
    0,
    0,
    0,
    0,
    0,
    0,
    0,
    0,
    0,
    0,
    0,
    0,
    0,
    0,
    0,
    0,
    0,
    0,
    0,
    0,
    0,
    0,
    0,
    0,
    0,
    0,
    0,
    0,
    0,
    0,
    0,
    0,
    0,
    0,
    0,
    0,
    0,
    0,
    1,
    1,
    1,
    1,
    1,
    1,
    1,
    1,
    1,
    1,
    1,
    1
  ],
  "y_pred": [
    0,
    0,
    0,
    0,
    1,
    0,
    0,
    0,
    0,
    0,
    0,
    0,
    0,
    0,
    0,
    0,
    0,
    0,
    0,
    0,
    0,
    0,
    0,
    0,
    0,
    0,
    0,
    0,
    0,
    0,
    0,
    0,
    0,
    0,
    0,
    0,
    0,
    0,
    0,
    0,
    0,
    0,
    0,
    0,
    0,
    0,
    0,
    0,
    0,
    0,
    0,
    0,
    0,
    0,
    0,
    0,
    0,
    0,
    0,
    0,
    0,
    0,
    0,
    1,
    1,
    1,
    1,
    1,
    0,
    0,
    0,
    1,
    0,
    1,
    1
  ],
  "y_prob": [
    0.020427662879228592,
    0.031145527958869934,
    0.05265345796942711,
    0.06200730428099632,
    0.6316238045692444,
    0.006197807844728231,
    0.004818934481590986,
    0.0416669063270092,
    0.0484401099383831,
    0.05464877933263779,
    0.02477031573653221,
    0.011759253218770027,
    0.005317034665495157,
    0.006700720172375441,
    0.019334983080625534,
    0.011136014014482498,
    0.04401160031557083,
    0.11963891983032227,
    0.0424344427883625,
    0.024539107456803322,
    0.02300638146698475,
    0.010771547444164753,
    0.0471828393638134,
    0.006522440817207098,
    0.005230245180428028,
    0.01861269399523735,
    0.006750831846147776,
    0.051070891320705414,
    0.016443531960248947,
    0.013251484371721745,
    0.002268696902319789,
    0.01789972372353077,
    0.00958038866519928,
    0.23320744931697845,
    0.05997030436992645,
    0.13208620250225067,
    0.010624841786921024,
    0.21797968447208405,
    0.040859244763851166,
    0.01952516660094261,
    0.016280071809887886,
    0.028736058622598648,
    0.007514200173318386,
    0.2663547098636627,
    0.010780874639749527,
    0.01700039580464363,
    0.011004511266946793,
    0.0035142023116350174,
    0.02116668038070202,
    0.007698618806898594,
    0.14209790527820587,
    0.002944688079878688,
    0.005935304332524538,
    0.022921092808246613,
    0.0019000736065208912,
    0.004875456914305687,
    0.07063094526529312,
    0.035043299198150635,
    0.02990337647497654,
    0.003859546734020114,
    0.009269975125789642,
    0.004959877114742994,
    0.09299883991479874,
    0.9968532919883728,
    0.8167775869369507,
    0.897112250328064,
    0.9908131957054138,
    0.9896231293678284,
    0.24857842922210693,
    0.11987125873565674,
    0.18756429851055145,
    0.547613799571991,
    0.06581562757492065,
    0.8722500801086426,
    0.9758129119873047
  ]
}