{
  "precision": [
    0.16,
    0.16216216216216217,
    0.1643835616438356,
    0.16666666666666666,
    0.16901408450704225,
    0.17142857142857143,
    0.17391304347826086,
    0.17647058823529413,
    0.1791044776119403,
    0.18181818181818182,
    0.18461538461538463,
    0.1875,
    0.19047619047619047,
    0.1935483870967742,
    0.19672131147540983,
    0.2,
    0.2033898305084746,
    0.20689655172413793,
    0.21052631578947367,
    0.21428571428571427,
    0.21818181818181817,
    0.2222222222222222,
    0.22641509433962265,
    0.23076923076923078,
    0.23529411764705882,
    0.24,
    0.24489795918367346,
    0.25,
    0.2553191489361702,
    0.2608695652173913,
    0.26666666666666666,
    0.2727272727272727,
    0.27906976744186046,
    0.2857142857142857,
    0.2926829268292683,
    0.3,
    0.3076923076923077,
    0.3157894736842105,
    0.32432432432432434,
    0.3333333333333333,
    0.34285714285714286,
    0.35294117647058826,
    0.36363636363636365,
    0.375,
    0.3870967741935484,
    0.4,
    0.41379310344827586,
    0.42857142857142855,
    0.4444444444444444,
    0.46153846153846156,
    0.48,
    0.5,
    0.5217391304347826,
    0.5454545454545454,
    0.5238095238095238,
    0.55,
    0.5263157894736842,
    0.5555555555555556,
    0.5882352941176471,
    0.5625,
    0.6,
    0.6428571428571429,
    0.6923076923076923,
    0.75,
    0.8181818181818182,
    0.8,
    0.8888888888888888,
    0.875,
    1.0,
    1.0,
    1.0,
    1.0,
    1.0,
    1.0,
    1.0,
    1.0
  ],
  "recall": [
    1.0,
    1.0,
    1.0,
    1.0,
    1.0,
    1.0,
    1.0,
    1.0,
    1.0,
    1.0,
    1.0,
    1.0,
    1.0,
    1.0,
    1.0,
    1.0,
    1.0,
    1.0,
    1.0,
    1.0,
    1.0,
    1.0,
    1.0,
    1.0,
    1.0,
    1.0,
    1.0,
    1.0,
    1.0,
    1.0,
    1.0,
    1.0,
    1.0,
    1.0,
    1.0,
    1.0,
    1.0,
    1.0,
    1.0,
    1.0,
    1.0,
    1.0,
    1.0,
    1.0,
    1.0,
    1.0,
    1.0,
    1.0,
    1.0,
    1.0,
    1.0,
    1.0,
    1.0,
    1.0,
    0.9166666666666666,
    0.9166666666666666,
    0.8333333333333334,
    0.8333333333333334,
    0.8333333333333334,
    0.75,
    0.75,
    0.75,
    0.75,
    0.75,
    0.75,
    0.6666666666666666,
    0.6666666666666666,
    0.5833333333333334,
    0.5833333333333334,
    0.5,
    0.4166666666666667,
    0.3333333333333333,
    0.25,
    0.16666666666666666,
    0.08333333333333333,
    0.0
  ],
  "thresholds": [
    0.0022710065823048353,
    0.0024051940999925137,
    0.002543981885537505,
    0.003640890819951892,
    0.004417822230607271,
    0.005091193597763777,
    0.005456362385302782,
    0.005792105104774237,
    0.006084779277443886,
    0.0067872763611376286,
    0.0069363778457045555,
    0.0076653375290334225,
    0.0077129993587732315,
    0.008550546132028103,
    0.009217780083417892,
    0.009484171867370605,
    0.009801131673157215,
    0.009888647124171257,
    0.009941749274730682,
    0.010059147141873837,
    0.011667545884847641,
    0.013044840656220913,
    0.014427361078560352,
    0.014904165640473366,
    0.014928773045539856,
    0.01602785475552082,
    0.016050776466727257,
    0.01634526439011097,
    0.016354544088244438,
    0.016663946211338043,
    0.017876168712973595,
    0.021477390080690384,
    0.021907025948166847,
    0.026101313531398773,
    0.02621656283736229,
    0.027923427522182465,
    0.02870585024356842,
    0.03190627694129944,
    0.03380389139056206,
    0.034141942858695984,
    0.03442257642745972,
    0.03814985603094101,
    0.040205128490924835,
    0.0412653386592865,
    0.04553380608558655,
    0.04566965624690056,
    0.05321258306503296,
    0.055374957621097565,
    0.06785629689693451,
    0.07809193432331085,
    0.07904165238142014,
    0.0847378671169281,
    0.09807392209768295,
    0.10563120245933533,
    0.11223632842302322,
    0.12449789047241211,
    0.13746695220470428,
    0.13800616562366486,
    0.1846572458744049,
    0.18480101227760315,
    0.20125550031661987,
    0.25447598099708557,
    0.2988298237323761,
    0.30844125151634216,
    0.36856502294540405,
    0.38926705718040466,
    0.5357884168624878,
    0.6137868762016296,
    0.8308454751968384,
    0.9232934713363647,
    0.9817226529121399,
    0.9823503494262695,
    0.9900938868522644,
    0.9921445250511169,
    0.9967185854911804
  ]
}