{
  "y_true": [
    0,
    0,
    0,
    0,
    0,
    0,
    0,
    0,
    0,
    0,
    0,
    0,
    0,
    0,
    0,
    0,
    0,
    0,
    0,
    0,
    0,
    0,
    0,
    0,
    0,
    0,
    0,
    0,
    0,
    0,
    0,
    0,
    0,
    0,
    0,
    0,
    0,
    0,
    0,
    0,
    0,
    0,
    0,
    0,
    0,
    0,
    0,
    0,
    0,
    0,
    0,
    0,
    0,
    0,
    0,
    0,
    0,
    0,
    0,
    0,
    0,
    0,
    0,
    1,
    1,
    1,
    1,
    1,
    1,
    1,
    1,
    1,
    1,
    1,
    1
  ],
  "y_pred": [
    0,
    0,
    0,
    0,
    1,
    0,
    0,
    0,
    0,
    0,
    0,
    0,
    0,
    0,
    0,
    0,
    0,
    0,
    0,
    0,
    0,
    0,
    0,
    0,
    0,
    0,
    0,
    0,
    0,
    0,
    0,
    0,
    0,
    0,
    0,
    0,
    0,
    0,
    0,
    0,
    0,
    0,
    0,
    1,
    0,
    0,
    0,
    0,
    0,
    0,
    0,
    0,
    0,
    0,
    0,
    0,
    0,
    0,
    0,
    0,
    0,
    0,
    0,
    1,
    1,
    1,
    1,
    1,
    1,
    0,
    0,
    1,
    0,
    1,
    1
  ],
  "y_prob": [
    0.0847378671169281,
    0.040205128490924835,
    0.25447598099708557,
    0.055374957621097565,
    0.6137868762016296,
    0.0076653375290334225,
    0.0024051940999925137,
    0.03442257642745972,
    0.05321258306503296,
    0.034141942858695984,
    0.01634526439011097,
    0.013044840656220913,
    0.004417822230607271,
    0.0077129993587732315,
    0.016663946211338043,
    0.014928773045539856,
    0.04566965624690056,
    0.13746695220470428,
    0.03814985603094101,
    0.02621656283736229,
    0.04553380608558655,
    0.008550546132028103,
    0.03380389139056206,
    0.009801131673157215,
    0.0067872763611376286,
    0.016354544088244438,
    0.009484171867370605,
    0.07904165238142014,
    0.010059147141873837,
    0.009941749274730682,
    0.003640890819951892,
    0.016050776466727257,
    0.011667545884847641,
    0.2988298237323761,
    0.18480101227760315,
    0.11223632842302322,
    0.014904165640473366,
    0.20125550031661987,
    0.06785629689693451,
    0.021477390080690384,
    0.03190627694129944,
    0.07809193432331085,
    0.014427361078560352,
    0.38926705718040466,
    0.017876168712973595,
    0.027923427522182465,
    0.01602785475552082,
    0.005792105104774237,
    0.02870585024356842,
    0.005456362385302782,
    0.30844125151634216,
    0.002543981885537505,
    0.005091193597763777,
    0.021907025948166847,
    0.0022710065823048353,
    0.009217780083417892,
    0.13800616562366486,
    0.0412653386592865,
    0.026101313531398773,
    0.0069363778457045555,
    0.009888647124171257,
    0.006084779277443886,
    0.09807392209768295,
    0.9967185854911804,
    0.9232934713363647,
    0.9823503494262695,
    0.9900938868522644,
    0.9921445250511169,
    0.36856502294540405,
    0.10563120245933533,
    0.1846572458744049,
    0.5357884168624878,
    0.12449789047241211,
    0.8308454751968384,
    0.9817226529121399
  ]
}