{
  "confusion_matrix": {
    "tn": 54,
    "fp": 9,
    "fn": 0,
    "tp": 12
  },
  "confusion_matrix_normalized": {
    "tn": 0.8571428571428571,
    "fp": 0.14285714285714285,
    "fn": 0.0,
    "tp": 1.0
  }
}