model,seed,accuracy,balanced_accuracy,precision,recall,f1,roc_auc,pr_auc,params,runtime_seconds
transformer_light,42,0.9333333333333333,0.8591269841269842,0.8181818181818182,0.75,0.7826086956521738,0.9457671957671958,0.8771436896436898,73281,9.509034156799316
transformer_light,43,0.9333333333333333,0.8253968253968254,0.8888888888888888,0.6666666666666666,0.761904761904762,0.9735449735449735,0.890542328042328,73281,7.6002197265625
transformer_light,44,0.96,0.9087301587301587,0.9090909090909091,0.8333333333333334,0.8695652173913043,0.9907407407407407,0.9613095238095238,73281,7.086931943893433
transformer_light,45,0.9333333333333333,0.8591269841269842,0.8181818181818182,0.75,0.7826086956521738,0.9166666666666666,0.7887239328771588,73281,8.49568247795105
transformer_light,46,0.96,0.9087301587301587,0.9090909090909091,0.8333333333333334,0.8695652173913043,0.9907407407407407,0.9652777777777779,73281,6.0947182178497314
