split,metric_name,value
test,accuracy,0.935064935064935
test,precision,0.8181818174380164
test,recall,0.749999999375
test,f1,0.7826086899810963
test,ece,0.040694171151557525
test,brier,0.05380896106362343
