split,metric_name,value
test,accuracy,0.987012987012987
test,precision,0.999999999090909
test,recall,0.9166666659027777
test,f1,0.9565217333081286
test,ece,0.18886772642371719
test,brier,0.05946934223175049
