split,metric_name,value
test,accuracy,0.922077922077922
test,precision,0.6666666662962962
test,recall,0.9999999991666666
test,f1,0.7999999946666667
test,ece,0.2556361072249227
test,brier,0.0716637372970581
