model,accuracy,precision,recall,f1
transformer_v4,0.987012987012987,0.999999999090909,0.9166666659027777,0.9565217333081286
logistic_regression,0.987012987012987,0.9230769230769232,1.0,0.96
random_forest,0.935064935064935,1.0,0.5833333333333334,0.7368421052631579
lstm,0.948051948051948,1.0,0.6666666666666666,0.8
