model,accuracy,precision,recall,f1
transformer_v4,0.922077922077922,0.6666666662962962,0.9999999991666666,0.7999999946666667
logistic_regression,0.987012987012987,0.9230769230769232,1.0,0.96
random_forest,0.961038961038961,1.0,0.75,0.8571428571428571
lstm,0.974025974025974,1.0,0.8333333333333334,0.9090909090909092
