model,C,RP,P,A,TI
proposed,87.26,10.822325,41.753625,16.23645,0.864882
bayesian,79.325,61.749425,47.18005,49.24825,
static,86.0,0.0,0.0,0.0,
logistic_regression,0.987012987012987,1.0,0.9230769230769232,0.96,0.8282615339088583
random_forest,0.935064935064935,0.5833333333333334,1.0,0.7368421052631579,0.8794372294372295
lstm,0.948051948051948,0.6666666666666666,1.0,0.8,0.8596461810774177
