model,C,RP,P,A,TI
proposed,0.9074333333333334,0.3395303333333333,0.8320833333333333,0.46029066666666674,0.9137525000000001
bayesian,0.7202666666666667,0.465953,0.2674778333333333,0.32450433333333334,
static,0.86,0.0,0.0,0.0,
logistic_regression,0.987012987012987,1.0,0.9230769230769232,0.96,0.8282615339088583
random_forest,0.935064935064935,0.5833333333333334,1.0,0.7368421052631579,0.8794372294372295
lstm,0.948051948051948,0.6666666666666666,1.0,0.8,0.8596461810774177
