model,C,RP,P,A,TI
proposed,82.915,5.714875,9.91095,6.24975,0.799477
bayesian,79.125,61.32105,46.45395,48.556375,
static,86.0,0.0,0.0,0.0,
logistic_regression,0.987012987012987,1.0,0.9230769230769232,0.96,0.8286090064043098
random_forest,0.961038961038961,0.75,1.0,0.8571428571428571,0.8838961038961041
lstm,0.974025974025974,0.8333333333333334,1.0,0.9090909090909092,0.8582887594155358
