model,C,RP,P,A,TI
proposed,88.333333,16.666667,50.0,23.695,0.895217
bayesian,48.333333,80.951667,21.37,32.735,
static,86.0,0.0,0.0,0.0,
logistic_regression,0.987012987012987,1.0,0.9230769230769232,0.96,0.831308376786857
random_forest,0.935064935064935,0.5833333333333334,1.0,0.7368421052631579,0.8853246753246753
lstm,0.1558441558441558,1.0,0.1558441558441558,0.2696629213483146,0.5210761551991058
