{
  "metadata": {
    "approach": "Threshold sweep on validation set, applied to test set",
    "note": "Prevents data leakage: threshold and temperature selected on validation ONLY"
  },
  "best_validation": {
    "epoch": 1,
    "loss": 0.3667599566884943,
    "accuracy": 0.3918918918918919,
    "precision": 0.999999999090909,
    "recall": 0.999999999090909,
    "f1": 0.999999994090909,
    "ece": 0.33411298772773235,
    "brier": 0.13319995999336243
  },
  "test": {
    "threshold_used": 0.6000000000000002,
    "loss": 0.36669046693033985,
    "accuracy": 1.0,
    "precision": 0.9999999991666666,
    "recall": 0.9999999991666666,
    "f1": 0.9999999941666666,
    "roc_auc": 1.0,
    "pr_auc": 1.0,
    "ece": 0.1921690923052949,
    "brier": 0.053472377359867096
  },
  "test_diagnostics": {
    "fraction_predicted_positive": 0.15584415584415584,
    "fraction_predicted_negative": 0.8441558441558441,
    "tp": 12,
    "tn": 65,
    "fp": 0,
    "fn": 0
  },
  "calibration": {
    "temperature": 0.5630602240562439,
    "ece_bins": 10
  }
}