{
  "feature_mean": [
    0.24524323642253876,
    6.345244037220255e-05,
    0.2452012002468109,
    0.05350929871201515,
    -0.00012870346836280078,
    1.4800103599554859e-05,
    0.16418540477752686,
    -9.137571032624692e-05,
    0.16424882411956787,
    0.05018206313252449,
    -0.00043901344179175794,
    -0.00016290279745589942,
    0.736932098865509,
    -2.6439012799528427e-05,
    0.7369375228881836,
    0.052675165235996246,
    0.00028820804436691105,
    -0.00010683111031539738,
    0.1703411042690277,
    -2.9869308491470292e-05,
    0.17031431198120117,
    0.051124271005392075,
    -0.0006113874260336161,
    6.541238690260798e-05,
    0.7988994717597961,
    -0.0002185624762205407,
    0.7990983128547668,
    0.052308518439531326,
    0.00029679678846150637,
    -0.0003013235400430858
  ],
  "feature_std": [
    0.12760524451732635,
    0.10057835280895233,
    0.11177396029233932,
    0.02983725443482399,
    0.9993118047714233,
    0.05956031382083893,
    0.1454593986272812,
    0.0955202654004097,
    0.13337615132331848,
    0.029570529237389565,
    0.9985437393188477,
    0.056615252047777176,
    0.14199423789978027,
    0.09920212626457214,
    0.12835705280303955,
    0.029927588999271393,
    0.9987991452217102,
    0.058907441794872284,
    0.13482506573200226,
    0.09674651175737381,
    0.12121756374835968,
    0.029329748824238777,
    0.9978811144828796,
    0.057180698961019516,
    0.1421053260564804,
    0.09921733289957047,
    0.12875328958034515,
    0.029977314174175262,
    0.9987340569496155,
    0.05835301801562309
  ]
}