{
  "accuracy": 0.4666666666666667,
  "balanced_accuracy": 0.5138888888888888,
  "precision": 0.16666666666666666,
  "recall": 0.5833333333333334,
  "f1": 0.25925925925925924,
  "roc_auc": 0.4338624338624339,
  "pr_auc": 0.15536940980369196,
  "class_distribution": {
    "0": 63,
    "1": 12
  },
  "per_class_precision_recall": {
    "class_0": {
      "precision": 0.8484848484848485,
      "recall": 0.4444444444444444
    },
    "class_1": {
      "precision": 0.16666666666666666,
      "recall": 0.5833333333333334
    }
  },
  "confusion_matrix": {
    "tn": 28,
    "fp": 35,
    "fn": 5,
    "tp": 7
  },
  "confusion_matrix_normalized": {
    "tn": 0.4444444444444444,
    "fp": 0.5555555555555556,
    "fn": 0.4166666666666667,
    "tp": 0.5833333333333334
  },
  "threshold": 0.49999999999999994,
  "n_samples": 75,
  "mean_probability": 0.5209674835205078
}