{
  "accuracy": 0.92,
  "balanced_accuracy": 0.75,
  "precision": 1.0,
  "recall": 0.5,
  "f1": 0.6666666666666666,
  "roc_auc": 0.8346560846560845,
  "pr_auc": 0.7009352976458241,
  "class_distribution": {
    "0": 63,
    "1": 12
  },
  "per_class_precision_recall": {
    "class_0": {
      "precision": 0.9130434782608695,
      "recall": 1.0
    },
    "class_1": {
      "precision": 1.0,
      "recall": 0.5
    }
  },
  "confusion_matrix": {
    "tn": 63,
    "fp": 0,
    "fn": 6,
    "tp": 6
  },
  "confusion_matrix_normalized": {
    "tn": 1.0,
    "fp": 0.0,
    "fn": 0.5,
    "tp": 0.5
  },
  "threshold": 0.35,
  "n_samples": 75,
  "mean_probability": 0.161457359790802,
  "pr_curve": {
    "precision": [
      0.16,
      0.16216216216216217,
      0.1643835616438356,
      0.16666666666666666,
      0.16901408450704225,
      0.17142857142857143,
      0.15942028985507245,
      0.16176470588235295,
      0.16417910447761194,
      0.16666666666666666,
      0.16923076923076924,
      0.171875,
      0.1746031746031746,
      0.1774193548387097,
      0.18032786885245902,
      0.18333333333333332,
      0.1864406779661017,
      0.1896551724137931,
      0.19298245614035087,
      0.19642857142857142,
      0.2,
      0.2037037037037037,
      0.20754716981132076,
      0.21153846153846154,
      0.21568627450980393,
      0.22,
      0.22448979591836735,
      0.22916666666666666,
      0.23404255319148937,
      0.2391304347826087,
      0.24444444444444444,
      0.25,
      0.2558139534883721,
      0.2619047619047619,
      0.2682926829268293,
      0.275,
      0.28205128205128205,
      0.2894736842105263,
      0.2972972972972973,
      0.3055555555555556,
      0.2857142857142857,
      0.29411764705882354,
      0.30303030303030304,
      0.3125,
      0.3225806451612903,
      0.3333333333333333,
      0.3448275862068966,
      0.35714285714285715,
      0.37037037037037035,
      0.38461538461538464,
      0.36,
      0.375,
      0.391304347826087,
      0.4090909090909091,
      0.42857142857142855,
      0.4,
      0.42105263157894735,
      0.3888888888888889,
      0.4117647058823529,
      0.4375,
      0.4666666666666667,
      0.5,
      0.5384615384615384,
      0.5833333333333334,
      0.6363636363636364,
      0.7,
      0.6666666666666666,
      0.75,
      0.8571428571428571,
      1.0,
      1.0,
      1.0,
      1.0,
      1.0,
      1.0,
      1.0
    ],
    "recall": [
      1.0,
      1.0,
      1.0,
      1.0,
      1.0,
      1.0,
      0.9166666666666666,
      0.9166666666666666,
      0.9166666666666666,
      0.9166666666666666,
      0.9166666666666666,
      0.9166666666666666,
      0.9166666666666666,
      0.9166666666666666,
      0.9166666666666666,
      0.9166666666666666,
      0.9166666666666666,
      0.9166666666666666,
      0.9166666666666666,
      0.9166666666666666,
      0.9166666666666666,
      0.9166666666666666,
      0.9166666666666666,
      0.9166666666666666,
      0.9166666666666666,
      0.9166666666666666,
      0.9166666666666666,
      0.9166666666666666,
      0.9166666666666666,
      0.9166666666666666,
      0.9166666666666666,
      0.9166666666666666,
      0.9166666666666666,
      0.9166666666666666,
      0.9166666666666666,
      0.9166666666666666,
      0.9166666666666666,
      0.9166666666666666,
      0.9166666666666666,
      0.9166666666666666,
      0.8333333333333334,
      0.8333333333333334,
      0.8333333333333334,
      0.8333333333333334,
      0.8333333333333334,
      0.8333333333333334,
      0.8333333333333334,
      0.8333333333333334,
      0.8333333333333334,
      0.8333333333333334,
      0.75,
      0.75,
      0.75,
      0.75,
      0.75,
      0.6666666666666666,
      0.6666666666666666,
      0.5833333333333334,
      0.5833333333333334,
      0.5833333333333334,
      0.5833333333333334,
      0.5833333333333334,
      0.5833333333333334,
      0.5833333333333334,
      0.5833333333333334,
      0.5833333333333334,
      0.5,
      0.5,
      0.5,
      0.5,
      0.4166666666666667,
      0.3333333333333333,
      0.25,
      0.16666666666666666,
      0.08333333333333333,
      0.0
    ],
    "thresholds": [
      0.08520805090665817,
      0.08547263592481613,
      0.08548227697610855,
      0.0864783301949501,
      0.08654993027448654,
      0.08743300288915634,
      0.08764632046222687,
      0.08774581551551819,
      0.08782009780406952,
      0.08820254355669022,
      0.08822240680456161,
      0.08834780007600784,
      0.08838970959186554,
      0.08870451152324677,
      0.08876541256904602,
      0.08881334215402603,
      0.08906375616788864,
      0.08924856036901474,
      0.0892748236656189,
      0.08931400626897812,
      0.08938927948474884,
      0.08948121219873428,
      0.089595265686512,
      0.08960739523172379,
      0.08985605835914612,
      0.08989012986421585,
      0.09000272303819656,
      0.09057921171188354,
      0.09065166860818863,
      0.09066257625818253,
      0.09080833196640015,
      0.09090372920036316,
      0.09101023524999619,
      0.0910668894648552,
      0.09120235592126846,
      0.09139029681682587,
      0.09140724688768387,
      0.09143533557653427,
      0.09169936925172806,
      0.09171240776777267,
      0.09172873198986053,
      0.09203194826841354,
      0.09301232546567917,
      0.09331933408975601,
      0.09345424175262451,
      0.09351809322834015,
      0.09381440281867981,
      0.09407652169466019,
      0.0945044681429863,
      0.09489627927541733,
      0.09495041519403458,
      0.09503278136253357,
      0.09518958628177643,
      0.0952465608716011,
      0.09540890902280807,
      0.09588035941123962,
      0.09634864330291748,
      0.09655851870775223,
      0.09788710623979568,
      0.09845926612615585,
      0.09892768412828445,
      0.09995745867490768,
      0.10248921811580658,
      0.10290399938821793,
      0.15061230957508087,
      0.15075147151947021,
      0.1515493392944336,
      0.15789180994033813,
      0.3387841284275055,
      0.719176173210144,
      0.731661319732666,
      0.9545068740844727,
      0.9616362452507019,
      0.9617815017700195,
      0.9628188014030457
    ]
  }
}