{
  "y_true": [
    0,
    0,
    0,
    0,
    0,
    0,
    0,
    0,
    0,
    0,
    0,
    0,
    0,
    0,
    0,
    0,
    0,
    0,
    0,
    0,
    0,
    0,
    0,
    0,
    0,
    0,
    0,
    0,
    0,
    0,
    0,
    0,
    0,
    0,
    0,
    0,
    0,
    0,
    0,
    0,
    0,
    0,
    0,
    0,
    0,
    0,
    0,
    0,
    0,
    0,
    0,
    0,
    0,
    0,
    0,
    0,
    0,
    0,
    0,
    0,
    0,
    0,
    0,
    1,
    1,
    1,
    1,
    1,
    1,
    1,
    1,
    1,
    1,
    1,
    1
  ],
  "y_pred": [
    0,
    0,
    0,
    0,
    0,
    0,
    0,
    0,
    0,
    0,
    0,
    0,
    0,
    0,
    0,
    0,
    0,
    0,
    0,
    0,
    0,
    0,
    0,
    0,
    0,
    0,
    0,
    0,
    0,
    0,
    0,
    0,
    0,
    0,
    0,
    0,
    0,
    0,
    0,
    0,
    0,
    0,
    0,
    0,
    0,
    0,
    0,
    0,
    0,
    0,
    0,
    0,
    0,
    0,
    0,
    0,
    0,
    0,
    0,
    0,
    0,
    0,
    0,
    1,
    1,
    1,
    1,
    1,
    0,
    0,
    0,
    0,
    0,
    0,
    1
  ],
  "y_prob": [
    0.09143533557653427,
    0.09203194826841354,
    0.09057921171188354,
    0.15061230957508087,
    0.15789180994033813,
    0.08938927948474884,
    0.08906375616788864,
    0.1515493392944336,
    0.09065166860818863,
    0.08654993027448654,
    0.09066257625818253,
    0.08985605835914612,
    0.09995745867490768,
    0.09331933408975601,
    0.09588035941123962,
    0.08548227697610855,
    0.09080833196640015,
    0.09892768412828445,
    0.08782009780406952,
    0.09407652169466019,
    0.08870451152324677,
    0.08948121219873428,
    0.0952465608716011,
    0.08881334215402603,
    0.08774581551551819,
    0.09503278136253357,
    0.0864783301949501,
    0.08834780007600784,
    0.09000272303819656,
    0.09655851870775223,
    0.08931400626897812,
    0.09172873198986053,
    0.09140724688768387,
    0.08924856036901474,
    0.09169936925172806,
    0.09495041519403458,
    0.09301232546567917,
    0.08820254355669022,
    0.10290399938821793,
    0.09788710623979568,
    0.09139029681682587,
    0.08822240680456161,
    0.09518958628177643,
    0.3387841284275055,
    0.10248921811580658,
    0.08989012986421585,
    0.0945044681429863,
    0.08547263592481613,
    0.08520805090665817,
    0.08960739523172379,
    0.0910668894648552,
    0.08838970959186554,
    0.09351809322834015,
    0.09120235592126846,
    0.08764632046222687,
    0.089595265686512,
    0.09381440281867981,
    0.09101023524999619,
    0.08876541256904602,
    0.09090372920036316,
    0.09345424175262451,
    0.0892748236656189,
    0.09845926612615585,
    0.9616362452507019,
    0.731661319732666,
    0.9628188014030457,
    0.9545068740844727,
    0.9617815017700195,
    0.09489627927541733,
    0.09171240776777267,
    0.09634864330291748,
    0.09540890902280807,
    0.08743300288915634,
    0.15075147151947021,
    0.719176173210144
  ]
}