{
  "accuracy": 0.9066666666666666,
  "balanced_accuracy": 0.7420634920634921,
  "precision": 0.8571428571428571,
  "recall": 0.5,
  "f1": 0.631578947368421,
  "roc_auc": 0.8670634920634921,
  "pr_auc": 0.7437162604505404,
  "class_distribution": {
    "0": 63,
    "1": 12
  },
  "per_class_precision_recall": {
    "class_0": {
      "precision": 0.9117647058823529,
      "recall": 0.9841269841269841
    },
    "class_1": {
      "precision": 0.8571428571428571,
      "recall": 0.5
    }
  },
  "confusion_matrix": {
    "tn": 62,
    "fp": 1,
    "fn": 6,
    "tp": 6
  },
  "confusion_matrix_normalized": {
    "tn": 0.9841269841269841,
    "fp": 0.015873015873015872,
    "fn": 0.5,
    "tp": 0.5
  },
  "threshold": 0.3,
  "n_samples": 75,
  "mean_probability": 0.10793333500623703,
  "pr_curve": {
    "precision": [
      0.16,
      0.17142857142857143,
      0.1774193548387097,
      0.2037037037037037,
      0.22916666666666666,
      0.2619047619047619,
      0.2682926829268293,
      0.28205128205128205,
      0.3055555555555556,
      0.3235294117647059,
      0.3548387096774194,
      0.36666666666666664,
      0.3793103448275862,
      0.35714285714285715,
      0.37037037037037035,
      0.38461538461538464,
      0.4,
      0.391304347826087,
      0.4090909090909091,
      0.42857142857142855,
      0.45,
      0.5,
      0.5294117647058824,
      0.5,
      0.5714285714285714,
      0.6153846153846154,
      0.6666666666666666,
      0.7,
      0.7777777777777778,
      0.75,
      0.8571428571428571,
      1.0,
      1.0,
      1.0,
      1.0,
      1.0,
      1.0,
      1.0
    ],
    "recall": [
      1.0,
      1.0,
      0.9166666666666666,
      0.9166666666666666,
      0.9166666666666666,
      0.9166666666666666,
      0.9166666666666666,
      0.9166666666666666,
      0.9166666666666666,
      0.9166666666666666,
      0.9166666666666666,
      0.9166666666666666,
      0.9166666666666666,
      0.8333333333333334,
      0.8333333333333334,
      0.8333333333333334,
      0.8333333333333334,
      0.75,
      0.75,
      0.75,
      0.75,
      0.75,
      0.75,
      0.6666666666666666,
      0.6666666666666666,
      0.6666666666666666,
      0.6666666666666666,
      0.5833333333333334,
      0.5833333333333334,
      0.5,
      0.5,
      0.5,
      0.4166666666666667,
      0.3333333333333333,
      0.25,
      0.16666666666666666,
      0.08333333333333333,
      0.0
    ],
    "thresholds": [
      0.0,
      0.004999999888241291,
      0.009999999776482582,
      0.014999999664723873,
      0.019999999552965164,
      0.02500000037252903,
      0.029999999329447746,
      0.03500000014901161,
      0.03999999910593033,
      0.05000000074505806,
      0.06499999761581421,
      0.07000000029802322,
      0.07500000298023224,
      0.07999999821186066,
      0.09000000357627869,
      0.10499999672174454,
      0.125,
      0.14000000059604645,
      0.14499999582767487,
      0.15000000596046448,
      0.1550000011920929,
      0.18000000715255737,
      0.1850000023841858,
      0.1899999976158142,
      0.20000000298023224,
      0.20999999344348907,
      0.2150000035762787,
      0.2199999988079071,
      0.2800000011920929,
      0.29499998688697815,
      0.3050000071525574,
      0.36000001430511475,
      0.4399999976158142,
      0.46000000834465027,
      0.5099999904632568,
      0.550000011920929,
      0.8600000143051147
    ]
  }
}