{
  "y_true": [
    0,
    0,
    0,
    0,
    0,
    0,
    0,
    0,
    0,
    0,
    0,
    0,
    0,
    0,
    0,
    0,
    0,
    0,
    0,
    0,
    0,
    0,
    0,
    0,
    0,
    0,
    0,
    0,
    0,
    0,
    0,
    0,
    0,
    0,
    0,
    0,
    0,
    0,
    0,
    0,
    0,
    0,
    0,
    0,
    0,
    0,
    0,
    0,
    0,
    0,
    0,
    0,
    0,
    0,
    0,
    0,
    0,
    0,
    0,
    0,
    0,
    0,
    0,
    1,
    1,
    1,
    1,
    1,
    1,
    1,
    1,
    1,
    1,
    1,
    1
  ],
  "y_pred": [
    0,
    0,
    1,
    0,
    0,
    0,
    0,
    0,
    0,
    0,
    0,
    0,
    0,
    0,
    0,
    0,
    0,
    0,
    0,
    0,
    0,
    0,
    0,
    0,
    0,
    0,
    0,
    0,
    0,
    0,
    0,
    0,
    0,
    0,
    0,
    0,
    0,
    0,
    0,
    0,
    0,
    0,
    0,
    0,
    0,
    0,
    0,
    0,
    0,
    0,
    0,
    0,
    0,
    0,
    0,
    0,
    0,
    0,
    0,
    0,
    0,
    0,
    0,
    1,
    0,
    1,
    1,
    1,
    0,
    0,
    0,
    1,
    0,
    0,
    1
  ],
  "y_prob": [
    0.29499998688697815,
    0.019999999552965164,
    0.3050000071525574,
    0.1550000011920929,
    0.1899999976158142,
    0.03500000014901161,
    0.03999999910593033,
    0.009999999776482582,
    0.125,
    0.009999999776482582,
    0.03999999910593033,
    0.05000000074505806,
    0.07000000029802322,
    0.009999999776482582,
    0.06499999761581421,
    0.0,
    0.014999999664723873,
    0.20000000298023224,
    0.05000000074505806,
    0.07999999821186066,
    0.0,
    0.0,
    0.14499999582767487,
    0.004999999888241291,
    0.014999999664723873,
    0.029999999329447746,
    0.014999999664723873,
    0.004999999888241291,
    0.03500000014901161,
    0.009999999776482582,
    0.004999999888241291,
    0.014999999664723873,
    0.009999999776482582,
    0.20999999344348907,
    0.1550000011920929,
    0.14000000059604645,
    0.0,
    0.09000000357627869,
    0.02500000037252903,
    0.019999999552965164,
    0.019999999552965164,
    0.014999999664723873,
    0.05000000074505806,
    0.15000000596046448,
    0.004999999888241291,
    0.014999999664723873,
    0.019999999552965164,
    0.004999999888241291,
    0.009999999776482582,
    0.004999999888241291,
    0.2150000035762787,
    0.0,
    0.009999999776482582,
    0.019999999552965164,
    0.019999999552965164,
    0.004999999888241291,
    0.18000000715255737,
    0.1899999976158142,
    0.029999999329447746,
    0.009999999776482582,
    0.10499999672174454,
    0.03500000014901161,
    0.2199999988079071,
    0.5099999904632568,
    0.2150000035762787,
    0.4399999976158142,
    0.8600000143051147,
    0.550000011920929,
    0.1850000023841858,
    0.07500000298023224,
    0.125,
    0.36000001430511475,
    0.004999999888241291,
    0.2800000011920929,
    0.46000000834465027
  ]
}