{
  "confusion_matrix": {
    "tn": 60,
    "fp": 3,
    "fn": 6,
    "tp": 6
  },
  "confusion_matrix_normalized": {
    "tn": 0.9523809523809523,
    "fp": 0.047619047619047616,
    "fn": 0.5,
    "tp": 0.5
  }
}