{
  "accuracy": 0.88,
  "balanced_accuracy": 0.7261904761904762,
  "precision": 0.6666666666666666,
  "recall": 0.5,
  "f1": 0.5714285714285715,
  "roc_auc": 0.8835978835978835,
  "pr_auc": 0.723351111254337,
  "class_distribution": {
    "0": 63,
    "1": 12
  },
  "per_class_precision_recall": {
    "class_0": {
      "precision": 0.9090909090909091,
      "recall": 0.9523809523809523
    },
    "class_1": {
      "precision": 0.6666666666666666,
      "recall": 0.5
    }
  },
  "confusion_matrix": {
    "tn": 60,
    "fp": 3,
    "fn": 6,
    "tp": 6
  },
  "confusion_matrix_normalized": {
    "tn": 0.9523809523809523,
    "fp": 0.047619047619047616,
    "fn": 0.5,
    "tp": 0.5
  },
  "threshold": 0.2,
  "n_samples": 75,
  "mean_probability": 0.15533433854579926,
  "pr_curve": {
    "precision": [
      0.16,
      0.16216216216216217,
      0.1643835616438356,
      0.16666666666666666,
      0.16901408450704225,
      0.17142857142857143,
      0.17391304347826086,
      0.17647058823529413,
      0.1791044776119403,
      0.18181818181818182,
      0.18461538461538463,
      0.1875,
      0.19047619047619047,
      0.1935483870967742,
      0.19672131147540983,
      0.2,
      0.2033898305084746,
      0.20689655172413793,
      0.21052631578947367,
      0.21428571428571427,
      0.21818181818181817,
      0.2222222222222222,
      0.22641509433962265,
      0.23076923076923078,
      0.23529411764705882,
      0.24,
      0.24489795918367346,
      0.25,
      0.2553191489361702,
      0.2608695652173913,
      0.26666666666666666,
      0.2727272727272727,
      0.27906976744186046,
      0.2857142857142857,
      0.2926829268292683,
      0.3,
      0.3076923076923077,
      0.3157894736842105,
      0.32432432432432434,
      0.3333333333333333,
      0.34285714285714286,
      0.3235294117647059,
      0.3333333333333333,
      0.34375,
      0.3548387096774194,
      0.3333333333333333,
      0.3103448275862069,
      0.32142857142857145,
      0.3333333333333333,
      0.34615384615384615,
      0.32,
      0.3333333333333333,
      0.34782608695652173,
      0.36363636363636365,
      0.38095238095238093,
      0.4,
      0.42105263157894735,
      0.4444444444444444,
      0.47058823529411764,
      0.5,
      0.5333333333333333,
      0.5714285714285714,
      0.6153846153846154,
      0.6666666666666666,
      0.6363636363636364,
      0.6,
      0.6666666666666666,
      0.75,
      0.8571428571428571,
      1.0,
      1.0,
      1.0,
      1.0,
      1.0,
      1.0,
      1.0
    ],
    "recall": [
      1.0,
      1.0,
      1.0,
      1.0,
      1.0,
      1.0,
      1.0,
      1.0,
      1.0,
      1.0,
      1.0,
      1.0,
      1.0,
      1.0,
      1.0,
      1.0,
      1.0,
      1.0,
      1.0,
      1.0,
      1.0,
      1.0,
      1.0,
      1.0,
      1.0,
      1.0,
      1.0,
      1.0,
      1.0,
      1.0,
      1.0,
      1.0,
      1.0,
      1.0,
      1.0,
      1.0,
      1.0,
      1.0,
      1.0,
      1.0,
      1.0,
      0.9166666666666666,
      0.9166666666666666,
      0.9166666666666666,
      0.9166666666666666,
      0.8333333333333334,
      0.75,
      0.75,
      0.75,
      0.75,
      0.6666666666666666,
      0.6666666666666666,
      0.6666666666666666,
      0.6666666666666666,
      0.6666666666666666,
      0.6666666666666666,
      0.6666666666666666,
      0.6666666666666666,
      0.6666666666666666,
      0.6666666666666666,
      0.6666666666666666,
      0.6666666666666666,
      0.6666666666666666,
      0.6666666666666666,
      0.5833333333333334,
      0.5,
      0.5,
      0.5,
      0.5,
      0.5,
      0.4166666666666667,
      0.3333333333333333,
      0.25,
      0.16666666666666666,
      0.08333333333333333,
      0.0
    ],
    "thresholds": [
      0.056950461119413376,
      0.05747295916080475,
      0.05825119465589523,
      0.05838056281208992,
      0.0584406740963459,
      0.05856014043092728,
      0.05870142951607704,
      0.05893205851316452,
      0.05910306051373482,
      0.05942708998918533,
      0.06021416559815407,
      0.06028898060321808,
      0.06088312715291977,
      0.060923781245946884,
      0.06117130443453789,
      0.06152648106217384,
      0.06169387325644493,
      0.06172683835029602,
      0.0618290975689888,
      0.061834078282117844,
      0.062368765473365784,
      0.06327138841152191,
      0.063394695520401,
      0.06400170177221298,
      0.06407299637794495,
      0.06425748020410538,
      0.06445202976465225,
      0.06467996537685394,
      0.06470753252506256,
      0.06484520435333252,
      0.0648968517780304,
      0.06514658033847809,
      0.06515172123908997,
      0.06530088186264038,
      0.06532242149114609,
      0.06537028402090073,
      0.06560298055410385,
      0.06618191301822662,
      0.06635648012161255,
      0.06662917137145996,
      0.06720490753650665,
      0.06725271791219711,
      0.06737025082111359,
      0.06849079579114914,
      0.06870844960212708,
      0.06877166777849197,
      0.06884470582008362,
      0.06974354386329651,
      0.07032453268766403,
      0.07094822078943253,
      0.0710471048951149,
      0.07226956635713577,
      0.07263229042291641,
      0.07346251606941223,
      0.07423990219831467,
      0.07550125569105148,
      0.07572891563177109,
      0.07630469650030136,
      0.07785554230213165,
      0.0849856436252594,
      0.0884396880865097,
      0.09116381406784058,
      0.09193982183933258,
      0.09607347100973129,
      0.1015864834189415,
      0.1979868859052658,
      0.4201151728630066,
      0.5278976559638977,
      0.5357329249382019,
      0.9063639044761658,
      0.9080097079277039,
      0.9371452331542969,
      0.9373745322227478,
      0.9374644160270691,
      0.9387714266777039
    ]
  }
}