{
  "accuracy": 0.8933333333333333,
  "balanced_accuracy": 0.6666666666666666,
  "precision": 1.0,
  "recall": 0.3333333333333333,
  "f1": 0.5,
  "roc_auc": 0.7936507936507936,
  "pr_auc": 0.6728901456492921,
  "class_distribution": {
    "0": 63,
    "1": 12
  },
  "per_class_precision_recall": {
    "class_0": {
      "precision": 0.8873239436619719,
      "recall": 1.0
    },
    "class_1": {
      "precision": 1.0,
      "recall": 0.3333333333333333
    }
  },
  "confusion_matrix": {
    "tn": 63,
    "fp": 0,
    "fn": 8,
    "tp": 4
  },
  "confusion_matrix_normalized": {
    "tn": 1.0,
    "fp": 0.0,
    "fn": 0.6666666666666666,
    "tp": 0.3333333333333333
  },
  "threshold": 0.95,
  "n_samples": 75,
  "mean_probability": 0.18374794721603394,
  "pr_curve": {
    "precision": [
      0.16,
      0.16216216216216217,
      0.1643835616438356,
      0.16666666666666666,
      0.16901408450704225,
      0.17142857142857143,
      0.17391304347826086,
      0.17647058823529413,
      0.1791044776119403,
      0.18181818181818182,
      0.18461538461538463,
      0.1875,
      0.19047619047619047,
      0.1935483870967742,
      0.19672131147540983,
      0.2,
      0.2033898305084746,
      0.20689655172413793,
      0.21052631578947367,
      0.21428571428571427,
      0.21818181818181817,
      0.2222222222222222,
      0.22641509433962265,
      0.23076923076923078,
      0.23529411764705882,
      0.24,
      0.22448979591836735,
      0.22916666666666666,
      0.2127659574468085,
      0.21739130434782608,
      0.2222222222222222,
      0.22727272727272727,
      0.20930232558139536,
      0.21428571428571427,
      0.21951219512195122,
      0.2,
      0.20512820512820512,
      0.21052631578947367,
      0.21621621621621623,
      0.2222222222222222,
      0.22857142857142856,
      0.23529411764705882,
      0.24242424242424243,
      0.25,
      0.25806451612903225,
      0.26666666666666666,
      0.27586206896551724,
      0.2857142857142857,
      0.2962962962962963,
      0.3076923076923077,
      0.32,
      0.3333333333333333,
      0.34782608695652173,
      0.36363636363636365,
      0.38095238095238093,
      0.35,
      0.3684210526315789,
      0.3888888888888889,
      0.4117647058823529,
      0.4375,
      0.4666666666666667,
      0.5,
      0.5384615384615384,
      0.5833333333333334,
      0.6363636363636364,
      0.7,
      0.7777777777777778,
      0.75,
      0.8571428571428571,
      1.0,
      1.0,
      1.0,
      1.0,
      1.0,
      1.0,
      1.0
    ],
    "recall": [
      1.0,
      1.0,
      1.0,
      1.0,
      1.0,
      1.0,
      1.0,
      1.0,
      1.0,
      1.0,
      1.0,
      1.0,
      1.0,
      1.0,
      1.0,
      1.0,
      1.0,
      1.0,
      1.0,
      1.0,
      1.0,
      1.0,
      1.0,
      1.0,
      1.0,
      1.0,
      0.9166666666666666,
      0.9166666666666666,
      0.8333333333333334,
      0.8333333333333334,
      0.8333333333333334,
      0.8333333333333334,
      0.75,
      0.75,
      0.75,
      0.6666666666666666,
      0.6666666666666666,
      0.6666666666666666,
      0.6666666666666666,
      0.6666666666666666,
      0.6666666666666666,
      0.6666666666666666,
      0.6666666666666666,
      0.6666666666666666,
      0.6666666666666666,
      0.6666666666666666,
      0.6666666666666666,
      0.6666666666666666,
      0.6666666666666666,
      0.6666666666666666,
      0.6666666666666666,
      0.6666666666666666,
      0.6666666666666666,
      0.6666666666666666,
      0.6666666666666666,
      0.5833333333333334,
      0.5833333333333334,
      0.5833333333333334,
      0.5833333333333334,
      0.5833333333333334,
      0.5833333333333334,
      0.5833333333333334,
      0.5833333333333334,
      0.5833333333333334,
      0.5833333333333334,
      0.5833333333333334,
      0.5833333333333334,
      0.5,
      0.5,
      0.5,
      0.4166666666666667,
      0.3333333333333333,
      0.25,
      0.16666666666666666,
      0.08333333333333333,
      0.0
    ],
    "thresholds": [
      0.07975077629089355,
      0.08012896776199341,
      0.08086783438920975,
      0.08122329413890839,
      0.08141718804836273,
      0.08148714900016785,
      0.08162955939769745,
      0.081642284989357,
      0.08181773126125336,
      0.0818713903427124,
      0.0819544717669487,
      0.08251465857028961,
      0.0830777958035469,
      0.08310208469629288,
      0.0831247940659523,
      0.08318164944648743,
      0.08348596841096878,
      0.08367858082056046,
      0.08387728780508041,
      0.08403099328279495,
      0.08408022671937943,
      0.08412965387105942,
      0.08436822146177292,
      0.08456838130950928,
      0.08497407287359238,
      0.08504468947649002,
      0.08526722341775894,
      0.08570623397827148,
      0.08582543581724167,
      0.08587733656167984,
      0.08622485399246216,
      0.08627598732709885,
      0.08701752871274948,
      0.08703576773405075,
      0.08760490268468857,
      0.08778310567140579,
      0.08809888362884521,
      0.08819681406021118,
      0.08823549747467041,
      0.08827343583106995,
      0.08840613812208176,
      0.08846575766801834,
      0.0887792780995369,
      0.08970105648040771,
      0.08976469933986664,
      0.08979485183954239,
      0.09012997895479202,
      0.09026867896318436,
      0.09105275571346283,
      0.09328974783420563,
      0.095683254301548,
      0.09641987085342407,
      0.09723421931266785,
      0.09781209379434586,
      0.09945430606603622,
      0.1000499427318573,
      0.10068846493959427,
      0.10438164323568344,
      0.10631503909826279,
      0.10974381119012833,
      0.11206706613302231,
      0.12191244214773178,
      0.1362156867980957,
      0.15205301344394684,
      0.25378769636154175,
      0.311790406703949,
      0.378766268491745,
      0.5338951945304871,
      0.8713425993919373,
      0.8774974346160889,
      0.9446007013320923,
      0.9524804949760437,
      0.9527776837348938,
      0.9528928399085999,
      0.9531274437904358
    ]
  }
}