{
  "y_true": [
    0,
    0,
    0,
    0,
    0,
    0,
    0,
    0,
    0,
    0,
    0,
    0,
    0,
    0,
    0,
    0,
    0,
    0,
    0,
    0,
    0,
    0,
    0,
    0,
    0,
    0,
    0,
    0,
    0,
    0,
    0,
    0,
    0,
    0,
    0,
    0,
    0,
    0,
    0,
    0,
    0,
    0,
    0,
    0,
    0,
    0,
    0,
    0,
    0,
    0,
    0,
    0,
    0,
    0,
    0,
    0,
    0,
    0,
    0,
    0,
    0,
    0,
    0,
    1,
    1,
    1,
    1,
    1,
    1,
    1,
    1,
    1,
    1,
    1,
    1
  ],
  "y_pred": [
    0,
    0,
    0,
    1,
    0,
    0,
    0,
    0,
    0,
    0,
    0,
    0,
    0,
    0,
    0,
    0,
    0,
    0,
    0,
    0,
    0,
    0,
    0,
    0,
    0,
    0,
    0,
    0,
    0,
    0,
    0,
    0,
    0,
    0,
    0,
    0,
    0,
    0,
    0,
    0,
    0,
    0,
    0,
    1,
    1,
    0,
    0,
    0,
    0,
    0,
    0,
    0,
    0,
    0,
    0,
    0,
    0,
    0,
    0,
    0,
    0,
    0,
    0,
    1,
    1,
    1,
    1,
    1,
    0,
    0,
    0,
    0,
    0,
    0,
    1
  ],
  "y_prob": [
    0.05825119465589523,
    0.07032453268766403,
    0.05893205851316452,
    0.5278976559638977,
    0.1979868859052658,
    0.06169387325644493,
    0.06445202976465225,
    0.0884396880865097,
    0.07423990219831467,
    0.06117130443453789,
    0.0618290975689888,
    0.05747295916080475,
    0.07550125569105148,
    0.06028898060321808,
    0.07572891563177109,
    0.06088312715291977,
    0.09116381406784058,
    0.06662917137145996,
    0.05870142951607704,
    0.06974354386329651,
    0.06737025082111359,
    0.062368765473365784,
    0.07630469650030136,
    0.063394695520401,
    0.0584406740963459,
    0.07346251606941223,
    0.06484520435333252,
    0.06407299637794495,
    0.06021416559815407,
    0.06884470582008362,
    0.06515172123908997,
    0.06400170177221298,
    0.060923781245946884,
    0.05910306051373482,
    0.07785554230213165,
    0.06849079579114914,
    0.06618191301822662,
    0.05942708998918533,
    0.09193982183933258,
    0.06470753252506256,
    0.06327138841152191,
    0.06467996537685394,
    0.06532242149114609,
    0.5357329249382019,
    0.4201151728630066,
    0.06152648106217384,
    0.0710471048951149,
    0.061834078282117844,
    0.06530088186264038,
    0.0648968517780304,
    0.05838056281208992,
    0.06172683835029602,
    0.07263229042291641,
    0.06560298055410385,
    0.05856014043092728,
    0.06635648012161255,
    0.07226956635713577,
    0.06514658033847809,
    0.06537028402090073,
    0.06725271791219711,
    0.056950461119413376,
    0.06425748020410538,
    0.0849856436252594,
    0.9374644160270691,
    0.9063639044761658,
    0.9373745322227478,
    0.9371452331542969,
    0.9387714266777039,
    0.06877166777849197,
    0.06720490753650665,
    0.1015864834189415,
    0.07094822078943253,
    0.06870844960212708,
    0.09607347100973129,
    0.9080097079277039
  ]
}