{
  "y_true": [
    0,
    0,
    0,
    0,
    0,
    0,
    0,
    0,
    0,
    0,
    0,
    0,
    0,
    0,
    0,
    0,
    0,
    0,
    0,
    0,
    0,
    0,
    0,
    0,
    0,
    0,
    0,
    0,
    0,
    0,
    0,
    0,
    0,
    0,
    0,
    0,
    0,
    0,
    0,
    0,
    0,
    0,
    0,
    0,
    0,
    0,
    0,
    0,
    0,
    0,
    0,
    0,
    0,
    0,
    0,
    0,
    0,
    0,
    0,
    0,
    0,
    0,
    0,
    1,
    1,
    1,
    1,
    1,
    1,
    1,
    1,
    1,
    1,
    1,
    1
  ],
  "y_pred": [
    0,
    0,
    0,
    0,
    0,
    0,
    0,
    0,
    0,
    0,
    0,
    0,
    0,
    0,
    0,
    0,
    0,
    0,
    0,
    0,
    0,
    0,
    0,
    0,
    0,
    0,
    0,
    0,
    0,
    0,
    0,
    0,
    0,
    0,
    0,
    0,
    0,
    0,
    0,
    0,
    0,
    0,
    0,
    0,
    0,
    0,
    0,
    0,
    0,
    0,
    0,
    0,
    0,
    0,
    0,
    0,
    0,
    0,
    0,
    0,
    0,
    0,
    0,
    1,
    0,
    1,
    1,
    1,
    0,
    0,
    0,
    0,
    0,
    0,
    0
  ],
  "y_prob": [
    0.08141718804836273,
    0.0818713903427124,
    0.10068846493959427,
    0.25378769636154175,
    0.5338951945304871,
    0.08122329413890839,
    0.08348596841096878,
    0.311790406703949,
    0.08979485183954239,
    0.08970105648040771,
    0.08582543581724167,
    0.08412965387105942,
    0.1362156867980957,
    0.1000499427318573,
    0.08497407287359238,
    0.09105275571346283,
    0.08310208469629288,
    0.08827343583106995,
    0.09781209379434586,
    0.08403099328279495,
    0.08456838130950928,
    0.07975077629089355,
    0.10438164323568344,
    0.08086783438920975,
    0.08162955939769745,
    0.08819681406021118,
    0.09641987085342407,
    0.08622485399246216,
    0.08387728780508041,
    0.08148714900016785,
    0.08840613812208176,
    0.081642284989357,
    0.0831247940659523,
    0.08823549747467041,
    0.09723421931266785,
    0.08436822146177292,
    0.095683254301548,
    0.08778310567140579,
    0.15205301344394684,
    0.0887792780995369,
    0.0830777958035469,
    0.08587733656167984,
    0.08703576773405075,
    0.8713425993919373,
    0.12191244214773178,
    0.08701752871274948,
    0.10974381119012833,
    0.08976469933986664,
    0.09328974783420563,
    0.0819544717669487,
    0.09026867896318436,
    0.08012896776199341,
    0.08526722341775894,
    0.08367858082056046,
    0.08408022671937943,
    0.08181773126125336,
    0.08846575766801834,
    0.11206706613302231,
    0.08809888362884521,
    0.08318164944648743,
    0.08251465857028961,
    0.10631503909826279,
    0.09012997895479202,
    0.9524804949760437,
    0.8774974346160889,
    0.9531274437904358,
    0.9527776837348938,
    0.9528928399085999,
    0.08627598732709885,
    0.08570623397827148,
    0.09945430606603622,
    0.08760490268468857,
    0.08504468947649002,
    0.378766268491745,
    0.9446007013320923
  ]
}