{
  "accuracy": 0.92,
  "balanced_accuracy": 0.8174603174603174,
  "precision": 0.8,
  "recall": 0.6666666666666666,
  "f1": 0.7272727272727272,
  "roc_auc": 0.9537037037037037,
  "pr_auc": 0.7230887440446264,
  "class_distribution": {
    "0": 63,
    "1": 12
  },
  "per_class_precision_recall": {
    "class_0": {
      "precision": 0.9384615384615385,
      "recall": 0.9682539682539683
    },
    "class_1": {
      "precision": 0.8,
      "recall": 0.6666666666666666
    }
  },
  "confusion_matrix": {
    "tn": 61,
    "fp": 2,
    "fn": 4,
    "tp": 8
  },
  "confusion_matrix_normalized": {
    "tn": 0.9682539682539683,
    "fp": 0.031746031746031744,
    "fn": 0.3333333333333333,
    "tp": 0.6666666666666666
  },
  "threshold": 0.5,
  "n_samples": 75,
  "mean_probability": 0.21641439199447632
}