{
  "model": "hybrid_temporal",
  "seeds": [
    42,
    43,
    44,
    45,
    46,
    47,
    48,
    49,
    50,
    51,
    52,
    53,
    54,
    55,
    56,
    57,
    58,
    59,
    60,
    61
  ],
  "f1": [
    0.7368421052631579,
    0.8181818181818182,
    0.7826086956521738,
    0.7368421052631579,
    0.5882352941176471,
    0.7272727272727272,
    0.7199999999999999,
    0.8181818181818182,
    0.7368421052631579,
    0.8181818181818182,
    0.7368421052631579,
    0.7368421052631579,
    0.7826086956521738,
    0.7692307692307692,
    0.6666666666666666,
    0.8181818181818182,
    0.7000000000000001,
    0.8181818181818182,
    0.761904761904762,
    0.761904761904762
  ]
}