{
  "seed": 42,
  "epochs": [
    1,
    2,
    3,
    4,
    5,
    6,
    7,
    8,
    9,
    10,
    11,
    12,
    13,
    14
  ],
  "train_loss": [
    0.9582625154086521,
    0.6325809301648821,
    0.4828364473581314,
    0.3700972442967551,
    0.34146341349397386,
    0.3167352981226785,
    0.2656290533712932,
    0.2522693187849862,
    0.22349296484674727,
    0.20595891590629306,
    0.10513856410980224,
    0.1399480402469635,
    0.10382584703820093,
    0.0774927368760109
  ],
  "val_loss": [
    0.8421990807851155,
    0.45054250876108803,
    0.3526158078511556,
    0.3460263347625732,
    0.2930607318878174,
    0.269060697555542,
    0.26524522781372073,
    0.27956262588500974,
    0.29668205738067627,
    0.2513717238108317,
    0.24021782239278158,
    0.21686137676239015,
    0.24597200393676757,
    0.18963899771372478
  ]
}