{
  "model": "hybrid_temporal",
  "seed": 43,
  "precision": [
    0.16,
    0.16216216216216217,
    0.1643835616438356,
    0.16666666666666666,
    0.16901408450704225,
    0.17142857142857143,
    0.17391304347826086,
    0.17647058823529413,
    0.1791044776119403,
    0.18181818181818182,
    0.18461538461538463,
    0.1875,
    0.19047619047619047,
    0.1935483870967742,
    0.19672131147540983,
    0.2,
    0.2033898305084746,
    0.20689655172413793,
    0.21052631578947367,
    0.21428571428571427,
    0.21818181818181817,
    0.2222222222222222,
    0.22641509433962265,
    0.23076923076923078,
    0.23529411764705882,
    0.24,
    0.24489795918367346,
    0.25,
    0.2553191489361702,
    0.2608695652173913,
    0.26666666666666666,
    0.2727272727272727,
    0.27906976744186046,
    0.2857142857142857,
    0.2926829268292683,
    0.3,
    0.3076923076923077,
    0.3157894736842105,
    0.32432432432432434,
    0.3333333333333333,
    0.34285714285714286,
    0.35294117647058826,
    0.36363636363636365,
    0.375,
    0.3870967741935484,
    0.4,
    0.41379310344827586,
    0.42857142857142855,
    0.4444444444444444,
    0.46153846153846156,
    0.48,
    0.5,
    0.5217391304347826,
    0.5454545454545454,
    0.5714285714285714,
    0.6,
    0.631578947368421,
    0.6666666666666666,
    0.6470588235294118,
    0.6875,
    0.6666666666666666,
    0.7142857142857143,
    0.7692307692307693,
    0.8333333333333334,
    0.9090909090909091,
    0.9,
    1.0,
    1.0,
    1.0,
    1.0,
    1.0,
    1.0,
    1.0,
    1.0,
    1.0,
    1.0
  ],
  "recall": [
    1.0,
    1.0,
    1.0,
    1.0,
    1.0,
    1.0,
    1.0,
    1.0,
    1.0,
    1.0,
    1.0,
    1.0,
    1.0,
    1.0,
    1.0,
    1.0,
    1.0,
    1.0,
    1.0,
    1.0,
    1.0,
    1.0,
    1.0,
    1.0,
    1.0,
    1.0,
    1.0,
    1.0,
    1.0,
    1.0,
    1.0,
    1.0,
    1.0,
    1.0,
    1.0,
    1.0,
    1.0,
    1.0,
    1.0,
    1.0,
    1.0,
    1.0,
    1.0,
    1.0,
    1.0,
    1.0,
    1.0,
    1.0,
    1.0,
    1.0,
    1.0,
    1.0,
    1.0,
    1.0,
    1.0,
    1.0,
    1.0,
    1.0,
    0.9166666666666666,
    0.9166666666666666,
    0.8333333333333334,
    0.8333333333333334,
    0.8333333333333334,
    0.8333333333333334,
    0.8333333333333334,
    0.75,
    0.75,
    0.6666666666666666,
    0.5833333333333334,
    0.5,
    0.4166666666666667,
    0.3333333333333333,
    0.25,
    0.16666666666666666,
    0.08333333333333333,
    0.0
  ],
  "thresholds": [
    0.0012589163379743695,
    0.001336182001978159,
    0.0015722069656476378,
    0.0021145781502127647,
    0.0021714186295866966,
    0.002459305338561535,
    0.0029928700532764196,
    0.003093207022175193,
    0.004095965065062046,
    0.004252482671290636,
    0.004293329548090696,
    0.004989712033420801,
    0.005347819533199072,
    0.0054419687949121,
    0.005527843721210957,
    0.005602468270808458,
    0.00562328053638339,
    0.005871566943824291,
    0.006139424629509449,
    0.006245288997888565,
    0.00810539536178112,
    0.008624255657196045,
    0.0103371636942029,
    0.010979069396853447,
    0.011366884224116802,
    0.012294062413275242,
    0.012402694672346115,
    0.014596288092434406,
    0.015075156465172768,
    0.01654508337378502,
    0.018349837511777878,
    0.019326142966747284,
    0.020235329866409302,
    0.024622540920972824,
    0.025786271318793297,
    0.026443805545568466,
    0.027178805321455002,
    0.027364281937479973,
    0.029569055885076523,
    0.029768334701657295,
    0.031226659193634987,
    0.034490279853343964,
    0.03814052417874336,
    0.03820177912712097,
    0.04087779298424721,
    0.049270160496234894,
    0.05138994753360748,
    0.053876448422670364,
    0.054793741554021835,
    0.059516385197639465,
    0.07218880206346512,
    0.07900504767894745,
    0.07978101819753647,
    0.08411769568920135,
    0.08924244344234467,
    0.09129676222801208,
    0.09592320024967194,
    0.12285787612199783,
    0.1559349000453949,
    0.1908021867275238,
    0.2154366374015808,
    0.2297292798757553,
    0.2551034092903137,
    0.2726985216140747,
    0.3035004436969757,
    0.5337002277374268,
    0.569435179233551,
    0.5944804549217224,
    0.6292784810066223,
    0.713651180267334,
    0.8544108271598816,
    0.9726936221122742,
    0.9886341094970703,
    0.9964073300361633,
    0.9988009929656982
  ]
}