{
  "noise_levels": [
    0.0,
    0.1,
    0.2,
    0.3,
    0.4,
    0.5
  ],
  "accuracy": [
    0.9466666666666667,
    0.92,
    0.8666666666666667,
    0.8533333333333334,
    0.8266666666666667,
    0.84
  ],
  "degradation_rate": -0.2361904761904765
}