{
  "precision": [
    0.16,
    0.16216216216216217,
    0.1643835616438356,
    0.16666666666666666,
    0.16901408450704225,
    0.17142857142857143,
    0.17391304347826086,
    0.17647058823529413,
    0.1791044776119403,
    0.18181818181818182,
    0.18461538461538463,
    0.1875,
    0.19047619047619047,
    0.1935483870967742,
    0.19672131147540983,
    0.2,
    0.2033898305084746,
    0.20689655172413793,
    0.21052631578947367,
    0.21428571428571427,
    0.21818181818181817,
    0.2222222222222222,
    0.22641509433962265,
    0.23076923076923078,
    0.23529411764705882,
    0.24,
    0.24489795918367346,
    0.25,
    0.2553191489361702,
    0.2608695652173913,
    0.26666666666666666,
    0.2727272727272727,
    0.27906976744186046,
    0.2857142857142857,
    0.2926829268292683,
    0.3,
    0.3076923076923077,
    0.3157894736842105,
    0.32432432432432434,
    0.3333333333333333,
    0.34285714285714286,
    0.35294117647058826,
    0.36363636363636365,
    0.375,
    0.3870967741935484,
    0.4,
    0.41379310344827586,
    0.42857142857142855,
    0.4444444444444444,
    0.4230769230769231,
    0.44,
    0.4583333333333333,
    0.4782608695652174,
    0.5,
    0.5238095238095238,
    0.5,
    0.5263157894736842,
    0.5555555555555556,
    0.5882352941176471,
    0.625,
    0.6666666666666666,
    0.7142857142857143,
    0.7692307692307693,
    0.8333333333333334,
    0.9090909090909091,
    0.9,
    0.8888888888888888,
    0.875,
    1.0,
    1.0,
    1.0,
    1.0,
    1.0,
    1.0,
    1.0,
    1.0
  ],
  "recall": [
    1.0,
    1.0,
    1.0,
    1.0,
    1.0,
    1.0,
    1.0,
    1.0,
    1.0,
    1.0,
    1.0,
    1.0,
    1.0,
    1.0,
    1.0,
    1.0,
    1.0,
    1.0,
    1.0,
    1.0,
    1.0,
    1.0,
    1.0,
    1.0,
    1.0,
    1.0,
    1.0,
    1.0,
    1.0,
    1.0,
    1.0,
    1.0,
    1.0,
    1.0,
    1.0,
    1.0,
    1.0,
    1.0,
    1.0,
    1.0,
    1.0,
    1.0,
    1.0,
    1.0,
    1.0,
    1.0,
    1.0,
    1.0,
    1.0,
    0.9166666666666666,
    0.9166666666666666,
    0.9166666666666666,
    0.9166666666666666,
    0.9166666666666666,
    0.9166666666666666,
    0.8333333333333334,
    0.8333333333333334,
    0.8333333333333334,
    0.8333333333333334,
    0.8333333333333334,
    0.8333333333333334,
    0.8333333333333334,
    0.8333333333333334,
    0.8333333333333334,
    0.8333333333333334,
    0.75,
    0.6666666666666666,
    0.5833333333333334,
    0.5833333333333334,
    0.5,
    0.4166666666666667,
    0.3333333333333333,
    0.25,
    0.16666666666666666,
    0.08333333333333333,
    0.0
  ],
  "thresholds": [
    0.004320212174206972,
    0.00551627716049552,
    0.007457130588591099,
    0.007792262826114893,
    0.007810820359736681,
    0.010285819880664349,
    0.010591469705104828,
    0.011094179004430771,
    0.011555333621799946,
    0.011627238243818283,
    0.012782164849340916,
    0.01284637488424778,
    0.013128831051290035,
    0.013622456230223179,
    0.014375260099768639,
    0.015285332687199116,
    0.017413530498743057,
    0.01890554092824459,
    0.01903517358005047,
    0.01929369941353798,
    0.02186819724738598,
    0.022737933322787285,
    0.02464437112212181,
    0.02598738670349121,
    0.0298575758934021,
    0.03012276627123356,
    0.03032872825860977,
    0.03158925101161003,
    0.03246653825044632,
    0.03265996649861336,
    0.03309914842247963,
    0.03369709476828575,
    0.03402820602059364,
    0.03455829247832298,
    0.03628390282392502,
    0.03832630440592766,
    0.0394948273897171,
    0.039634037762880325,
    0.04065453261137009,
    0.041213877499103546,
    0.043080300092697144,
    0.04566503316164017,
    0.04934284836053848,
    0.04960187152028084,
    0.050504956394433975,
    0.052402596920728683,
    0.06338192522525787,
    0.06673750281333923,
    0.06943954527378082,
    0.07914421707391739,
    0.08125628530979156,
    0.0958624854683876,
    0.1121104285120964,
    0.13412116467952728,
    0.138360396027565,
    0.14077135920524597,
    0.1572830080986023,
    0.1591074913740158,
    0.16218747198581696,
    0.16483843326568604,
    0.17007499933242798,
    0.2015889286994934,
    0.28104475140571594,
    0.29635339975357056,
    0.3076862692832947,
    0.38485926389694214,
    0.4096124768257141,
    0.433617502450943,
    0.8227377533912659,
    0.8986259698867798,
    0.9535882472991943,
    0.9593528509140015,
    0.9952310919761658,
    0.9972847700119019,
    0.9982799291610718
  ]
}