{
  "y_true": [
    0,
    0,
    0,
    0,
    0,
    0,
    0,
    0,
    0,
    0,
    0,
    0,
    0,
    0,
    0,
    0,
    0,
    0,
    0,
    0,
    0,
    0,
    0,
    0,
    0,
    0,
    0,
    0,
    0,
    0,
    0,
    0,
    0,
    0,
    0,
    0,
    0,
    0,
    0,
    0,
    0,
    0,
    0,
    0,
    0,
    0,
    0,
    0,
    0,
    0,
    0,
    0,
    0,
    0,
    0,
    0,
    0,
    0,
    0,
    0,
    0,
    0,
    0,
    1,
    1,
    1,
    1,
    1,
    1,
    1,
    1,
    1,
    1,
    1,
    1
  ],
  "y_pred": [
    0,
    0,
    0,
    0,
    1,
    0,
    0,
    0,
    0,
    0,
    0,
    0,
    0,
    0,
    0,
    0,
    0,
    0,
    0,
    0,
    0,
    0,
    0,
    0,
    0,
    0,
    0,
    0,
    0,
    0,
    0,
    0,
    0,
    0,
    0,
    0,
    0,
    0,
    0,
    0,
    0,
    0,
    0,
    0,
    0,
    0,
    0,
    0,
    0,
    0,
    0,
    0,
    0,
    0,
    0,
    0,
    0,
    0,
    0,
    0,
    0,
    0,
    0,
    1,
    1,
    1,
    1,
    1,
    1,
    0,
    0,
    1,
    0,
    1,
    1
  ],
  "y_prob": [
    0.06338192522525787,
    0.04566503316164017,
    0.29635339975357056,
    0.1572830080986023,
    0.433617502450943,
    0.022737933322787285,
    0.007457130588591099,
    0.03246653825044632,
    0.07914421707391739,
    0.0394948273897171,
    0.02464437112212181,
    0.03628390282392502,
    0.013622456230223179,
    0.011627238243818283,
    0.017413530498743057,
    0.015285332687199116,
    0.04934284836053848,
    0.17007499933242798,
    0.06673750281333923,
    0.03309914842247963,
    0.03455829247832298,
    0.012782164849340916,
    0.08125628530979156,
    0.010591469705104828,
    0.01929369941353798,
    0.02598738670349121,
    0.03032872825860977,
    0.04960187152028084,
    0.0298575758934021,
    0.01890554092824459,
    0.011094179004430771,
    0.01903517358005047,
    0.02186819724738598,
    0.16483843326568604,
    0.1121104285120964,
    0.14077135920524597,
    0.03832630440592766,
    0.2015889286994934,
    0.039634037762880325,
    0.04065453261137009,
    0.03012276627123356,
    0.03369709476828575,
    0.041213877499103546,
    0.1591074913740158,
    0.03158925101161003,
    0.050504956394433975,
    0.03265996649861336,
    0.007810820359736681,
    0.03402820602059364,
    0.013128831051290035,
    0.16218747198581696,
    0.004320212174206972,
    0.007792262826114893,
    0.052402596920728683,
    0.00551627716049552,
    0.011555333621799946,
    0.28104475140571594,
    0.0958624854683876,
    0.043080300092697144,
    0.01284637488424778,
    0.014375260099768639,
    0.010285819880664349,
    0.13412116467952728,
    0.9982799291610718,
    0.8227377533912659,
    0.9593528509140015,
    0.9952310919761658,
    0.9972847700119019,
    0.38485926389694214,
    0.138360396027565,
    0.3076862692832947,
    0.4096124768257141,
    0.06943954527378082,
    0.8986259698867798,
    0.9535882472991943
  ]
}