{
  "accuracy": 0.92,
  "balanced_accuracy": 0.7837301587301587,
  "precision": 0.875,
  "recall": 0.5833333333333334,
  "f1": 0.7000000000000001,
  "roc_auc": 0.8373015873015873,
  "pr_auc": 0.7269244826810617,
  "class_distribution": {
    "0": 63,
    "1": 12
  },
  "per_class_precision_recall": {
    "class_0": {
      "precision": 0.9253731343283582,
      "recall": 0.9841269841269841
    },
    "class_1": {
      "precision": 0.875,
      "recall": 0.5833333333333334
    }
  },
  "confusion_matrix": {
    "tn": 62,
    "fp": 1,
    "fn": 5,
    "tp": 7
  },
  "confusion_matrix_normalized": {
    "tn": 0.9841269841269841,
    "fp": 0.015873015873015872,
    "fn": 0.4166666666666667,
    "tp": 0.5833333333333334
  },
  "threshold": 0.44999999999999996,
  "n_samples": 75,
  "mean_probability": 0.1759127676486969,
  "pr_curve": {
    "precision": [
      0.16,
      0.16216216216216217,
      0.1643835616438356,
      0.16666666666666666,
      0.16901408450704225,
      0.17142857142857143,
      0.17391304347826086,
      0.17647058823529413,
      0.1791044776119403,
      0.18181818181818182,
      0.18461538461538463,
      0.1875,
      0.19047619047619047,
      0.1935483870967742,
      0.19672131147540983,
      0.2,
      0.2033898305084746,
      0.20689655172413793,
      0.21052631578947367,
      0.21428571428571427,
      0.21818181818181817,
      0.2222222222222222,
      0.22641509433962265,
      0.23076923076923078,
      0.21568627450980393,
      0.22,
      0.22448979591836735,
      0.22916666666666666,
      0.2127659574468085,
      0.21739130434782608,
      0.2222222222222222,
      0.22727272727272727,
      0.23255813953488372,
      0.23809523809523808,
      0.24390243902439024,
      0.25,
      0.2564102564102564,
      0.2631578947368421,
      0.24324324324324326,
      0.25,
      0.2571428571428571,
      0.2647058823529412,
      0.2727272727272727,
      0.28125,
      0.2903225806451613,
      0.3,
      0.3103448275862069,
      0.32142857142857145,
      0.3333333333333333,
      0.34615384615384615,
      0.36,
      0.375,
      0.391304347826087,
      0.4090909090909091,
      0.42857142857142855,
      0.4,
      0.42105263157894735,
      0.4444444444444444,
      0.47058823529411764,
      0.5,
      0.5333333333333333,
      0.5714285714285714,
      0.5384615384615384,
      0.5833333333333334,
      0.6363636363636364,
      0.7,
      0.7777777777777778,
      0.875,
      1.0,
      1.0,
      1.0,
      1.0,
      1.0,
      1.0,
      1.0,
      1.0
    ],
    "recall": [
      1.0,
      1.0,
      1.0,
      1.0,
      1.0,
      1.0,
      1.0,
      1.0,
      1.0,
      1.0,
      1.0,
      1.0,
      1.0,
      1.0,
      1.0,
      1.0,
      1.0,
      1.0,
      1.0,
      1.0,
      1.0,
      1.0,
      1.0,
      1.0,
      0.9166666666666666,
      0.9166666666666666,
      0.9166666666666666,
      0.9166666666666666,
      0.8333333333333334,
      0.8333333333333334,
      0.8333333333333334,
      0.8333333333333334,
      0.8333333333333334,
      0.8333333333333334,
      0.8333333333333334,
      0.8333333333333334,
      0.8333333333333334,
      0.8333333333333334,
      0.75,
      0.75,
      0.75,
      0.75,
      0.75,
      0.75,
      0.75,
      0.75,
      0.75,
      0.75,
      0.75,
      0.75,
      0.75,
      0.75,
      0.75,
      0.75,
      0.75,
      0.6666666666666666,
      0.6666666666666666,
      0.6666666666666666,
      0.6666666666666666,
      0.6666666666666666,
      0.6666666666666666,
      0.6666666666666666,
      0.5833333333333334,
      0.5833333333333334,
      0.5833333333333334,
      0.5833333333333334,
      0.5833333333333334,
      0.5833333333333334,
      0.5833333333333334,
      0.5,
      0.4166666666666667,
      0.3333333333333333,
      0.25,
      0.16666666666666666,
      0.08333333333333333,
      0.0
    ],
    "thresholds": [
      0.07808501273393631,
      0.07910066843032837,
      0.07957136631011963,
      0.08002283424139023,
      0.08004026859998703,
      0.08011885732412338,
      0.08026111125946045,
      0.08050621300935745,
      0.0805547758936882,
      0.08055548369884491,
      0.08056303858757019,
      0.08062722533941269,
      0.0807531476020813,
      0.08076580613851547,
      0.08088991791009903,
      0.08089125156402588,
      0.08109761774539948,
      0.08117720484733582,
      0.08131591230630875,
      0.08132211118936539,
      0.08137936145067215,
      0.08139590173959732,
      0.08145124465227127,
      0.08152297139167786,
      0.08156806230545044,
      0.08157232403755188,
      0.08180307596921921,
      0.08182553946971893,
      0.08185054361820221,
      0.08233779668807983,
      0.08238416165113449,
      0.08238721638917923,
      0.08246640115976334,
      0.08258943259716034,
      0.08265727758407593,
      0.08279205113649368,
      0.08279593288898468,
      0.08299144357442856,
      0.08342938125133514,
      0.08348613232374191,
      0.08349741995334625,
      0.08408235758543015,
      0.08456531167030334,
      0.08469431102275848,
      0.08469608426094055,
      0.08486946672201157,
      0.08542855083942413,
      0.08580095320940018,
      0.0858631506562233,
      0.08776596933603287,
      0.08894538879394531,
      0.09002556651830673,
      0.09158632904291153,
      0.09214290976524353,
      0.09235148131847382,
      0.09463842958211899,
      0.09533244371414185,
      0.09828362613916397,
      0.09953007102012634,
      0.10029719024896622,
      0.10899263620376587,
      0.11985570937395096,
      0.12879295647144318,
      0.12969760596752167,
      0.1856137067079544,
      0.22023281455039978,
      0.22954294085502625,
      0.6965005397796631,
      0.8093085885047913,
      0.8924784064292908,
      0.9135440587997437,
      0.9167273640632629,
      0.9312648177146912,
      0.9314307570457458,
      0.9321720600128174
    ]
  }
}