{
  "accuracy": 0.9066666666666666,
  "balanced_accuracy": 0.7420634920634921,
  "precision": 0.8571428571428571,
  "recall": 0.5,
  "f1": 0.631578947368421,
  "roc_auc": 0.7843915343915344,
  "pr_auc": 0.6671506734006735,
  "class_distribution": {
    "0": 63,
    "1": 12
  },
  "per_class_precision_recall": {
    "class_0": {
      "precision": 0.9117647058823529,
      "recall": 0.9841269841269841
    },
    "class_1": {
      "precision": 0.8571428571428571,
      "recall": 0.5
    }
  },
  "confusion_matrix": {
    "tn": 62,
    "fp": 1,
    "fn": 6,
    "tp": 6
  },
  "confusion_matrix_normalized": {
    "tn": 0.9841269841269841,
    "fp": 0.015873015873015872,
    "fn": 0.5,
    "tp": 0.5
  },
  "threshold": 0.2,
  "n_samples": 75,
  "mean_probability": 0.13615715503692627,
  "pr_curve": {
    "precision": [
      0.16,
      0.16216216216216217,
      0.1643835616438356,
      0.16666666666666666,
      0.16901408450704225,
      0.17142857142857143,
      0.17391304347826086,
      0.17647058823529413,
      0.1791044776119403,
      0.18181818181818182,
      0.18461538461538463,
      0.1875,
      0.19047619047619047,
      0.1774193548387097,
      0.18032786885245902,
      0.18333333333333332,
      0.1864406779661017,
      0.1896551724137931,
      0.19298245614035087,
      0.19642857142857142,
      0.18181818181818182,
      0.18518518518518517,
      0.18867924528301888,
      0.19230769230769232,
      0.19607843137254902,
      0.2,
      0.20408163265306123,
      0.20833333333333334,
      0.2127659574468085,
      0.21739130434782608,
      0.2222222222222222,
      0.22727272727272727,
      0.23255813953488372,
      0.23809523809523808,
      0.21951219512195122,
      0.225,
      0.23076923076923078,
      0.23684210526315788,
      0.24324324324324326,
      0.25,
      0.2571428571428571,
      0.2647058823529412,
      0.2727272727272727,
      0.28125,
      0.2903225806451613,
      0.3,
      0.27586206896551724,
      0.2857142857142857,
      0.2962962962962963,
      0.3076923076923077,
      0.32,
      0.3333333333333333,
      0.34782608695652173,
      0.36363636363636365,
      0.38095238095238093,
      0.4,
      0.42105263157894735,
      0.4444444444444444,
      0.4117647058823529,
      0.4375,
      0.4666666666666667,
      0.5,
      0.5384615384615384,
      0.5833333333333334,
      0.6363636363636364,
      0.6,
      0.6666666666666666,
      0.75,
      0.8571428571428571,
      1.0,
      1.0,
      1.0,
      1.0,
      1.0,
      1.0,
      1.0
    ],
    "recall": [
      1.0,
      1.0,
      1.0,
      1.0,
      1.0,
      1.0,
      1.0,
      1.0,
      1.0,
      1.0,
      1.0,
      1.0,
      1.0,
      0.9166666666666666,
      0.9166666666666666,
      0.9166666666666666,
      0.9166666666666666,
      0.9166666666666666,
      0.9166666666666666,
      0.9166666666666666,
      0.8333333333333334,
      0.8333333333333334,
      0.8333333333333334,
      0.8333333333333334,
      0.8333333333333334,
      0.8333333333333334,
      0.8333333333333334,
      0.8333333333333334,
      0.8333333333333334,
      0.8333333333333334,
      0.8333333333333334,
      0.8333333333333334,
      0.8333333333333334,
      0.8333333333333334,
      0.75,
      0.75,
      0.75,
      0.75,
      0.75,
      0.75,
      0.75,
      0.75,
      0.75,
      0.75,
      0.75,
      0.75,
      0.6666666666666666,
      0.6666666666666666,
      0.6666666666666666,
      0.6666666666666666,
      0.6666666666666666,
      0.6666666666666666,
      0.6666666666666666,
      0.6666666666666666,
      0.6666666666666666,
      0.6666666666666666,
      0.6666666666666666,
      0.6666666666666666,
      0.5833333333333334,
      0.5833333333333334,
      0.5833333333333334,
      0.5833333333333334,
      0.5833333333333334,
      0.5833333333333334,
      0.5833333333333334,
      0.5,
      0.5,
      0.5,
      0.5,
      0.5,
      0.4166666666666667,
      0.3333333333333333,
      0.25,
      0.16666666666666666,
      0.08333333333333333,
      0.0
    ],
    "thresholds": [
      0.05874137580394745,
      0.060206614434719086,
      0.06061486154794693,
      0.06071213260293007,
      0.06079854816198349,
      0.06093021482229233,
      0.06102900207042694,
      0.061168406158685684,
      0.06148061528801918,
      0.06170205771923065,
      0.0617186538875103,
      0.061873119324445724,
      0.06286148726940155,
      0.0629057064652443,
      0.06297134608030319,
      0.06302918493747711,
      0.06319516897201538,
      0.06324586272239685,
      0.06348483264446259,
      0.06363292038440704,
      0.06364308297634125,
      0.0636742115020752,
      0.06371750682592392,
      0.0637446716427803,
      0.06379515677690506,
      0.06396631896495819,
      0.06396974623203278,
      0.06398193538188934,
      0.06417904794216156,
      0.06449674069881439,
      0.06461203843355179,
      0.06482816487550735,
      0.06487946957349777,
      0.0649104043841362,
      0.06544477492570877,
      0.06551223248243332,
      0.06587293744087219,
      0.06597568839788437,
      0.0662325918674469,
      0.06624346971511841,
      0.0662757158279419,
      0.06636835634708405,
      0.06641942262649536,
      0.06655362248420715,
      0.06665124744176865,
      0.0667181983590126,
      0.06679267436265945,
      0.06741007417440414,
      0.06746114790439606,
      0.06747356802225113,
      0.06811096519231796,
      0.06851109117269516,
      0.0686267539858818,
      0.06962957233190536,
      0.07016380876302719,
      0.07072103023529053,
      0.07087264955043793,
      0.07368621230125427,
      0.07481412589550018,
      0.07811819761991501,
      0.07927896827459335,
      0.0815265104174614,
      0.08724445849657059,
      0.08912975341081619,
      0.09605003148317337,
      0.10116685926914215,
      0.10658411681652069,
      0.1438043713569641,
      0.367540180683136,
      0.5175742506980896,
      0.7476364970207214,
      0.965613842010498,
      0.9687941074371338,
      0.973507285118103,
      0.9749742150306702
    ]
  }
}