{
  "y_true": [
    0,
    0,
    0,
    0,
    0,
    0,
    0,
    0,
    0,
    0,
    0,
    0,
    0,
    0,
    0,
    0,
    0,
    0,
    0,
    0,
    0,
    0,
    0,
    0,
    0,
    0,
    0,
    0,
    0,
    0,
    0,
    0,
    0,
    0,
    0,
    0,
    0,
    0,
    0,
    0,
    0,
    0,
    0,
    0,
    0,
    0,
    0,
    0,
    0,
    0,
    0,
    0,
    0,
    0,
    0,
    0,
    0,
    0,
    0,
    0,
    0,
    0,
    0,
    1,
    1,
    1,
    1,
    1,
    1,
    1,
    1,
    1,
    1,
    1,
    1
  ],
  "y_pred": [
    0,
    0,
    0,
    0,
    0,
    0,
    0,
    0,
    0,
    0,
    0,
    0,
    0,
    0,
    0,
    0,
    0,
    0,
    0,
    0,
    0,
    0,
    0,
    0,
    0,
    0,
    0,
    0,
    0,
    0,
    0,
    0,
    0,
    0,
    0,
    0,
    0,
    0,
    0,
    0,
    0,
    0,
    0,
    1,
    0,
    0,
    0,
    0,
    0,
    0,
    0,
    0,
    0,
    0,
    0,
    0,
    0,
    0,
    0,
    0,
    0,
    0,
    0,
    1,
    1,
    1,
    1,
    1,
    0,
    0,
    0,
    0,
    0,
    1,
    1
  ],
  "y_prob": [
    0.08004026859998703,
    0.08062722533941269,
    0.09158632904291153,
    0.12879295647144318,
    0.22023281455039978,
    0.07910066843032837,
    0.08139590173959732,
    0.22954294085502625,
    0.08011885732412338,
    0.08580095320940018,
    0.08246640115976334,
    0.08348613232374191,
    0.09953007102012634,
    0.08486946672201157,
    0.08132211118936539,
    0.08265727758407593,
    0.08131591230630875,
    0.09533244371414185,
    0.0858631506562233,
    0.08088991791009903,
    0.08137936145067215,
    0.07808501273393631,
    0.09463842958211899,
    0.08055548369884491,
    0.08349741995334625,
    0.08776596933603287,
    0.09002556651830673,
    0.08279593288898468,
    0.08469608426094055,
    0.08180307596921921,
    0.08408235758543015,
    0.08117720484733582,
    0.0805547758936882,
    0.08469431102275848,
    0.08233779668807983,
    0.08109761774539948,
    0.08238721638917923,
    0.08076580613851547,
    0.10899263620376587,
    0.09214290976524353,
    0.08026111125946045,
    0.0807531476020813,
    0.08156806230545044,
    0.6965005397796631,
    0.08894538879394531,
    0.08238416165113449,
    0.09828362613916397,
    0.08342938125133514,
    0.08456531167030334,
    0.07957136631011963,
    0.08279205113649368,
    0.08258943259716034,
    0.08089125156402588,
    0.08145124465227127,
    0.08056303858757019,
    0.08157232403755188,
    0.08542855083942413,
    0.12969760596752167,
    0.08185054361820221,
    0.08050621300935745,
    0.08002283424139023,
    0.10029719024896622,
    0.1856137067079544,
    0.9321720600128174,
    0.9135440587997437,
    0.9314307570457458,
    0.9167273640632629,
    0.9312648177146912,
    0.08182553946971893,
    0.08299144357442856,
    0.11985570937395096,
    0.09235148131847382,
    0.08152297139167786,
    0.8093085885047913,
    0.8924784064292908
  ]
}