{
  "y_true": [
    0,
    0,
    0,
    0,
    0,
    0,
    0,
    0,
    0,
    0,
    0,
    0,
    0,
    0,
    0,
    0,
    0,
    0,
    0,
    0,
    0,
    0,
    0,
    0,
    0,
    0,
    0,
    0,
    0,
    0,
    0,
    0,
    0,
    0,
    0,
    0,
    0,
    0,
    0,
    0,
    0,
    0,
    0,
    0,
    0,
    0,
    0,
    0,
    0,
    0,
    0,
    0,
    0,
    0,
    0,
    0,
    0,
    0,
    0,
    0,
    0,
    0,
    0,
    1,
    1,
    1,
    1,
    1,
    1,
    1,
    1,
    1,
    1,
    1,
    1
  ],
  "y_pred": [
    0,
    0,
    0,
    0,
    0,
    0,
    0,
    0,
    0,
    0,
    0,
    0,
    0,
    0,
    0,
    0,
    0,
    0,
    0,
    0,
    0,
    0,
    0,
    0,
    0,
    0,
    0,
    0,
    0,
    0,
    0,
    0,
    0,
    0,
    0,
    0,
    0,
    0,
    0,
    0,
    0,
    0,
    0,
    1,
    0,
    0,
    0,
    0,
    0,
    0,
    0,
    0,
    0,
    0,
    0,
    0,
    0,
    0,
    0,
    0,
    0,
    0,
    0,
    1,
    1,
    1,
    1,
    1,
    0,
    0,
    0,
    0,
    0,
    0,
    1
  ],
  "y_prob": [
    0.06324586272239685,
    0.06482816487550735,
    0.0629057064652443,
    0.10116685926914215,
    0.1438043713569641,
    0.06297134608030319,
    0.06398193538188934,
    0.10658411681652069,
    0.06962957233190536,
    0.0617186538875103,
    0.0636742115020752,
    0.06587293744087219,
    0.07927896827459335,
    0.06811096519231796,
    0.06551223248243332,
    0.06641942262649536,
    0.06746114790439606,
    0.07481412589550018,
    0.0662325918674469,
    0.06417904794216156,
    0.0662757158279419,
    0.06148061528801918,
    0.07087264955043793,
    0.061873119324445724,
    0.06461203843355179,
    0.06544477492570877,
    0.06741007417440414,
    0.06487946957349777,
    0.06371750682592392,
    0.06079854816198349,
    0.06747356802225113,
    0.06624346971511841,
    0.06379515677690506,
    0.06665124744176865,
    0.06396974623203278,
    0.06851109117269516,
    0.06679267436265945,
    0.06364308297634125,
    0.08724445849657059,
    0.0686267539858818,
    0.06102900207042694,
    0.06396631896495819,
    0.06170205771923065,
    0.367540180683136,
    0.06597568839788437,
    0.06449674069881439,
    0.0815265104174614,
    0.060206614434719086,
    0.07072103023529053,
    0.06093021482229233,
    0.06071213260293007,
    0.06348483264446259,
    0.06319516897201538,
    0.06655362248420715,
    0.06061486154794693,
    0.06302918493747711,
    0.06636835634708405,
    0.07811819761991501,
    0.0637446716427803,
    0.061168406158685684,
    0.05874137580394745,
    0.07016380876302719,
    0.08912975341081619,
    0.973507285118103,
    0.7476364970207214,
    0.9687941074371338,
    0.965613842010498,
    0.9749742150306702,
    0.0667181983590126,
    0.06363292038440704,
    0.0649104043841362,
    0.07368621230125427,
    0.06286148726940155,
    0.09605003148317337,
    0.5175742506980896
  ]
}