{
  "feature_mean": [
    0.2986471354961395,
    -0.0009702387033030391,
    0.2989968955516815,
    0.10837257653474808,
    -0.005973577033728361,
    -0.0004765984194818884,
    0.14842307567596436,
    0.00034115134621970356,
    0.1483316421508789,
    0.06116664782166481,
    0.0005184720503166318,
    -0.00013405513891484588,
    0.5677627921104431,
    -0.00030933687230572104,
    0.5677372217178345,
    0.09123176336288452,
    0.0010457666357979178,
    -0.0010517807677388191,
    0.16202831268310547,
    -9.779689571587369e-05,
    0.1618969440460205,
    0.06314382702112198,
    -0.005765892099589109,
    -0.0004992620088160038,
    0.6159361004829407,
    -0.0014937311643734574,
    0.6164960265159607,
    0.09296448528766632,
    0.004073962569236755,
    -0.0010128499707207084
  ],
  "feature_std": [
    0.22286517918109894,
    0.24069102108478546,
    0.17207558453083038,
    0.09186086803674698,
    0.9418798685073853,
    0.13250719010829926,
    0.13942617177963257,
    0.12843623757362366,
    0.11343652755022049,
    0.04945722967386246,
    0.9563890695571899,
    0.0775747075676918,
    0.3151654303073883,
    0.2117316871881485,
    0.2855471968650818,
    0.10034218430519104,
    0.9520480632781982,
    0.13998186588287354,
    0.143532395362854,
    0.13143131136894226,
    0.11909417808055878,
    0.050573986023664474,
    0.9559218883514404,
    0.0804448127746582,
    0.3353235423564911,
    0.22225914895534515,
    0.30327335000038147,
    0.10820386558771133,
    0.9430742859840393,
    0.14762131869792938
  ]
}