{
  "accuracy": 0.8933333333333333,
  "balanced_accuracy": 0.7341269841269842,
  "precision": 0.75,
  "recall": 0.5,
  "f1": 0.6,
  "roc_auc": 0.8902116402116402,
  "pr_auc": 0.7232758620689655,
  "class_distribution": {
    "0": 63,
    "1": 12
  },
  "per_class_precision_recall": {
    "class_0": {
      "precision": 0.9104477611940298,
      "recall": 0.9682539682539683
    },
    "class_1": {
      "precision": 0.75,
      "recall": 0.5
    }
  },
  "confusion_matrix": {
    "tn": 61,
    "fp": 2,
    "fn": 6,
    "tp": 6
  },
  "confusion_matrix_normalized": {
    "tn": 0.9682539682539683,
    "fp": 0.031746031746031744,
    "fn": 0.5,
    "tp": 0.5
  },
  "threshold": 0.85,
  "n_samples": 75,
  "mean_probability": 0.19718298316001892
}