{
  "precision": [
    0.16,
    0.16216216216216217,
    0.1643835616438356,
    0.16666666666666666,
    0.16901408450704225,
    0.17142857142857143,
    0.17391304347826086,
    0.17647058823529413,
    0.1791044776119403,
    0.18181818181818182,
    0.18461538461538463,
    0.1875,
    0.19047619047619047,
    0.1935483870967742,
    0.19672131147540983,
    0.2,
    0.2033898305084746,
    0.20689655172413793,
    0.21052631578947367,
    0.21428571428571427,
    0.21818181818181817,
    0.2222222222222222,
    0.22641509433962265,
    0.23076923076923078,
    0.23529411764705882,
    0.24,
    0.24489795918367346,
    0.25,
    0.2553191489361702,
    0.2608695652173913,
    0.26666666666666666,
    0.2727272727272727,
    0.27906976744186046,
    0.2857142857142857,
    0.2926829268292683,
    0.3,
    0.3076923076923077,
    0.3157894736842105,
    0.32432432432432434,
    0.3333333333333333,
    0.34285714285714286,
    0.35294117647058826,
    0.36363636363636365,
    0.375,
    0.3870967741935484,
    0.4,
    0.41379310344827586,
    0.42857142857142855,
    0.4444444444444444,
    0.46153846153846156,
    0.44,
    0.4583333333333333,
    0.4782608695652174,
    0.5,
    0.5238095238095238,
    0.55,
    0.5263157894736842,
    0.5555555555555556,
    0.5882352941176471,
    0.625,
    0.6666666666666666,
    0.7142857142857143,
    0.6923076923076923,
    0.75,
    0.8181818181818182,
    0.9,
    0.8888888888888888,
    0.875,
    1.0,
    1.0,
    1.0,
    1.0,
    1.0,
    1.0,
    1.0,
    1.0
  ],
  "recall": [
    1.0,
    1.0,
    1.0,
    1.0,
    1.0,
    1.0,
    1.0,
    1.0,
    1.0,
    1.0,
    1.0,
    1.0,
    1.0,
    1.0,
    1.0,
    1.0,
    1.0,
    1.0,
    1.0,
    1.0,
    1.0,
    1.0,
    1.0,
    1.0,
    1.0,
    1.0,
    1.0,
    1.0,
    1.0,
    1.0,
    1.0,
    1.0,
    1.0,
    1.0,
    1.0,
    1.0,
    1.0,
    1.0,
    1.0,
    1.0,
    1.0,
    1.0,
    1.0,
    1.0,
    1.0,
    1.0,
    1.0,
    1.0,
    1.0,
    1.0,
    0.9166666666666666,
    0.9166666666666666,
    0.9166666666666666,
    0.9166666666666666,
    0.9166666666666666,
    0.9166666666666666,
    0.8333333333333334,
    0.8333333333333334,
    0.8333333333333334,
    0.8333333333333334,
    0.8333333333333334,
    0.8333333333333334,
    0.75,
    0.75,
    0.75,
    0.75,
    0.6666666666666666,
    0.5833333333333334,
    0.5833333333333334,
    0.5,
    0.4166666666666667,
    0.3333333333333333,
    0.25,
    0.16666666666666666,
    0.08333333333333333,
    0.0
  ],
  "thresholds": [
    0.0030925986357033253,
    0.003138934727758169,
    0.003207824658602476,
    0.004342689178884029,
    0.004659521859139204,
    0.0051149302162230015,
    0.005155023653060198,
    0.005560227204114199,
    0.00591684365645051,
    0.0065972707234323025,
    0.006851959507912397,
    0.006874809041619301,
    0.007309573702514172,
    0.0073563591577112675,
    0.007358239497989416,
    0.009740951471030712,
    0.009774668142199516,
    0.010120915248990059,
    0.01126512885093689,
    0.011560121551156044,
    0.011613573879003525,
    0.011652368120849133,
    0.012419485487043858,
    0.014370990917086601,
    0.014594795182347298,
    0.017678730189800262,
    0.018755128607153893,
    0.019518736749887466,
    0.02067207172513008,
    0.02174225263297558,
    0.02219422347843647,
    0.022245224565267563,
    0.02387256734073162,
    0.02495676651597023,
    0.026926899328827858,
    0.027310378849506378,
    0.027356086298823357,
    0.02771890163421631,
    0.028675610199570656,
    0.029029741883277893,
    0.029221106320619583,
    0.029803793877363205,
    0.029962701722979546,
    0.033171236515045166,
    0.034769415855407715,
    0.045694559812545776,
    0.0481598787009716,
    0.051024291664361954,
    0.05853271484375,
    0.06548704952001572,
    0.07775616645812988,
    0.08660539239645004,
    0.09086594730615616,
    0.10298581421375275,
    0.12430911511182785,
    0.12905378639698029,
    0.13582050800323486,
    0.14545662701129913,
    0.19771075248718262,
    0.19803284108638763,
    0.2104022204875946,
    0.23807194828987122,
    0.24783147871494293,
    0.2577018439769745,
    0.3897913992404938,
    0.39675092697143555,
    0.45583224296569824,
    0.4937460422515869,
    0.8399710059165955,
    0.879876971244812,
    0.9616215229034424,
    0.9845015406608582,
    0.9934878349304199,
    0.9971151351928711,
    0.9983273148536682
  ]
}