{
  "y_true": [
    0,
    0,
    0,
    0,
    0,
    0,
    0,
    0,
    0,
    0,
    0,
    0,
    0,
    0,
    0,
    0,
    0,
    0,
    0,
    0,
    0,
    0,
    0,
    0,
    0,
    0,
    0,
    0,
    0,
    0,
    0,
    0,
    0,
    0,
    0,
    0,
    0,
    0,
    0,
    0,
    0,
    0,
    0,
    0,
    0,
    0,
    0,
    0,
    0,
    0,
    0,
    0,
    0,
    0,
    0,
    0,
    0,
    0,
    0,
    0,
    0,
    0,
    0,
    1,
    1,
    1,
    1,
    1,
    1,
    1,
    1,
    1,
    1,
    1,
    1
  ],
  "y_pred": [
    0,
    0,
    1,
    0,
    1,
    0,
    0,
    0,
    0,
    0,
    0,
    0,
    0,
    0,
    0,
    0,
    0,
    0,
    0,
    0,
    0,
    0,
    0,
    0,
    0,
    0,
    0,
    0,
    0,
    0,
    0,
    0,
    0,
    0,
    0,
    0,
    0,
    0,
    0,
    0,
    0,
    0,
    0,
    0,
    0,
    0,
    0,
    0,
    0,
    0,
    0,
    0,
    0,
    0,
    0,
    0,
    0,
    0,
    0,
    0,
    0,
    0,
    0,
    1,
    1,
    1,
    1,
    1,
    1,
    0,
    0,
    1,
    0,
    1,
    1
  ],
  "y_prob": [
    0.10298581421375275,
    0.033171236515045166,
    0.3897913992404938,
    0.09086594730615616,
    0.4937460422515869,
    0.009774668142199516,
    0.0065972707234323025,
    0.02067207172513008,
    0.08660539239645004,
    0.034769415855407715,
    0.011652368120849133,
    0.02387256734073162,
    0.006874809041619301,
    0.004342689178884029,
    0.011613573879003525,
    0.011560121551156044,
    0.029803793877363205,
    0.13582050800323486,
    0.0481598787009716,
    0.02219422347843647,
    0.027356086298823357,
    0.007309573702514172,
    0.05853271484375,
    0.005560227204114199,
    0.009740951471030712,
    0.019518736749887466,
    0.010120915248990059,
    0.045694559812545776,
    0.018755128607153893,
    0.014594795182347298,
    0.007358239497989416,
    0.029221106320619583,
    0.006851959507912397,
    0.14545662701129913,
    0.2104022204875946,
    0.12430911511182785,
    0.017678730189800262,
    0.24783147871494293,
    0.026926899328827858,
    0.029962701722979546,
    0.014370990917086601,
    0.022245224565267563,
    0.02174225263297558,
    0.19771075248718262,
    0.029029741883277893,
    0.02495676651597023,
    0.012419485487043858,
    0.003138934727758169,
    0.028675610199570656,
    0.0073563591577112675,
    0.19803284108638763,
    0.0030925986357033253,
    0.004659521859139204,
    0.02771890163421631,
    0.003207824658602476,
    0.0051149302162230015,
    0.2577018439769745,
    0.051024291664361954,
    0.027310378849506378,
    0.00591684365645051,
    0.01126512885093689,
    0.005155023653060198,
    0.07775616645812988,
    0.9983273148536682,
    0.8399710059165955,
    0.9845015406608582,
    0.9934878349304199,
    0.9971151351928711,
    0.45583224296569824,
    0.12905378639698029,
    0.23807194828987122,
    0.39675092697143555,
    0.06548704952001572,
    0.879876971244812,
    0.9616215229034424
  ]
}