{
  "accuracy": 0.92,
  "balanced_accuracy": 0.7837301587301587,
  "precision": 0.875,
  "recall": 0.5833333333333334,
  "f1": 0.7000000000000001,
  "roc_auc": 0.9589947089947091,
  "pr_auc": 0.8747044159544161,
  "class_distribution": {
    "0": 63,
    "1": 12
  },
  "per_class_precision_recall": {
    "class_0": {
      "precision": 0.9253731343283582,
      "recall": 0.9841269841269841
    },
    "class_1": {
      "precision": 0.875,
      "recall": 0.5833333333333334
    }
  },
  "confusion_matrix": {
    "tn": 62,
    "fp": 1,
    "fn": 5,
    "tp": 7
  },
  "confusion_matrix_normalized": {
    "tn": 0.9841269841269841,
    "fp": 0.015873015873015872,
    "fn": 0.4166666666666667,
    "tp": 0.5833333333333334
  },
  "threshold": 0.39999999999999997,
  "n_samples": 75,
  "mean_probability": 0.14419414103031158,
  "pr_curve": {
    "precision": [
      0.16,
      0.16216216216216217,
      0.1643835616438356,
      0.16666666666666666,
      0.16901408450704225,
      0.17142857142857143,
      0.17391304347826086,
      0.17647058823529413,
      0.1791044776119403,
      0.18181818181818182,
      0.18461538461538463,
      0.1875,
      0.19047619047619047,
      0.1935483870967742,
      0.19672131147540983,
      0.2,
      0.2033898305084746,
      0.20689655172413793,
      0.21052631578947367,
      0.21428571428571427,
      0.21818181818181817,
      0.2222222222222222,
      0.22641509433962265,
      0.23076923076923078,
      0.23529411764705882,
      0.24,
      0.24489795918367346,
      0.25,
      0.2553191489361702,
      0.2608695652173913,
      0.26666666666666666,
      0.2727272727272727,
      0.27906976744186046,
      0.2857142857142857,
      0.2926829268292683,
      0.3,
      0.3076923076923077,
      0.3157894736842105,
      0.32432432432432434,
      0.3333333333333333,
      0.34285714285714286,
      0.35294117647058826,
      0.36363636363636365,
      0.375,
      0.3870967741935484,
      0.4,
      0.41379310344827586,
      0.42857142857142855,
      0.4444444444444444,
      0.46153846153846156,
      0.48,
      0.4583333333333333,
      0.43478260869565216,
      0.45454545454545453,
      0.47619047619047616,
      0.5,
      0.5263157894736842,
      0.5555555555555556,
      0.5882352941176471,
      0.625,
      0.6666666666666666,
      0.7142857142857143,
      0.7692307692307693,
      0.75,
      0.8181818181818182,
      0.9,
      0.8888888888888888,
      0.875,
      1.0,
      1.0,
      1.0,
      1.0,
      1.0,
      1.0,
      1.0,
      1.0
    ],
    "recall": [
      1.0,
      1.0,
      1.0,
      1.0,
      1.0,
      1.0,
      1.0,
      1.0,
      1.0,
      1.0,
      1.0,
      1.0,
      1.0,
      1.0,
      1.0,
      1.0,
      1.0,
      1.0,
      1.0,
      1.0,
      1.0,
      1.0,
      1.0,
      1.0,
      1.0,
      1.0,
      1.0,
      1.0,
      1.0,
      1.0,
      1.0,
      1.0,
      1.0,
      1.0,
      1.0,
      1.0,
      1.0,
      1.0,
      1.0,
      1.0,
      1.0,
      1.0,
      1.0,
      1.0,
      1.0,
      1.0,
      1.0,
      1.0,
      1.0,
      1.0,
      1.0,
      0.9166666666666666,
      0.8333333333333334,
      0.8333333333333334,
      0.8333333333333334,
      0.8333333333333334,
      0.8333333333333334,
      0.8333333333333334,
      0.8333333333333334,
      0.8333333333333334,
      0.8333333333333334,
      0.8333333333333334,
      0.8333333333333334,
      0.75,
      0.75,
      0.75,
      0.6666666666666666,
      0.5833333333333334,
      0.5833333333333334,
      0.5,
      0.4166666666666667,
      0.3333333333333333,
      0.25,
      0.16666666666666666,
      0.08333333333333333,
      0.0
    ],
    "thresholds": [
      0.003684727009385824,
      0.003749504452571273,
      0.003973015118390322,
      0.004496584180742502,
      0.0063460106030106544,
      0.006660969462245703,
      0.006797438487410545,
      0.006993310526013374,
      0.007242092862725258,
      0.00725538982078433,
      0.007579403929412365,
      0.007913821376860142,
      0.008362679742276669,
      0.008630161173641682,
      0.008969346061348915,
      0.009142075665295124,
      0.00968451052904129,
      0.009750371798872948,
      0.01037570834159851,
      0.011201837100088596,
      0.01200883835554123,
      0.012704656459391117,
      0.013731873594224453,
      0.014630524441599846,
      0.014793071895837784,
      0.015510592609643936,
      0.015513447113335133,
      0.015534712933003902,
      0.015764638781547546,
      0.01780655048787594,
      0.018394701182842255,
      0.019251646474003792,
      0.019694486632943153,
      0.02056431956589222,
      0.02078946679830551,
      0.02190191112458706,
      0.02215244434773922,
      0.022905053570866585,
      0.023278677836060524,
      0.027425941079854965,
      0.028448084369301796,
      0.030157607048749924,
      0.031033046543598175,
      0.03539664298295975,
      0.0379517525434494,
      0.042400602251291275,
      0.04999440908432007,
      0.05049135163426399,
      0.051189906895160675,
      0.05177704989910126,
      0.055302366614341736,
      0.05996593087911606,
      0.06614582240581512,
      0.06787723302841187,
      0.08855798840522766,
      0.09001945704221725,
      0.0936741754412651,
      0.11188813298940659,
      0.11710504442453384,
      0.12743717432022095,
      0.14670176804065704,
      0.1833578199148178,
      0.224381685256958,
      0.2321367859840393,
      0.2664285898208618,
      0.3322080671787262,
      0.399789959192276,
      0.45583677291870117,
      0.8833744525909424,
      0.9220254421234131,
      0.9813445806503296,
      0.9914690852165222,
      0.9965818524360657,
      0.9993451237678528,
      0.9995989203453064
    ]
  }
}