{
  "y_true": [
    0,
    0,
    0,
    0,
    0,
    0,
    0,
    0,
    0,
    0,
    0,
    0,
    0,
    0,
    0,
    0,
    0,
    0,
    0,
    0,
    0,
    0,
    0,
    0,
    0,
    0,
    0,
    0,
    0,
    0,
    0,
    0,
    0,
    0,
    0,
    0,
    0,
    0,
    0,
    0,
    0,
    0,
    0,
    0,
    0,
    0,
    0,
    0,
    0,
    0,
    0,
    0,
    0,
    0,
    0,
    0,
    0,
    0,
    0,
    0,
    0,
    0,
    0,
    1,
    1,
    1,
    1,
    1,
    1,
    1,
    1,
    1,
    1,
    1,
    1
  ],
  "y_pred": [
    0,
    0,
    0,
    0,
    1,
    0,
    0,
    0,
    0,
    0,
    0,
    0,
    0,
    0,
    0,
    0,
    0,
    0,
    0,
    0,
    0,
    0,
    0,
    0,
    0,
    0,
    0,
    0,
    0,
    0,
    0,
    0,
    0,
    0,
    0,
    0,
    0,
    0,
    0,
    0,
    0,
    0,
    0,
    0,
    0,
    0,
    0,
    0,
    0,
    0,
    0,
    0,
    0,
    0,
    0,
    0,
    0,
    0,
    0,
    0,
    0,
    0,
    0,
    1,
    1,
    1,
    1,
    1,
    0,
    0,
    0,
    0,
    0,
    1,
    1
  ],
  "y_prob": [
    0.06614582240581512,
    0.030157607048749924,
    0.2664285898208618,
    0.08855798840522766,
    0.45583677291870117,
    0.008630161173641682,
    0.009142075665295124,
    0.01780655048787594,
    0.04999440908432007,
    0.02190191112458706,
    0.015510592609643936,
    0.015534712933003902,
    0.01037570834159851,
    0.006993310526013374,
    0.01200883835554123,
    0.00725538982078433,
    0.02056431956589222,
    0.09001945704221725,
    0.027425941079854965,
    0.023278677836060524,
    0.022905053570866585,
    0.00968451052904129,
    0.05177704989910126,
    0.006660969462245703,
    0.009750371798872948,
    0.019251646474003792,
    0.014630524441599846,
    0.042400602251291275,
    0.02215244434773922,
    0.015513447113335133,
    0.0063460106030106544,
    0.007242092862725258,
    0.007913821376860142,
    0.1833578199148178,
    0.0936741754412651,
    0.11188813298940659,
    0.015764638781547546,
    0.12743717432022095,
    0.05049135163426399,
    0.03539664298295975,
    0.02078946679830551,
    0.018394701182842255,
    0.019694486632943153,
    0.14670176804065704,
    0.028448084369301796,
    0.031033046543598175,
    0.013731873594224453,
    0.004496584180742502,
    0.014793071895837784,
    0.006797438487410545,
    0.11710504442453384,
    0.003684727009385824,
    0.008362679742276669,
    0.011201837100088596,
    0.003749504452571273,
    0.008969346061348915,
    0.2321367859840393,
    0.051189906895160675,
    0.0379517525434494,
    0.007579403929412365,
    0.012704656459391117,
    0.003973015118390322,
    0.06787723302841187,
    0.9995989203453064,
    0.8833744525909424,
    0.9914690852165222,
    0.9965818524360657,
    0.9993451237678528,
    0.399789959192276,
    0.05996593087911606,
    0.224381685256958,
    0.3322080671787262,
    0.055302366614341736,
    0.9220254421234131,
    0.9813445806503296
  ]
}