model,seed,accuracy,balanced_accuracy,precision,recall,f1,roc_auc,pr_auc,params,runtime_seconds
lstm,42,0.92,0.75,1.0,0.5,0.6666666666666666,0.8227513227513228,0.6956702700237184,70785,7.921454429626465
lstm,43,0.9466666666666667,0.8333333333333333,1.0,0.6666666666666666,0.8,0.8756613756613757,0.8037207602339181,70785,7.66038703918457
lstm,44,0.9466666666666667,0.9007936507936508,0.8333333333333334,0.8333333333333334,0.8333333333333334,0.9431216931216932,0.8847064393939396,70785,7.920441150665283
lstm,45,0.9066666666666666,0.7757936507936508,0.7777777777777778,0.5833333333333334,0.6666666666666666,0.8320105820105821,0.7208543771043772,70785,6.743859529495239
lstm,46,0.92,0.8849206349206349,0.7142857142857143,0.8333333333333334,0.7692307692307692,0.9113756613756614,0.8766869095816465,70785,4.525570392608643
