{
  "accuracy": 0.9333333333333333,
  "balanced_accuracy": 0.8253968253968254,
  "precision": 0.8888888888888888,
  "recall": 0.6666666666666666,
  "f1": 0.761904761904762,
  "roc_auc": 0.9007936507936507,
  "pr_auc": 0.8174127022917347,
  "class_distribution": {
    "0": 63,
    "1": 12
  },
  "per_class_precision_recall": {
    "class_0": {
      "precision": 0.9393939393939394,
      "recall": 0.9841269841269841
    },
    "class_1": {
      "precision": 0.8888888888888888,
      "recall": 0.6666666666666666
    }
  },
  "confusion_matrix": {
    "tn": 62,
    "fp": 1,
    "fn": 4,
    "tp": 8
  },
  "confusion_matrix_normalized": {
    "tn": 0.9841269841269841,
    "fp": 0.015873015873015872,
    "fn": 0.3333333333333333,
    "tp": 0.6666666666666666
  },
  "threshold": 0.3,
  "n_samples": 75,
  "mean_probability": 0.11373334378004074,
  "pr_curve": {
    "precision": [
      0.16,
      0.17391304347826086,
      0.1935483870967742,
      0.19298245614035087,
      0.21153846153846154,
      0.2558139534883721,
      0.275,
      0.28205128205128205,
      0.2894736842105263,
      0.3055555555555556,
      0.3333333333333333,
      0.3548387096774194,
      0.36666666666666664,
      0.35714285714285715,
      0.37037037037037035,
      0.38461538461538464,
      0.4,
      0.43478260869565216,
      0.45454545454545453,
      0.5,
      0.5263157894736842,
      0.5882352941176471,
      0.625,
      0.6666666666666666,
      0.6923076923076923,
      0.75,
      0.8181818181818182,
      0.8,
      0.8888888888888888,
      0.875,
      0.8571428571428571,
      1.0,
      1.0,
      1.0,
      1.0,
      1.0,
      1.0
    ],
    "recall": [
      1.0,
      1.0,
      1.0,
      0.9166666666666666,
      0.9166666666666666,
      0.9166666666666666,
      0.9166666666666666,
      0.9166666666666666,
      0.9166666666666666,
      0.9166666666666666,
      0.9166666666666666,
      0.9166666666666666,
      0.9166666666666666,
      0.8333333333333334,
      0.8333333333333334,
      0.8333333333333334,
      0.8333333333333334,
      0.8333333333333334,
      0.8333333333333334,
      0.8333333333333334,
      0.8333333333333334,
      0.8333333333333334,
      0.8333333333333334,
      0.8333333333333334,
      0.75,
      0.75,
      0.75,
      0.6666666666666666,
      0.6666666666666666,
      0.5833333333333334,
      0.5,
      0.5,
      0.3333333333333333,
      0.25,
      0.16666666666666666,
      0.08333333333333333,
      0.0
    ],
    "thresholds": [
      0.0,
      0.004999999888241291,
      0.009999999776482582,
      0.014999999664723873,
      0.019999999552965164,
      0.02500000037252903,
      0.029999999329447746,
      0.03500000014901161,
      0.03999999910593033,
      0.04500000178813934,
      0.054999999701976776,
      0.07000000029802322,
      0.07500000298023224,
      0.08500000089406967,
      0.10499999672174454,
      0.125,
      0.13500000536441803,
      0.14499999582767487,
      0.1599999964237213,
      0.17000000178813934,
      0.17499999701976776,
      0.18000000715255737,
      0.1850000023841858,
      0.1899999976158142,
      0.19499999284744263,
      0.20499999821186066,
      0.22499999403953552,
      0.23999999463558197,
      0.30000001192092896,
      0.3100000023841858,
      0.3499999940395355,
      0.4099999964237213,
      0.4699999988079071,
      0.5950000286102295,
      0.6349999904632568,
      0.8450000286102295
    ]
  }
}