{
  "y_true": [
    0,
    0,
    0,
    0,
    0,
    0,
    0,
    0,
    0,
    0,
    0,
    0,
    0,
    0,
    0,
    0,
    0,
    0,
    0,
    0,
    0,
    0,
    0,
    0,
    0,
    0,
    0,
    0,
    0,
    0,
    0,
    0,
    0,
    0,
    0,
    0,
    0,
    0,
    0,
    0,
    0,
    0,
    0,
    0,
    0,
    0,
    0,
    0,
    0,
    0,
    0,
    0,
    0,
    0,
    0,
    0,
    0,
    0,
    0,
    0,
    0,
    0,
    0,
    1,
    1,
    1,
    1,
    1,
    1,
    1,
    1,
    1,
    1,
    1,
    1
  ],
  "y_pred": [
    0,
    0,
    1,
    0,
    0,
    0,
    0,
    0,
    0,
    0,
    0,
    0,
    0,
    0,
    0,
    0,
    0,
    0,
    0,
    0,
    0,
    0,
    0,
    0,
    0,
    0,
    0,
    0,
    0,
    0,
    0,
    0,
    0,
    0,
    0,
    0,
    0,
    0,
    0,
    0,
    0,
    0,
    0,
    0,
    0,
    0,
    0,
    0,
    0,
    0,
    0,
    0,
    0,
    0,
    0,
    0,
    0,
    0,
    0,
    0,
    0,
    0,
    0,
    1,
    1,
    1,
    1,
    1,
    0,
    0,
    0,
    1,
    0,
    1,
    1
  ],
  "y_prob": [
    0.23999999463558197,
    0.019999999552965164,
    0.3499999940395355,
    0.1599999964237213,
    0.17000000178813934,
    0.03999999910593033,
    0.004999999888241291,
    0.019999999552965164,
    0.125,
    0.004999999888241291,
    0.054999999701976776,
    0.054999999701976776,
    0.04500000178813934,
    0.019999999552965164,
    0.07500000298023224,
    0.004999999888241291,
    0.014999999664723873,
    0.20499999821186066,
    0.03500000014901161,
    0.08500000089406967,
    0.0,
    0.014999999664723873,
    0.13500000536441803,
    0.004999999888241291,
    0.014999999664723873,
    0.02500000037252903,
    0.009999999776482582,
    0.02500000037252903,
    0.009999999776482582,
    0.019999999552965164,
    0.0,
    0.009999999776482582,
    0.019999999552965164,
    0.1850000023841858,
    0.18000000715255737,
    0.1599999964237213,
    0.0,
    0.10499999672174454,
    0.04500000178813934,
    0.019999999552965164,
    0.029999999329447746,
    0.019999999552965164,
    0.07000000029802322,
    0.17499999701976776,
    0.014999999664723873,
    0.019999999552965164,
    0.04500000178813934,
    0.0,
    0.009999999776482582,
    0.004999999888241291,
    0.17499999701976776,
    0.0,
    0.0,
    0.03999999910593033,
    0.014999999664723873,
    0.004999999888241291,
    0.19499999284744263,
    0.1899999976158142,
    0.019999999552965164,
    0.004999999888241291,
    0.13500000536441803,
    0.02500000037252903,
    0.14499999582767487,
    0.5950000286102295,
    0.30000001192092896,
    0.4099999964237213,
    0.8450000286102295,
    0.6349999904632568,
    0.22499999403953552,
    0.07500000298023224,
    0.1899999976158142,
    0.4099999964237213,
    0.009999999776482582,
    0.3100000023841858,
    0.4699999988079071
  ]
}