{
  "accuracy": 0.9066666666666666,
  "balanced_accuracy": 0.7083333333333334,
  "precision": 1.0,
  "recall": 0.4166666666666667,
  "f1": 0.5882352941176471,
  "roc_auc": 0.9470899470899471,
  "pr_auc": 0.8543436819172114,
  "class_distribution": {
    "0": 63,
    "1": 12
  },
  "per_class_precision_recall": {
    "class_0": {
      "precision": 0.9,
      "recall": 1.0
    },
    "class_1": {
      "precision": 1.0,
      "recall": 0.4166666666666667
    }
  },
  "confusion_matrix": {
    "tn": 63,
    "fp": 0,
    "fn": 7,
    "tp": 5
  },
  "confusion_matrix_normalized": {
    "tn": 1.0,
    "fp": 0.0,
    "fn": 0.5833333333333334,
    "tp": 0.4166666666666667
  },
  "threshold": 0.5,
  "n_samples": 75,
  "mean_probability": 0.15300078690052032
}