{
  "precision": [
    0.16,
    0.16216216216216217,
    0.1643835616438356,
    0.16666666666666666,
    0.16901408450704225,
    0.17142857142857143,
    0.17391304347826086,
    0.17647058823529413,
    0.1791044776119403,
    0.18181818181818182,
    0.18461538461538463,
    0.1875,
    0.19047619047619047,
    0.1935483870967742,
    0.19672131147540983,
    0.2,
    0.2033898305084746,
    0.20689655172413793,
    0.21052631578947367,
    0.21428571428571427,
    0.21818181818181817,
    0.2222222222222222,
    0.20754716981132076,
    0.21153846153846154,
    0.21568627450980393,
    0.22,
    0.22448979591836735,
    0.22916666666666666,
    0.23404255319148937,
    0.2391304347826087,
    0.24444444444444444,
    0.25,
    0.23255813953488372,
    0.23809523809523808,
    0.24390243902439024,
    0.25,
    0.2564102564102564,
    0.2631578947368421,
    0.2702702702702703,
    0.2777777777777778,
    0.2857142857142857,
    0.2647058823529412,
    0.2727272727272727,
    0.28125,
    0.2903225806451613,
    0.3,
    0.3103448275862069,
    0.32142857142857145,
    0.3333333333333333,
    0.34615384615384615,
    0.36,
    0.375,
    0.391304347826087,
    0.4090909090909091,
    0.42857142857142855,
    0.45,
    0.47368421052631576,
    0.5,
    0.5294117647058824,
    0.5625,
    0.6,
    0.5714285714285714,
    0.6153846153846154,
    0.6666666666666666,
    0.7272727272727273,
    0.8,
    0.7777777777777778,
    0.875,
    1.0,
    1.0,
    1.0,
    1.0,
    1.0,
    1.0,
    1.0,
    1.0
  ],
  "recall": [
    1.0,
    1.0,
    1.0,
    1.0,
    1.0,
    1.0,
    1.0,
    1.0,
    1.0,
    1.0,
    1.0,
    1.0,
    1.0,
    1.0,
    1.0,
    1.0,
    1.0,
    1.0,
    1.0,
    1.0,
    1.0,
    1.0,
    0.9166666666666666,
    0.9166666666666666,
    0.9166666666666666,
    0.9166666666666666,
    0.9166666666666666,
    0.9166666666666666,
    0.9166666666666666,
    0.9166666666666666,
    0.9166666666666666,
    0.9166666666666666,
    0.8333333333333334,
    0.8333333333333334,
    0.8333333333333334,
    0.8333333333333334,
    0.8333333333333334,
    0.8333333333333334,
    0.8333333333333334,
    0.8333333333333334,
    0.8333333333333334,
    0.75,
    0.75,
    0.75,
    0.75,
    0.75,
    0.75,
    0.75,
    0.75,
    0.75,
    0.75,
    0.75,
    0.75,
    0.75,
    0.75,
    0.75,
    0.75,
    0.75,
    0.75,
    0.75,
    0.75,
    0.6666666666666666,
    0.6666666666666666,
    0.6666666666666666,
    0.6666666666666666,
    0.6666666666666666,
    0.5833333333333334,
    0.5833333333333334,
    0.5833333333333334,
    0.5,
    0.4166666666666667,
    0.3333333333333333,
    0.25,
    0.16666666666666666,
    0.08333333333333333,
    0.0
  ],
  "thresholds": [
    0.06804102659225464,
    0.06807687878608704,
    0.06957374513149261,
    0.06965360045433044,
    0.06990327686071396,
    0.0702352374792099,
    0.07053856551647186,
    0.07071603089570999,
    0.0709533765912056,
    0.07126050442457199,
    0.07127279788255692,
    0.07156596332788467,
    0.07157473266124725,
    0.07168737053871155,
    0.0722571462392807,
    0.07234007120132446,
    0.0727570429444313,
    0.07290417701005936,
    0.07299789786338806,
    0.07319318503141403,
    0.0732240155339241,
    0.07466769218444824,
    0.07526015490293503,
    0.07527228444814682,
    0.07527314871549606,
    0.07588791847229004,
    0.07605133205652237,
    0.07624388486146927,
    0.0762593150138855,
    0.0762997567653656,
    0.0764811709523201,
    0.07683030515909195,
    0.07683764398097992,
    0.07796423137187958,
    0.07826662063598633,
    0.07850955426692963,
    0.07887005805969238,
    0.07915002107620239,
    0.08156187832355499,
    0.08200645446777344,
    0.08239921927452087,
    0.08320263773202896,
    0.08387673646211624,
    0.08664725720882416,
    0.08808532357215881,
    0.08810118585824966,
    0.08992649614810944,
    0.09131234139204025,
    0.091706782579422,
    0.092885822057724,
    0.09583259373903275,
    0.09621407091617584,
    0.09767719358205795,
    0.09779069572687149,
    0.10014645010232925,
    0.10815093666315079,
    0.11102399230003357,
    0.11474456638097763,
    0.11476839333772659,
    0.1418236345052719,
    0.14229713380336761,
    0.14593017101287842,
    0.17142125964164734,
    0.1841418594121933,
    0.2262359857559204,
    0.2602540850639343,
    0.381367027759552,
    0.3976019620895386,
    0.6513750553131104,
    0.8230249881744385,
    0.8462766408920288,
    0.8543569445610046,
    0.8555581569671631,
    0.8562841415405273,
    0.8590003252029419
  ]
}