{
  "y_true": [
    0,
    0,
    0,
    0,
    0,
    0,
    0,
    0,
    0,
    0,
    0,
    0,
    0,
    0,
    0,
    0,
    0,
    0,
    0,
    0,
    0,
    0,
    0,
    0,
    0,
    0,
    0,
    0,
    0,
    0,
    0,
    0,
    0,
    0,
    0,
    0,
    0,
    0,
    0,
    0,
    0,
    0,
    0,
    0,
    0,
    0,
    0,
    0,
    0,
    0,
    0,
    0,
    0,
    0,
    0,
    0,
    0,
    0,
    0,
    0,
    0,
    0,
    0,
    1,
    1,
    1,
    1,
    1,
    1,
    1,
    1,
    1,
    1,
    1,
    1
  ],
  "y_pred": [
    0,
    0,
    0,
    0,
    0,
    0,
    0,
    0,
    0,
    0,
    0,
    0,
    0,
    0,
    0,
    0,
    0,
    0,
    0,
    0,
    0,
    0,
    0,
    0,
    0,
    0,
    0,
    0,
    0,
    0,
    0,
    0,
    0,
    0,
    0,
    0,
    0,
    0,
    0,
    0,
    0,
    0,
    0,
    0,
    0,
    0,
    0,
    0,
    0,
    0,
    0,
    0,
    0,
    0,
    0,
    0,
    0,
    0,
    0,
    0,
    0,
    0,
    0,
    1,
    1,
    1,
    1,
    1,
    0,
    0,
    0,
    0,
    0,
    0,
    1
  ],
  "y_prob": [
    0.07126050442457199,
    0.07527228444814682,
    0.09621407091617584,
    0.381367027759552,
    0.2262359857559204,
    0.07234007120132446,
    0.0709533765912056,
    0.17142125964164734,
    0.07915002107620239,
    0.07527314871549606,
    0.07605133205652237,
    0.0762997567653656,
    0.11476839333772659,
    0.09583259373903275,
    0.08810118585824966,
    0.07683764398097992,
    0.11474456638097763,
    0.1418236345052719,
    0.08387673646211624,
    0.0762593150138855,
    0.07299789786338806,
    0.0722571462392807,
    0.09131234139204025,
    0.06957374513149261,
    0.06804102659225464,
    0.10815093666315079,
    0.07588791847229004,
    0.07290417701005936,
    0.07319318503141403,
    0.07127279788255692,
    0.07168737053871155,
    0.07053856551647186,
    0.07156596332788467,
    0.08200645446777344,
    0.08808532357215881,
    0.08664725720882416,
    0.08320263773202896,
    0.0764811709523201,
    0.11102399230003357,
    0.10014645010232925,
    0.07826662063598633,
    0.0727570429444313,
    0.0732240155339241,
    0.3976019620895386,
    0.092885822057724,
    0.08156187832355499,
    0.09767719358205795,
    0.07526015490293503,
    0.07887005805969238,
    0.06990327686071396,
    0.091706782579422,
    0.06965360045433044,
    0.07850955426692963,
    0.07796423137187958,
    0.06807687878608704,
    0.0702352374792099,
    0.08992649614810944,
    0.14593017101287842,
    0.07624388486146927,
    0.07071603089570999,
    0.07157473266124725,
    0.09779069572687149,
    0.1841418594121933,
    0.8562841415405273,
    0.8230249881744385,
    0.8555581569671631,
    0.8543569445610046,
    0.8590003252029419,
    0.08239921927452087,
    0.07683030515909195,
    0.2602540850639343,
    0.14229713380336761,
    0.07466769218444824,
    0.6513750553131104,
    0.8462766408920288
  ]
}