{
  "y_true": [
    0,
    0,
    0,
    0,
    0,
    0,
    0,
    0,
    0,
    0,
    0,
    0,
    0,
    0,
    0,
    0,
    0,
    0,
    0,
    0,
    0,
    0,
    0,
    0,
    0,
    0,
    0,
    0,
    0,
    0,
    0,
    0,
    0,
    0,
    0,
    0,
    0,
    0,
    0,
    0,
    0,
    0,
    0,
    0,
    0,
    0,
    0,
    0,
    0,
    0,
    0,
    0,
    0,
    0,
    0,
    0,
    0,
    0,
    0,
    0,
    0,
    0,
    0,
    1,
    1,
    1,
    1,
    1,
    1,
    1,
    1,
    1,
    1,
    1,
    1
  ],
  "y_pred": [
    0,
    0,
    0,
    0,
    0,
    0,
    0,
    0,
    0,
    0,
    0,
    0,
    0,
    0,
    0,
    0,
    0,
    0,
    0,
    0,
    0,
    0,
    0,
    0,
    0,
    0,
    0,
    0,
    0,
    0,
    0,
    0,
    0,
    0,
    0,
    0,
    0,
    0,
    0,
    0,
    0,
    0,
    0,
    1,
    0,
    0,
    0,
    0,
    0,
    0,
    0,
    0,
    0,
    0,
    0,
    0,
    0,
    0,
    0,
    0,
    0,
    0,
    0,
    1,
    1,
    1,
    1,
    1,
    0,
    0,
    0,
    0,
    0,
    1,
    1
  ],
  "y_prob": [
    0.06196970492601395,
    0.06303450465202332,
    0.08997848629951477,
    0.27816081047058105,
    0.19553476572036743,
    0.0631682425737381,
    0.06487521529197693,
    0.11195075511932373,
    0.06897292286157608,
    0.07232087850570679,
    0.06577251106500626,
    0.06553219258785248,
    0.09123773127794266,
    0.07374192029237747,
    0.06827832758426666,
    0.06326579302549362,
    0.06534980982542038,
    0.0935082659125328,
    0.07211675494909286,
    0.06769168376922607,
    0.06448661535978317,
    0.06189766153693199,
    0.08421557396650314,
    0.06424189358949661,
    0.06261685490608215,
    0.07195787876844406,
    0.06718306243419647,
    0.06649123132228851,
    0.06587550789117813,
    0.06379793584346771,
    0.06726573407649994,
    0.06594525277614594,
    0.06495852023363113,
    0.07016827166080475,
    0.078119195997715,
    0.06612226366996765,
    0.06973077356815338,
    0.06605015695095062,
    0.10356228798627853,
    0.07220199704170227,
    0.0643349215388298,
    0.06335117667913437,
    0.06750048696994781,
    0.7447164058685303,
    0.06401378661394119,
    0.06704647094011307,
    0.07298168540000916,
    0.07230032980442047,
    0.06415162980556488,
    0.06124197319149971,
    0.06800360232591629,
    0.06345739215612411,
    0.0666845515370369,
    0.0657716765999794,
    0.062413088977336884,
    0.06364263594150543,
    0.07220430672168732,
    0.10235609114170074,
    0.06603548675775528,
    0.06463482230901718,
    0.06225376948714256,
    0.08297139406204224,
    0.0785728469491005,
    0.9809312224388123,
    0.9605547189712524,
    0.9796702861785889,
    0.9787503480911255,
    0.9811671376228333,
    0.06918106228113174,
    0.06650731712579727,
    0.17113171517848969,
    0.08569345623254776,
    0.06803857535123825,
    0.7192579507827759,
    0.9686194658279419
  ]
}