{
  "confusion_matrix": {
    "tn": 43,
    "fp": 20,
    "fn": 8,
    "tp": 4
  },
  "confusion_matrix_normalized": {
    "tn": 0.6825396825396826,
    "fp": 0.31746031746031744,
    "fn": 0.6666666666666666,
    "tp": 0.3333333333333333
  }
}