metric,before,after_mean
accuracy,1.0,0.9393939393939394
precision,0.9999999991666666,0.9060606050364816
recall,0.9999999991666666,0.6944444438657408
f1,0.9999999941666666,0.7792108674314102
ece,0.2122387911205168,0.07719477109643287
brier,0.0502220019698143,0.053403690457344055
fp,0.0,1.0
