{
  "precision": [
    0.16,
    0.16216216216216217,
    0.1643835616438356,
    0.16666666666666666,
    0.16901408450704225,
    0.17142857142857143,
    0.17391304347826086,
    0.17647058823529413,
    0.1791044776119403,
    0.18181818181818182,
    0.18461538461538463,
    0.1875,
    0.19047619047619047,
    0.1935483870967742,
    0.19672131147540983,
    0.2,
    0.2033898305084746,
    0.20689655172413793,
    0.21052631578947367,
    0.21428571428571427,
    0.21818181818181817,
    0.2222222222222222,
    0.22641509433962265,
    0.23076923076923078,
    0.23529411764705882,
    0.24,
    0.24489795918367346,
    0.25,
    0.2553191489361702,
    0.2608695652173913,
    0.26666666666666666,
    0.2727272727272727,
    0.27906976744186046,
    0.2857142857142857,
    0.2682926829268293,
    0.275,
    0.28205128205128205,
    0.2894736842105263,
    0.2972972972972973,
    0.3055555555555556,
    0.3142857142857143,
    0.3235294117647059,
    0.3333333333333333,
    0.34375,
    0.3548387096774194,
    0.36666666666666664,
    0.3793103448275862,
    0.39285714285714285,
    0.4074074074074074,
    0.4230769230769231,
    0.44,
    0.4166666666666667,
    0.43478260869565216,
    0.45454545454545453,
    0.47619047619047616,
    0.45,
    0.47368421052631576,
    0.5,
    0.47058823529411764,
    0.5,
    0.4666666666666667,
    0.5,
    0.5384615384615384,
    0.5833333333333334,
    0.6363636363636364,
    0.7,
    0.6666666666666666,
    0.75,
    0.7142857142857143,
    0.6666666666666666,
    0.8,
    0.75,
    1.0,
    1.0,
    1.0,
    1.0
  ],
  "recall": [
    1.0,
    1.0,
    1.0,
    1.0,
    1.0,
    1.0,
    1.0,
    1.0,
    1.0,
    1.0,
    1.0,
    1.0,
    1.0,
    1.0,
    1.0,
    1.0,
    1.0,
    1.0,
    1.0,
    1.0,
    1.0,
    1.0,
    1.0,
    1.0,
    1.0,
    1.0,
    1.0,
    1.0,
    1.0,
    1.0,
    1.0,
    1.0,
    1.0,
    1.0,
    0.9166666666666666,
    0.9166666666666666,
    0.9166666666666666,
    0.9166666666666666,
    0.9166666666666666,
    0.9166666666666666,
    0.9166666666666666,
    0.9166666666666666,
    0.9166666666666666,
    0.9166666666666666,
    0.9166666666666666,
    0.9166666666666666,
    0.9166666666666666,
    0.9166666666666666,
    0.9166666666666666,
    0.9166666666666666,
    0.9166666666666666,
    0.8333333333333334,
    0.8333333333333334,
    0.8333333333333334,
    0.8333333333333334,
    0.75,
    0.75,
    0.75,
    0.6666666666666666,
    0.6666666666666666,
    0.5833333333333334,
    0.5833333333333334,
    0.5833333333333334,
    0.5833333333333334,
    0.5833333333333334,
    0.5833333333333334,
    0.5,
    0.5,
    0.4166666666666667,
    0.3333333333333333,
    0.3333333333333333,
    0.25,
    0.25,
    0.16666666666666666,
    0.08333333333333333,
    0.0
  ],
  "thresholds": [
    1.6907867106397134e-08,
    1.7920504191693e-08,
    2.491163897389015e-08,
    3.965824646456895e-08,
    5.554777970928626e-08,
    5.697731708664833e-08,
    6.181338108035561e-08,
    9.124593702836137e-08,
    1.1997769888694165e-07,
    1.3578993218743562e-07,
    2.075313290106351e-07,
    3.241106298901286e-07,
    5.216693352849688e-07,
    6.351145884764264e-07,
    6.753103889423073e-07,
    8.677840241944068e-07,
    1.0497601579118054e-06,
    1.085742042050697e-06,
    1.3110967529428308e-06,
    1.413775976288889e-06,
    2.2693332084600115e-06,
    2.4872313133528223e-06,
    2.5813533284235746e-06,
    3.102476739513804e-06,
    3.1526410566584673e-06,
    3.488839183773962e-06,
    3.619614290073514e-06,
    4.657099907490192e-06,
    5.2795280680584256e-06,
    6.391311671904987e-06,
    1.0158675650018267e-05,
    1.2374574907880742e-05,
    1.6380532542825677e-05,
    1.6784450053819455e-05,
    1.8808719687513076e-05,
    1.943809911608696e-05,
    2.0804051018785685e-05,
    3.27801717503462e-05,
    3.6000896216137335e-05,
    4.855823135585524e-05,
    4.870710108662024e-05,
    4.9465128540759906e-05,
    5.7920955441659316e-05,
    7.605278369737789e-05,
    0.0001370668032905087,
    0.0002728428225964308,
    0.0003602528013288975,
    0.00046880575246177614,
    0.0004818366141989827,
    0.0004911517607979476,
    0.0005565499304793775,
    0.0006649414426647127,
    0.0006808809703215957,
    0.0007781460881233215,
    0.0009564711363054812,
    0.0010299987625330687,
    0.0012417087564244866,
    0.002046704525128007,
    0.0021812983322888613,
    0.0022770154755562544,
    0.0028858520090579987,
    0.003210777649655938,
    0.0062242173589766026,
    0.01909807324409485,
    0.025611670687794685,
    0.14692579209804535,
    0.18346521258354187,
    0.1879221498966217,
    0.25078514218330383,
    0.41114404797554016,
    0.4693084955215454,
    0.6863843202590942,
    0.9543566703796387,
    0.9993560910224915,
    0.9995747208595276
  ]
}