{
  "y_true": [
    0,
    0,
    0,
    0,
    0,
    0,
    0,
    0,
    0,
    0,
    0,
    0,
    0,
    0,
    0,
    0,
    0,
    0,
    0,
    0,
    0,
    0,
    0,
    0,
    0,
    0,
    0,
    0,
    0,
    0,
    0,
    0,
    0,
    0,
    0,
    0,
    0,
    0,
    0,
    0,
    0,
    0,
    0,
    0,
    0,
    0,
    0,
    0,
    0,
    0,
    0,
    0,
    0,
    0,
    0,
    0,
    0,
    0,
    0,
    0,
    0,
    0,
    0,
    1,
    1,
    1,
    1,
    1,
    1,
    1,
    1,
    1,
    1,
    1,
    1
  ],
  "y_pred": [
    0,
    0,
    0,
    0,
    0,
    0,
    0,
    0,
    0,
    0,
    0,
    0,
    0,
    0,
    0,
    0,
    0,
    0,
    0,
    0,
    0,
    0,
    0,
    0,
    0,
    0,
    0,
    0,
    0,
    0,
    0,
    0,
    0,
    0,
    0,
    1,
    0,
    0,
    0,
    0,
    0,
    0,
    0,
    0,
    0,
    0,
    0,
    0,
    0,
    0,
    0,
    0,
    0,
    0,
    0,
    0,
    0,
    0,
    0,
    0,
    0,
    0,
    0,
    1,
    0,
    1,
    0,
    1,
    0,
    0,
    0,
    0,
    0,
    0,
    0
  ],
  "y_prob": [
    0.0006808809703215957,
    0.003210777649655938,
    0.0012417087564244866,
    0.025611670687794685,
    0.01909807324409485,
    4.870710108662024e-05,
    1.7920504191693e-08,
    0.0004818366141989827,
    0.0028858520090579987,
    0.0007781460881233215,
    0.0004911517607979476,
    3.1526410566584673e-06,
    1.6907867106397134e-08,
    4.855823135585524e-05,
    1.943809911608696e-05,
    3.27801717503462e-05,
    8.677840241944068e-07,
    0.41114404797554016,
    1.3110967529428308e-06,
    1.413775976288889e-06,
    4.657099907490192e-06,
    6.391311671904987e-06,
    0.0003602528013288975,
    4.9465128540759906e-05,
    1.3578993218743562e-07,
    1.085742042050697e-06,
    2.5813533284235746e-06,
    5.2795280680584256e-06,
    2.4872313133528223e-06,
    1.1997769888694165e-07,
    5.554777970928626e-08,
    1.0497601579118054e-06,
    3.965824646456895e-08,
    0.0062242173589766026,
    1.0158675650018267e-05,
    0.6863843202590942,
    0.0021812983322888613,
    3.488839183773962e-06,
    0.0006649414426647127,
    3.6000896216137335e-05,
    0.00046880575246177614,
    1.2374574907880742e-05,
    3.619614290073514e-06,
    0.18346521258354187,
    5.216693352849688e-07,
    2.075313290106351e-07,
    1.6380532542825677e-05,
    5.697731708664833e-08,
    0.0001370668032905087,
    3.102476739513804e-06,
    0.0010299987625330687,
    9.124593702836137e-08,
    6.181338108035561e-08,
    2.2693332084600115e-06,
    3.241106298901286e-07,
    2.491163897389015e-08,
    0.0002728428225964308,
    1.8808719687513076e-05,
    7.605278369737789e-05,
    6.753103889423073e-07,
    2.0804051018785685e-05,
    6.351145884764264e-07,
    5.7920955441659316e-05,
    0.9993560910224915,
    0.25078514218330383,
    0.9543566703796387,
    0.1879221498966217,
    0.9995747208595276,
    0.0009564711363054812,
    1.6784450053819455e-05,
    0.002046704525128007,
    0.0022770154755562544,
    0.0005565499304793775,
    0.4693084955215454,
    0.14692579209804535
  ]
}