{
  "accuracy": 0.9066666666666666,
  "balanced_accuracy": 0.8095238095238095,
  "precision": 0.7272727272727273,
  "recall": 0.6666666666666666,
  "f1": 0.6956521739130435,
  "roc_auc": 0.9074074074074074,
  "pr_auc": 0.8265700216131252,
  "class_distribution": {
    "0": 63,
    "1": 12
  },
  "per_class_precision_recall": {
    "class_0": {
      "precision": 0.9375,
      "recall": 0.9523809523809523
    },
    "class_1": {
      "precision": 0.7272727272727273,
      "recall": 0.6666666666666666
    }
  },
  "confusion_matrix": {
    "tn": 60,
    "fp": 3,
    "fn": 4,
    "tp": 8
  },
  "confusion_matrix_normalized": {
    "tn": 0.9523809523809523,
    "fp": 0.047619047619047616,
    "fn": 0.3333333333333333,
    "tp": 0.6666666666666666
  },
  "threshold": 0.3,
  "n_samples": 75,
  "mean_probability": 0.1733117252588272
}