{
  "accuracy": 0.9466666666666667,
  "balanced_accuracy": 0.8333333333333333,
  "precision": 1.0,
  "recall": 0.6666666666666666,
  "f1": 0.8,
  "roc_auc": 0.958994708994709,
  "pr_auc": 0.8795070871157828,
  "class_distribution": {
    "0": 63,
    "1": 12
  },
  "per_class_precision_recall": {
    "class_0": {
      "precision": 0.9402985074626866,
      "recall": 1.0
    },
    "class_1": {
      "precision": 1.0,
      "recall": 0.6666666666666666
    }
  },
  "confusion_matrix": {
    "tn": 63,
    "fp": 0,
    "fn": 4,
    "tp": 8
  },
  "confusion_matrix_normalized": {
    "tn": 1.0,
    "fp": 0.0,
    "fn": 0.3333333333333333,
    "tp": 0.6666666666666666
  },
  "threshold": 0.5,
  "n_samples": 75,
  "mean_probability": 0.1305805891752243,
  "pr_curve": {
    "precision": [
      0.16,
      0.16216216216216217,
      0.1643835616438356,
      0.16666666666666666,
      0.16901408450704225,
      0.17142857142857143,
      0.17391304347826086,
      0.17647058823529413,
      0.1791044776119403,
      0.18181818181818182,
      0.18461538461538463,
      0.1875,
      0.19047619047619047,
      0.1935483870967742,
      0.19672131147540983,
      0.2,
      0.2033898305084746,
      0.20689655172413793,
      0.21052631578947367,
      0.21428571428571427,
      0.21818181818181817,
      0.2222222222222222,
      0.22641509433962265,
      0.23076923076923078,
      0.23529411764705882,
      0.24,
      0.24489795918367346,
      0.25,
      0.2553191489361702,
      0.2608695652173913,
      0.26666666666666666,
      0.2727272727272727,
      0.27906976744186046,
      0.2857142857142857,
      0.2926829268292683,
      0.3,
      0.3076923076923077,
      0.3157894736842105,
      0.32432432432432434,
      0.3333333333333333,
      0.34285714285714286,
      0.35294117647058826,
      0.36363636363636365,
      0.375,
      0.3870967741935484,
      0.4,
      0.41379310344827586,
      0.42857142857142855,
      0.4444444444444444,
      0.46153846153846156,
      0.44,
      0.4583333333333333,
      0.4782608695652174,
      0.45454545454545453,
      0.47619047619047616,
      0.5,
      0.5263157894736842,
      0.5555555555555556,
      0.5882352941176471,
      0.625,
      0.6666666666666666,
      0.7142857142857143,
      0.6923076923076923,
      0.75,
      0.8181818181818182,
      0.9,
      0.8888888888888888,
      1.0,
      1.0,
      1.0,
      1.0,
      1.0,
      1.0,
      1.0,
      1.0,
      1.0
    ],
    "recall": [
      1.0,
      1.0,
      1.0,
      1.0,
      1.0,
      1.0,
      1.0,
      1.0,
      1.0,
      1.0,
      1.0,
      1.0,
      1.0,
      1.0,
      1.0,
      1.0,
      1.0,
      1.0,
      1.0,
      1.0,
      1.0,
      1.0,
      1.0,
      1.0,
      1.0,
      1.0,
      1.0,
      1.0,
      1.0,
      1.0,
      1.0,
      1.0,
      1.0,
      1.0,
      1.0,
      1.0,
      1.0,
      1.0,
      1.0,
      1.0,
      1.0,
      1.0,
      1.0,
      1.0,
      1.0,
      1.0,
      1.0,
      1.0,
      1.0,
      1.0,
      0.9166666666666666,
      0.9166666666666666,
      0.9166666666666666,
      0.8333333333333334,
      0.8333333333333334,
      0.8333333333333334,
      0.8333333333333334,
      0.8333333333333334,
      0.8333333333333334,
      0.8333333333333334,
      0.8333333333333334,
      0.8333333333333334,
      0.75,
      0.75,
      0.75,
      0.75,
      0.6666666666666666,
      0.6666666666666666,
      0.5833333333333334,
      0.5,
      0.4166666666666667,
      0.3333333333333333,
      0.25,
      0.16666666666666666,
      0.08333333333333333,
      0.0
    ],
    "thresholds": [
      0.00021344932611100376,
      0.00030379369854927063,
      0.00032470663427375257,
      0.00032563009881414473,
      0.0003510330861900002,
      0.0003594248555600643,
      0.0003999031032435596,
      0.000666270381771028,
      0.0007750889053568244,
      0.0008778441115282476,
      0.0009252508752979338,
      0.0009291990427300334,
      0.0009378005634061992,
      0.0009946493664756417,
      0.0010137109784409404,
      0.001017815200611949,
      0.0010996912606060505,
      0.0011366296093910933,
      0.0011897876393049955,
      0.0012897140113636851,
      0.0019699567928910255,
      0.0021294550970196724,
      0.0026936118956655264,
      0.0031887157820165157,
      0.003330633044242859,
      0.003473320510238409,
      0.003742846893146634,
      0.00404414813965559,
      0.0042694564908742905,
      0.004748457111418247,
      0.005251393187791109,
      0.00572788342833519,
      0.006569307297468185,
      0.006769404746592045,
      0.007322733756154776,
      0.007382593583315611,
      0.008159073069691658,
      0.008596910163760185,
      0.008841268718242645,
      0.009191574528813362,
      0.010354764759540558,
      0.01269864197820425,
      0.012867236509919167,
      0.013577340170741081,
      0.01464255340397358,
      0.02206677757203579,
      0.02212553657591343,
      0.028299877420067787,
      0.03073759749531746,
      0.032718971371650696,
      0.03456807881593704,
      0.03461075201630592,
      0.03680289536714554,
      0.03962213546037674,
      0.04177570343017578,
      0.054702773690223694,
      0.058682117611169815,
      0.07818063348531723,
      0.08297868818044662,
      0.1084446981549263,
      0.13420982658863068,
      0.20773853361606598,
      0.23690566420555115,
      0.2377042919397354,
      0.2802722454071045,
      0.3362508714199066,
      0.3704105019569397,
      0.5275759696960449,
      0.7579420208930969,
      0.8593581318855286,
      0.9650103449821472,
      0.993244469165802,
      0.9943671822547913,
      0.9996922016143799,
      0.9998691082000732
    ]
  }
}