{
  "y_true": [
    0,
    0,
    0,
    0,
    0,
    0,
    0,
    0,
    0,
    0,
    0,
    0,
    0,
    0,
    0,
    0,
    0,
    0,
    0,
    0,
    0,
    0,
    0,
    0,
    0,
    0,
    0,
    0,
    0,
    0,
    0,
    0,
    0,
    0,
    0,
    0,
    0,
    0,
    0,
    0,
    0,
    0,
    0,
    0,
    0,
    0,
    0,
    0,
    0,
    0,
    0,
    0,
    0,
    0,
    0,
    0,
    0,
    0,
    0,
    0,
    0,
    0,
    0,
    1,
    1,
    1,
    1,
    1,
    1,
    1,
    1,
    1,
    1,
    1,
    1
  ],
  "y_pred": [
    0,
    0,
    0,
    0,
    0,
    0,
    0,
    0,
    0,
    0,
    0,
    0,
    0,
    0,
    0,
    0,
    0,
    0,
    0,
    0,
    0,
    0,
    0,
    0,
    0,
    0,
    0,
    0,
    0,
    0,
    0,
    0,
    0,
    0,
    0,
    0,
    0,
    0,
    0,
    0,
    0,
    0,
    0,
    0,
    0,
    0,
    0,
    0,
    0,
    0,
    0,
    0,
    0,
    0,
    0,
    0,
    0,
    0,
    0,
    0,
    0,
    0,
    0,
    1,
    1,
    1,
    1,
    1,
    0,
    0,
    0,
    1,
    0,
    1,
    1
  ],
  "y_prob": [
    0.03461075201630592,
    0.028299877420067787,
    0.1084446981549263,
    0.054702773690223694,
    0.2377042919397354,
    0.0008778441115282476,
    0.0003510330861900002,
    0.005251393187791109,
    0.01464255340397358,
    0.02212553657591343,
    0.0031887157820165157,
    0.0021294550970196724,
    0.0003999031032435596,
    0.0010996912606060505,
    0.006569307297468185,
    0.003742846893146634,
    0.008841268718242645,
    0.04177570343017578,
    0.013577340170741081,
    0.010354764759540558,
    0.007382593583315611,
    0.0011366296093910933,
    0.03456807881593704,
    0.0009378005634061992,
    0.000666270381771028,
    0.009191574528813362,
    0.0019699567928910255,
    0.03073759749531746,
    0.0026936118956655264,
    0.007322733756154776,
    0.00032563009881414473,
    0.003473320510238409,
    0.001017815200611949,
    0.3704105019569397,
    0.07818063348531723,
    0.058682117611169815,
    0.003330633044242859,
    0.13420982658863068,
    0.012867236509919167,
    0.008159073069691658,
    0.008596910163760185,
    0.01269864197820425,
    0.0012897140113636851,
    0.23690566420555115,
    0.0042694564908742905,
    0.004748457111418247,
    0.0009291990427300334,
    0.00032470663427375257,
    0.006769404746592045,
    0.0010137109784409404,
    0.2802722454071045,
    0.00030379369854927063,
    0.0007750889053568244,
    0.00572788342833519,
    0.00021344932611100376,
    0.0009252508752979338,
    0.08297868818044662,
    0.03962213546037674,
    0.00404414813965559,
    0.0011897876393049955,
    0.0009946493664756417,
    0.0003594248555600643,
    0.02206677757203579,
    0.9998691082000732,
    0.8593581318855286,
    0.993244469165802,
    0.9943671822547913,
    0.9996922016143799,
    0.3362508714199066,
    0.032718971371650696,
    0.20773853361606598,
    0.5275759696960449,
    0.03680289536714554,
    0.7579420208930969,
    0.9650103449821472
  ]
}