{
  "accuracy": 0.7333333333333333,
  "balanced_accuracy": 0.7063492063492063,
  "precision": 0.3333333333333333,
  "recall": 0.6666666666666666,
  "f1": 0.4444444444444444,
  "roc_auc": 0.7314814814814815,
  "pr_auc": 0.33911117795805196,
  "class_distribution": {
    "0": 63,
    "1": 12
  },
  "per_class_precision_recall": {
    "class_0": {
      "precision": 0.9215686274509803,
      "recall": 0.746031746031746
    },
    "class_1": {
      "precision": 0.3333333333333333,
      "recall": 0.6666666666666666
    }
  },
  "confusion_matrix": {
    "tn": 47,
    "fp": 16,
    "fn": 4,
    "tp": 8
  },
  "confusion_matrix_normalized": {
    "tn": 0.746031746031746,
    "fp": 0.25396825396825395,
    "fn": 0.3333333333333333,
    "tp": 0.6666666666666666
  },
  "threshold": 0.49999999999999994,
  "n_samples": 75,
  "mean_probability": 0.4895838499069214
}