{
  "confusion_matrix": {
    "tn": 63,
    "fp": 0,
    "fn": 5,
    "tp": 7
  },
  "confusion_matrix_normalized": {
    "tn": 1.0,
    "fp": 0.0,
    "fn": 0.4166666666666667,
    "tp": 0.5833333333333334
  }
}