{
  "precision": [
    0.16,
    0.16216216216216217,
    0.1643835616438356,
    0.16666666666666666,
    0.16901408450704225,
    0.17142857142857143,
    0.17391304347826086,
    0.17647058823529413,
    0.1791044776119403,
    0.18181818181818182,
    0.18461538461538463,
    0.1875,
    0.19047619047619047,
    0.1935483870967742,
    0.19672131147540983,
    0.2,
    0.2033898305084746,
    0.20689655172413793,
    0.21052631578947367,
    0.21428571428571427,
    0.21818181818181817,
    0.2222222222222222,
    0.22641509433962265,
    0.23076923076923078,
    0.23529411764705882,
    0.24,
    0.24489795918367346,
    0.25,
    0.2553191489361702,
    0.2608695652173913,
    0.26666666666666666,
    0.2727272727272727,
    0.27906976744186046,
    0.2857142857142857,
    0.2682926829268293,
    0.275,
    0.28205128205128205,
    0.2894736842105263,
    0.2972972972972973,
    0.3055555555555556,
    0.3142857142857143,
    0.29411764705882354,
    0.30303030303030304,
    0.3125,
    0.3225806451612903,
    0.3333333333333333,
    0.3448275862068966,
    0.35714285714285715,
    0.37037037037037035,
    0.38461538461538464,
    0.4,
    0.4166666666666667,
    0.391304347826087,
    0.4090909090909091,
    0.42857142857142855,
    0.45,
    0.47368421052631576,
    0.5,
    0.5294117647058824,
    0.5,
    0.5333333333333333,
    0.5714285714285714,
    0.6153846153846154,
    0.6666666666666666,
    0.6363636363636364,
    0.7,
    0.7777777777777778,
    0.75,
    0.8571428571428571,
    1.0,
    1.0,
    1.0,
    1.0,
    1.0,
    1.0,
    1.0
  ],
  "recall": [
    1.0,
    1.0,
    1.0,
    1.0,
    1.0,
    1.0,
    1.0,
    1.0,
    1.0,
    1.0,
    1.0,
    1.0,
    1.0,
    1.0,
    1.0,
    1.0,
    1.0,
    1.0,
    1.0,
    1.0,
    1.0,
    1.0,
    1.0,
    1.0,
    1.0,
    1.0,
    1.0,
    1.0,
    1.0,
    1.0,
    1.0,
    1.0,
    1.0,
    1.0,
    0.9166666666666666,
    0.9166666666666666,
    0.9166666666666666,
    0.9166666666666666,
    0.9166666666666666,
    0.9166666666666666,
    0.9166666666666666,
    0.8333333333333334,
    0.8333333333333334,
    0.8333333333333334,
    0.8333333333333334,
    0.8333333333333334,
    0.8333333333333334,
    0.8333333333333334,
    0.8333333333333334,
    0.8333333333333334,
    0.8333333333333334,
    0.8333333333333334,
    0.75,
    0.75,
    0.75,
    0.75,
    0.75,
    0.75,
    0.75,
    0.6666666666666666,
    0.6666666666666666,
    0.6666666666666666,
    0.6666666666666666,
    0.6666666666666666,
    0.5833333333333334,
    0.5833333333333334,
    0.5833333333333334,
    0.5,
    0.5,
    0.5,
    0.4166666666666667,
    0.3333333333333333,
    0.25,
    0.16666666666666666,
    0.08333333333333333,
    0.0
  ],
  "thresholds": [
    0.06885597109794617,
    0.0696009024977684,
    0.06988688558340073,
    0.06992515176534653,
    0.07005677372217178,
    0.07017623633146286,
    0.07038522511720657,
    0.07046274840831757,
    0.07075116783380508,
    0.07075157761573792,
    0.07086411118507385,
    0.07107799500226974,
    0.07110860198736191,
    0.07119451463222504,
    0.0712670087814331,
    0.07132658362388611,
    0.07133384793996811,
    0.07134517282247543,
    0.07137293368577957,
    0.07153269648551941,
    0.07161353528499603,
    0.0716373547911644,
    0.07167835533618927,
    0.07177972048521042,
    0.07181322574615479,
    0.07181411236524582,
    0.07193920761346817,
    0.07194235920906067,
    0.07205728441476822,
    0.07207231223583221,
    0.07211209088563919,
    0.07217942923307419,
    0.07234539091587067,
    0.07239551842212677,
    0.07253935933113098,
    0.0725923404097557,
    0.07269925624132156,
    0.0727006047964096,
    0.07274758070707321,
    0.073046013712883,
    0.073206327855587,
    0.07348617911338806,
    0.07353947311639786,
    0.07355572283267975,
    0.07360675185918808,
    0.07370448857545853,
    0.0737563967704773,
    0.07399187237024307,
    0.07427889853715897,
    0.07440383732318878,
    0.07451306283473969,
    0.07464691251516342,
    0.07475058734416962,
    0.07477599382400513,
    0.07519422471523285,
    0.07539194077253342,
    0.07542314380407333,
    0.07670307904481888,
    0.0770053043961525,
    0.07777715474367142,
    0.07842208445072174,
    0.08005363494157791,
    0.08147498220205307,
    0.08477940410375595,
    0.08507393300533295,
    0.10767541080713272,
    0.14456325769424438,
    0.1591750681400299,
    0.5080593228340149,
    0.8394072651863098,
    0.9509131908416748,
    0.9610066413879395,
    0.9721716642379761,
    0.9738688468933105,
    0.9744603633880615
  ]
}