{
  "precision": [
    0.16,
    0.16216216216216217,
    0.1643835616438356,
    0.1527777777777778,
    0.15492957746478872,
    0.15714285714285714,
    0.15942028985507245,
    0.16176470588235295,
    0.16417910447761194,
    0.16666666666666666,
    0.16923076923076924,
    0.171875,
    0.1746031746031746,
    0.1774193548387097,
    0.18032786885245902,
    0.18333333333333332,
    0.1864406779661017,
    0.1896551724137931,
    0.17543859649122806,
    0.17857142857142858,
    0.18181818181818182,
    0.18518518518518517,
    0.18867924528301888,
    0.19230769230769232,
    0.19607843137254902,
    0.2,
    0.20408163265306123,
    0.20833333333333334,
    0.2127659574468085,
    0.21739130434782608,
    0.2222222222222222,
    0.22727272727272727,
    0.23255813953488372,
    0.23809523809523808,
    0.24390243902439024,
    0.25,
    0.2564102564102564,
    0.2631578947368421,
    0.2702702702702703,
    0.2777777777777778,
    0.2857142857142857,
    0.29411764705882354,
    0.30303030303030304,
    0.28125,
    0.2903225806451613,
    0.3,
    0.3103448275862069,
    0.32142857142857145,
    0.3333333333333333,
    0.34615384615384615,
    0.36,
    0.375,
    0.391304347826087,
    0.4090909090909091,
    0.38095238095238093,
    0.4,
    0.42105263157894735,
    0.4444444444444444,
    0.47058823529411764,
    0.5,
    0.5333333333333333,
    0.5714285714285714,
    0.6153846153846154,
    0.6666666666666666,
    0.7272727272727273,
    0.8,
    0.7777777777777778,
    0.875,
    1.0,
    1.0,
    1.0,
    1.0,
    1.0,
    1.0,
    1.0,
    1.0
  ],
  "recall": [
    1.0,
    1.0,
    1.0,
    0.9166666666666666,
    0.9166666666666666,
    0.9166666666666666,
    0.9166666666666666,
    0.9166666666666666,
    0.9166666666666666,
    0.9166666666666666,
    0.9166666666666666,
    0.9166666666666666,
    0.9166666666666666,
    0.9166666666666666,
    0.9166666666666666,
    0.9166666666666666,
    0.9166666666666666,
    0.9166666666666666,
    0.8333333333333334,
    0.8333333333333334,
    0.8333333333333334,
    0.8333333333333334,
    0.8333333333333334,
    0.8333333333333334,
    0.8333333333333334,
    0.8333333333333334,
    0.8333333333333334,
    0.8333333333333334,
    0.8333333333333334,
    0.8333333333333334,
    0.8333333333333334,
    0.8333333333333334,
    0.8333333333333334,
    0.8333333333333334,
    0.8333333333333334,
    0.8333333333333334,
    0.8333333333333334,
    0.8333333333333334,
    0.8333333333333334,
    0.8333333333333334,
    0.8333333333333334,
    0.8333333333333334,
    0.8333333333333334,
    0.75,
    0.75,
    0.75,
    0.75,
    0.75,
    0.75,
    0.75,
    0.75,
    0.75,
    0.75,
    0.75,
    0.6666666666666666,
    0.6666666666666666,
    0.6666666666666666,
    0.6666666666666666,
    0.6666666666666666,
    0.6666666666666666,
    0.6666666666666666,
    0.6666666666666666,
    0.6666666666666666,
    0.6666666666666666,
    0.6666666666666666,
    0.6666666666666666,
    0.5833333333333334,
    0.5833333333333334,
    0.5833333333333334,
    0.5,
    0.4166666666666667,
    0.3333333333333333,
    0.25,
    0.16666666666666666,
    0.08333333333333333,
    0.0
  ],
  "thresholds": [
    0.08621756732463837,
    0.08633718639612198,
    0.08705184608697891,
    0.08710522204637527,
    0.08724664896726608,
    0.08742710947990417,
    0.08754023909568787,
    0.08780519664287567,
    0.08802750706672668,
    0.08811116218566895,
    0.08824560046195984,
    0.08837025612592697,
    0.08869189023971558,
    0.08877582103013992,
    0.08878882974386215,
    0.0891798809170723,
    0.0894428938627243,
    0.0897911936044693,
    0.09088464081287384,
    0.09099162369966507,
    0.09124483168125153,
    0.09138882905244827,
    0.09229861944913864,
    0.09243568032979965,
    0.0925590991973877,
    0.09273996204137802,
    0.09274018555879593,
    0.09275776147842407,
    0.09278131276369095,
    0.09279893338680267,
    0.0928361788392067,
    0.09292522817850113,
    0.09312944859266281,
    0.09402571618556976,
    0.09414979815483093,
    0.09415939450263977,
    0.09478852152824402,
    0.09494650363922119,
    0.09607689082622528,
    0.09634353965520859,
    0.09658394008874893,
    0.096743643283844,
    0.09967301040887833,
    0.10042215138673782,
    0.101811982691288,
    0.10421521961688995,
    0.10573893040418625,
    0.10632940381765366,
    0.11060634255409241,
    0.11400707811117172,
    0.11915546655654907,
    0.12076617777347565,
    0.12284407019615173,
    0.12905411422252655,
    0.13437946140766144,
    0.13555124402046204,
    0.15004245936870575,
    0.1552768498659134,
    0.15797041356563568,
    0.15824276208877563,
    0.1751508265733719,
    0.1767728179693222,
    0.227869912981987,
    0.25630563497543335,
    0.26295745372772217,
    0.27957990765571594,
    0.43993866443634033,
    0.6884884238243103,
    0.7225037813186646,
    0.744828999042511,
    0.8485807180404663,
    0.879096508026123,
    0.8897982835769653,
    0.8904687166213989,
    0.8911787867546082
  ]
}