{
  "y_true": [
    0,
    0,
    0,
    0,
    0,
    0,
    0,
    0,
    0,
    0,
    0,
    0,
    0,
    0,
    0,
    0,
    0,
    0,
    0,
    0,
    0,
    0,
    0,
    0,
    0,
    0,
    0,
    0,
    0,
    0,
    0,
    0,
    0,
    0,
    0,
    0,
    0,
    0,
    0,
    0,
    0,
    0,
    0,
    0,
    0,
    0,
    0,
    0,
    0,
    0,
    0,
    0,
    0,
    0,
    0,
    0,
    0,
    0,
    0,
    0,
    0,
    0,
    0,
    1,
    1,
    1,
    1,
    1,
    1,
    1,
    1,
    1,
    1,
    1,
    1
  ],
  "y_pred": [
    0,
    0,
    0,
    0,
    0,
    0,
    0,
    0,
    0,
    0,
    0,
    0,
    0,
    0,
    0,
    0,
    0,
    0,
    0,
    0,
    0,
    0,
    0,
    0,
    0,
    0,
    0,
    0,
    0,
    0,
    0,
    0,
    0,
    0,
    0,
    0,
    0,
    0,
    0,
    0,
    0,
    0,
    0,
    0,
    0,
    0,
    0,
    0,
    0,
    0,
    0,
    0,
    0,
    0,
    0,
    0,
    0,
    0,
    0,
    0,
    0,
    0,
    0,
    1,
    1,
    1,
    1,
    1,
    0,
    0,
    0,
    0,
    0,
    0,
    1
  ],
  "y_prob": [
    0.0712670087814331,
    0.0737563967704773,
    0.07519422471523285,
    0.08005363494157791,
    0.10767541080713272,
    0.07107799500226974,
    0.07355572283267975,
    0.1591750681400299,
    0.07539194077253342,
    0.07119451463222504,
    0.07234539091587067,
    0.07132658362388611,
    0.07842208445072174,
    0.08147498220205307,
    0.07348617911338806,
    0.0725923404097557,
    0.0696009024977684,
    0.073046013712883,
    0.07370448857545853,
    0.07360675185918808,
    0.07211209088563919,
    0.06885597109794617,
    0.07269925624132156,
    0.06988688558340073,
    0.07153269648551941,
    0.07353947311639786,
    0.07137293368577957,
    0.0727006047964096,
    0.07542314380407333,
    0.07207231223583221,
    0.07440383732318878,
    0.07194235920906067,
    0.07046274840831757,
    0.07086411118507385,
    0.07274758070707321,
    0.07253935933113098,
    0.07427889853715897,
    0.07217942923307419,
    0.08507393300533295,
    0.07477599382400513,
    0.07017623633146286,
    0.07075116783380508,
    0.07110860198736191,
    0.5080593228340149,
    0.07181411236524582,
    0.07134517282247543,
    0.07670307904481888,
    0.07005677372217178,
    0.07399187237024307,
    0.07177972048521042,
    0.07038522511720657,
    0.07181322574615479,
    0.07205728441476822,
    0.07451306283473969,
    0.07133384793996811,
    0.07161353528499603,
    0.07475058734416962,
    0.0716373547911644,
    0.07167835533618927,
    0.06992515176534653,
    0.07075157761573792,
    0.07193920761346817,
    0.07777715474367142,
    0.9738688468933105,
    0.8394072651863098,
    0.9721716642379761,
    0.9610066413879395,
    0.9744603633880615,
    0.07464691251516342,
    0.07239551842212677,
    0.08477940410375595,
    0.0770053043961525,
    0.073206327855587,
    0.14456325769424438,
    0.9509131908416748
  ]
}