{
  "y_true": [
    0,
    0,
    0,
    0,
    0,
    0,
    0,
    0,
    0,
    0,
    0,
    0,
    0,
    0,
    0,
    0,
    0,
    0,
    0,
    0,
    0,
    0,
    0,
    0,
    0,
    0,
    0,
    0,
    0,
    0,
    0,
    0,
    0,
    0,
    0,
    0,
    0,
    0,
    0,
    0,
    0,
    0,
    0,
    0,
    0,
    0,
    0,
    0,
    0,
    0,
    0,
    0,
    0,
    0,
    0,
    0,
    0,
    0,
    0,
    0,
    0,
    0,
    0,
    1,
    1,
    1,
    1,
    1,
    1,
    1,
    1,
    1,
    1,
    1,
    1
  ],
  "y_pred": [
    0,
    0,
    0,
    0,
    0,
    0,
    0,
    0,
    0,
    0,
    0,
    0,
    0,
    0,
    0,
    0,
    0,
    0,
    0,
    0,
    0,
    0,
    0,
    0,
    0,
    0,
    0,
    0,
    0,
    0,
    0,
    0,
    0,
    0,
    0,
    0,
    0,
    0,
    0,
    0,
    0,
    0,
    0,
    0,
    0,
    0,
    0,
    0,
    0,
    0,
    0,
    0,
    0,
    0,
    0,
    0,
    0,
    0,
    0,
    0,
    0,
    0,
    0,
    1,
    1,
    1,
    1,
    1,
    0,
    0,
    0,
    0,
    0,
    1,
    1
  ],
  "y_prob": [
    0.08877582103013992,
    0.08869189023971558,
    0.11060634255409241,
    0.43993866443634033,
    0.26295745372772217,
    0.0891798809170723,
    0.09099162369966507,
    0.227869912981987,
    0.09414979815483093,
    0.09124483168125153,
    0.09292522817850113,
    0.09138882905244827,
    0.1767728179693222,
    0.12076617777347565,
    0.09494650363922119,
    0.096743643283844,
    0.09274018555879593,
    0.15797041356563568,
    0.09607689082622528,
    0.0928361788392067,
    0.08837025612592697,
    0.08621756732463837,
    0.15824276208877563,
    0.08724664896726608,
    0.08742710947990417,
    0.11400707811117172,
    0.10632940381765366,
    0.09278131276369095,
    0.09312944859266281,
    0.08811116218566895,
    0.09229861944913864,
    0.09088464081287384,
    0.08780519664287567,
    0.09415939450263977,
    0.10573893040418625,
    0.101811982691288,
    0.10421521961688995,
    0.09279893338680267,
    0.1552768498659134,
    0.13555124402046204,
    0.09478852152824402,
    0.0894428938627243,
    0.09658394008874893,
    0.6884884238243103,
    0.11915546655654907,
    0.09402571618556976,
    0.12284407019615173,
    0.09243568032979965,
    0.10042215138673782,
    0.08633718639612198,
    0.15004245936870575,
    0.08878882974386215,
    0.09275776147842407,
    0.0925590991973877,
    0.08802750706672668,
    0.08710522204637527,
    0.09634353965520859,
    0.25630563497543335,
    0.09273996204137802,
    0.08824560046195984,
    0.08754023909568787,
    0.13437946140766144,
    0.1751508265733719,
    0.8904687166213989,
    0.8485807180404663,
    0.8897982835769653,
    0.879096508026123,
    0.8911787867546082,
    0.09967301040887833,
    0.0897911936044693,
    0.27957990765571594,
    0.12905411422252655,
    0.08705184608697891,
    0.744828999042511,
    0.7225037813186646
  ]
}