{
  "confusion_matrix": {
    "tn": 51,
    "fp": 12,
    "fn": 8,
    "tp": 4
  },
  "confusion_matrix_normalized": {
    "tn": 0.8095238095238095,
    "fp": 0.19047619047619047,
    "fn": 0.6666666666666666,
    "tp": 0.3333333333333333
  }
}