{
  "accuracy": 0.8933333333333333,
  "balanced_accuracy": 0.8353174603174602,
  "precision": 0.6428571428571429,
  "recall": 0.75,
  "f1": 0.6923076923076924,
  "roc_auc": 0.9166666666666667,
  "pr_auc": 0.815436507936508,
  "class_distribution": {
    "0": 63,
    "1": 12
  },
  "per_class_precision_recall": {
    "class_0": {
      "precision": 0.9508196721311475,
      "recall": 0.9206349206349206
    },
    "class_1": {
      "precision": 0.6428571428571429,
      "recall": 0.75
    }
  },
  "confusion_matrix": {
    "tn": 58,
    "fp": 5,
    "fn": 3,
    "tp": 9
  },
  "confusion_matrix_normalized": {
    "tn": 0.9206349206349206,
    "fp": 0.07936507936507936,
    "fn": 0.25,
    "tp": 0.75
  },
  "threshold": 0.2,
  "n_samples": 75,
  "mean_probability": 0.15315848588943481
}