{
  "precision": [
    0.16,
    0.16216216216216217,
    0.1643835616438356,
    0.16666666666666666,
    0.16901408450704225,
    0.17142857142857143,
    0.17391304347826086,
    0.17647058823529413,
    0.1791044776119403,
    0.18181818181818182,
    0.18461538461538463,
    0.1875,
    0.19047619047619047,
    0.1935483870967742,
    0.19672131147540983,
    0.2,
    0.2033898305084746,
    0.20689655172413793,
    0.21052631578947367,
    0.21428571428571427,
    0.21818181818181817,
    0.2222222222222222,
    0.22641509433962265,
    0.23076923076923078,
    0.23529411764705882,
    0.24,
    0.24489795918367346,
    0.25,
    0.2553191489361702,
    0.2608695652173913,
    0.26666666666666666,
    0.2727272727272727,
    0.27906976744186046,
    0.2857142857142857,
    0.2926829268292683,
    0.3,
    0.3076923076923077,
    0.3157894736842105,
    0.32432432432432434,
    0.3333333333333333,
    0.34285714285714286,
    0.35294117647058826,
    0.36363636363636365,
    0.375,
    0.3548387096774194,
    0.36666666666666664,
    0.3793103448275862,
    0.39285714285714285,
    0.4074074074074074,
    0.4230769230769231,
    0.44,
    0.4583333333333333,
    0.4782608695652174,
    0.45454545454545453,
    0.47619047619047616,
    0.5,
    0.5263157894736842,
    0.5555555555555556,
    0.5882352941176471,
    0.625,
    0.6666666666666666,
    0.7142857142857143,
    0.7692307692307693,
    0.8333333333333334,
    0.9090909090909091,
    0.9,
    0.8888888888888888,
    0.875,
    1.0,
    1.0,
    1.0,
    1.0,
    1.0,
    1.0,
    1.0,
    1.0
  ],
  "recall": [
    1.0,
    1.0,
    1.0,
    1.0,
    1.0,
    1.0,
    1.0,
    1.0,
    1.0,
    1.0,
    1.0,
    1.0,
    1.0,
    1.0,
    1.0,
    1.0,
    1.0,
    1.0,
    1.0,
    1.0,
    1.0,
    1.0,
    1.0,
    1.0,
    1.0,
    1.0,
    1.0,
    1.0,
    1.0,
    1.0,
    1.0,
    1.0,
    1.0,
    1.0,
    1.0,
    1.0,
    1.0,
    1.0,
    1.0,
    1.0,
    1.0,
    1.0,
    1.0,
    1.0,
    0.9166666666666666,
    0.9166666666666666,
    0.9166666666666666,
    0.9166666666666666,
    0.9166666666666666,
    0.9166666666666666,
    0.9166666666666666,
    0.9166666666666666,
    0.9166666666666666,
    0.8333333333333334,
    0.8333333333333334,
    0.8333333333333334,
    0.8333333333333334,
    0.8333333333333334,
    0.8333333333333334,
    0.8333333333333334,
    0.8333333333333334,
    0.8333333333333334,
    0.8333333333333334,
    0.8333333333333334,
    0.8333333333333334,
    0.75,
    0.6666666666666666,
    0.5833333333333334,
    0.5833333333333334,
    0.5,
    0.4166666666666667,
    0.3333333333333333,
    0.25,
    0.16666666666666666,
    0.08333333333333333,
    0.0
  ],
  "thresholds": [
    0.0023272044491022825,
    0.003318728879094124,
    0.0038770774845033884,
    0.0038901413790881634,
    0.003988089971244335,
    0.004494094289839268,
    0.00535536790266633,
    0.006629147566854954,
    0.006679910235106945,
    0.0068923658691346645,
    0.007130537647753954,
    0.0077248914167284966,
    0.00846125464886427,
    0.008511939086019993,
    0.008606486022472382,
    0.009098908863961697,
    0.009970618411898613,
    0.010114310309290886,
    0.010201800614595413,
    0.01032094657421112,
    0.011165788397192955,
    0.012501419521868229,
    0.013859828934073448,
    0.014178850688040257,
    0.016871413215994835,
    0.01892857626080513,
    0.019058872014284134,
    0.019704150035977364,
    0.020179398357868195,
    0.02061592973768711,
    0.022843504324555397,
    0.023426342755556107,
    0.023847784847021103,
    0.023994000628590584,
    0.025191765278577805,
    0.025626584887504578,
    0.028201254084706306,
    0.028262397274374962,
    0.03264180198311806,
    0.03299792855978012,
    0.034611817449331284,
    0.04000972956418991,
    0.04020193964242935,
    0.0408889539539814,
    0.04164493456482887,
    0.04257562384009361,
    0.04576583951711655,
    0.05594652146100998,
    0.058998096734285355,
    0.07502973824739456,
    0.08750945329666138,
    0.08796095848083496,
    0.10501015931367874,
    0.1517350971698761,
    0.17436523735523224,
    0.18114343285560608,
    0.20026253163814545,
    0.2119060903787613,
    0.2396833300590515,
    0.255553662776947,
    0.26193806529045105,
    0.4014190435409546,
    0.4476512670516968,
    0.4533011019229889,
    0.4547840356826782,
    0.47611796855926514,
    0.6002812385559082,
    0.7006116509437561,
    0.958516538143158,
    0.9756340384483337,
    0.9873015880584717,
    0.9948029518127441,
    0.9985219836235046,
    0.9994831085205078,
    0.9997822642326355
  ]
}