{
  "y_true": [
    0,
    0,
    0,
    0,
    0,
    0,
    0,
    0,
    0,
    0,
    0,
    0,
    0,
    0,
    0,
    0,
    0,
    0,
    0,
    0,
    0,
    0,
    0,
    0,
    0,
    0,
    0,
    0,
    0,
    0,
    0,
    0,
    0,
    0,
    0,
    0,
    0,
    0,
    0,
    0,
    0,
    0,
    0,
    0,
    0,
    0,
    0,
    0,
    0,
    0,
    0,
    0,
    0,
    0,
    0,
    0,
    0,
    0,
    0,
    0,
    0,
    0,
    0,
    1,
    1,
    1,
    1,
    1,
    1,
    1,
    1,
    1,
    1,
    1,
    1
  ],
  "y_pred": [
    0,
    0,
    1,
    0,
    0,
    0,
    0,
    0,
    0,
    0,
    0,
    0,
    0,
    0,
    0,
    0,
    0,
    0,
    0,
    0,
    0,
    0,
    0,
    0,
    0,
    0,
    0,
    0,
    0,
    0,
    0,
    0,
    0,
    0,
    0,
    0,
    0,
    0,
    0,
    0,
    0,
    0,
    0,
    0,
    0,
    0,
    0,
    0,
    0,
    0,
    0,
    0,
    0,
    0,
    0,
    0,
    0,
    0,
    0,
    0,
    0,
    0,
    0,
    1,
    1,
    1,
    1,
    1,
    0,
    0,
    0,
    1,
    0,
    1,
    1
  ],
  "y_prob": [
    0.08750945329666138,
    0.028201254084706306,
    0.7006116509437561,
    0.2396833300590515,
    0.4476512670516968,
    0.012501419521868229,
    0.0077248914167284966,
    0.01892857626080513,
    0.05594652146100998,
    0.04020193964242935,
    0.02061592973768711,
    0.03299792855978012,
    0.025191765278577805,
    0.004494094289839268,
    0.01032094657421112,
    0.009098908863961697,
    0.058998096734285355,
    0.255553662776947,
    0.04576583951711655,
    0.023994000628590584,
    0.014178850688040257,
    0.010114310309290886,
    0.08796095848083496,
    0.006629147566854954,
    0.011165788397192955,
    0.013859828934073448,
    0.008511939086019993,
    0.04257562384009361,
    0.022843504324555397,
    0.009970618411898613,
    0.003988089971244335,
    0.008606486022472382,
    0.00846125464886427,
    0.18114343285560608,
    0.20026253163814545,
    0.17436523735523224,
    0.025626584887504578,
    0.2119060903787613,
    0.04000972956418991,
    0.028262397274374962,
    0.023847784847021103,
    0.010201800614595413,
    0.019058872014284134,
    0.26193806529045105,
    0.03264180198311806,
    0.04164493456482887,
    0.023426342755556107,
    0.0038770774845033884,
    0.016871413215994835,
    0.0068923658691346645,
    0.4014190435409546,
    0.0023272044491022825,
    0.006679910235106945,
    0.019704150035977364,
    0.003318728879094124,
    0.00535536790266633,
    0.4533011019229889,
    0.07502973824739456,
    0.034611817449331284,
    0.0038901413790881634,
    0.020179398357868195,
    0.007130537647753954,
    0.1517350971698761,
    0.9997822642326355,
    0.958516538143158,
    0.9948029518127441,
    0.9985219836235046,
    0.9994831085205078,
    0.4547840356826782,
    0.10501015931367874,
    0.47611796855926514,
    0.6002812385559082,
    0.0408889539539814,
    0.9756340384483337,
    0.9873015880584717
  ]
}